,depth_m,temperature_C,salinity_PSU,turbidity_NTU,sound_speed_mps_mackenzie,sound_speed_data_mps,sound_speed_delta_mps,profile_depth_max_m
0,1,14.4192,24.1784,0.5541,1491.95729,1473.875,18.08229014,21
1,2,14.51465,34.82145,0.5238,1504.9684,1473.875,31.09339968,21
2,5,14.2642,35.93365,0.7444,1505.540125,1473.875,31.66512521,21
3,10,14.1165,35.96055,0.8524,1505.178267,1473.875,31.30326662,21
4,20,14.0787,35.9849,1.2605,1505.248443,1473.875,31.37344282,21
5,1,16.831,25.0571,0.57535,1500.745861,1432.255,68.49086116,31
6,2,16.6497,34.94135,0.5547,1511.755161,1432.255,79.50016093,31
7,5,15.75525,36.10045,0.5577,1510.433185,1432.255,78.17818479,31
8,10,15.37495,36.0681,0.56575,1509.297087,1432.255,77.04208692,31
9,20,15.15875,36.0509,0.7584,1508.763803,1432.255,76.50880266,31
10,30,15.16045,36.0495,0.854,1508.930559,1457.75,51.18055857,31
11,1,20.59985,26.35295,1.92365,1513.356511,1502.505,10.851511,77
12,2,20.50165,34.6538,1.2017,1522.476595,1502.505,19.97159521,77
13,5,20.4868,36.08925,0.7307,1524.107185,1502.505,21.60218514,77
14,10,20.4806,36.08725,0.72445,1524.169662,1502.505,21.66466189,77
15,20,20.45735,36.08175,0.72465,1524.26356,1502.505,21.75855981,77
16,30,20.39825,36.08395,0.73525,1524.268963,1512.095,12.1739627,77
17,50,20.27495,36.1237,0.69385,1524.305211,1512.095,12.21021093,77
18,75,20.1224,36.11695,0.71045,1524.289516,1518.265,6.024516127,77
19,1,28.29495,32.3006,0.956,1538.957897,1505.53,33.42789723,422
20,2,28.30875,32.44345,0.93505,1539.154346,1505.53,33.62434561,422
21,5,28.3405,32.4543,0.8861,1539.283976,1505.53,33.75397563,422
22,10,28.3984,33.5059,0.86035,1540.5948,1505.53,35.06480041,422
23,20,28.64265,34.865,0.8541,1542.707654,1505.53,37.17765386,422
24,30,28.7168,35.5083,0.855,1543.701778,1515.655,28.04677837,422
25,50,23.9928,36.3319,0.86805,1534.129711,1515.655,18.47471103,422
26,75,21.50335,36.49305,0.8466,1528.412013,1520.465,7.947012658,422
27,100,19.2398,36.40825,1.0806,1522.58787,1520.465,2.122869853,422
28,150,14.34535,35.8512,0.8391,1508.069464,1518.01,-9.940535984,422
29,200,12.6735,35.58895,0.77275,1503.087443,1515.275,-12.1875567,422
30,300,11.25135,35.36205,0.77645,1499.586851,1511.505,-11.91814861,422
31,400,9.48535,35.12525,0.71935,1494.639759,1509.235,-14.59524101,422
32,1,25.3777,33.7028,1.5891,1533.805327,1525.515,8.290326954,404
33,2,25.3851,33.6959,0.92445,1533.83172,1525.515,8.316719611,404
34,5,25.3835,33.7718,0.99225,1533.958789,1525.515,8.443788573,404
35,10,25.37655,33.77275,1.0476,1534.024855,1525.515,8.509855261,404
36,20,22.79665,35.07295,1.0494,1529.274491,1525.515,3.759490581,404
37,30,22.7382,35.8768,1.0156,1530.178671,1517.37,12.80867066,404
38,50,22.0538,36.4836,0.9804,1529.426423,1517.37,12.05642255,404
39,75,20.11015,36.5565,1.03235,1524.75442,1525.515,-0.76058017,404
40,100,18.3369,36.3971,1.0289,1520.015345,1525.515,-5.499654561,404
41,150,16.346,36.16415,1.00055,1514.683127,1525.515,-10.83187326,404
42,200,14.6903,35.9059,0.9835,1510.053605,1525.515,-15.46139493,404
43,300,12.0254,35.48315,1.01145,1502.404033,1525.515,-23.11096737,404
44,400,10.113,35.20755,1.02375,1497.012715,1517.37,-20.35728485,404
45,1,25.15925,29.97355,3.49825,1529.250244,1502.2,27.050244,64
46,2,25.3988,33.8871,1.28565,1534.07062,1502.2,31.87061978,64
47,5,25.40145,33.82335,0.99775,1534.05697,1502.2,31.85697029,64
48,10,25.37615,33.8235,1.0132,1534.078712,1502.2,31.87871179,64
49,20,23.25145,34.96195,1.05505,1530.300764,1502.2,28.10076386,64
50,30,23.19625,35.7283,1.05315,1531.169889,1502.2,28.96988933,64
51,50,22.4018,36.5334,1.0525,1530.375994,1493.14,37.23599445,64
52,1,19.50515,23.21495,2.3762,1506.671208,1495.52,11.15120768,392
53,2,19.39115,33.35875,0.91465,1517.931361,1495.52,22.41136078,392
54,5,19.10435,36.03295,0.5429,1520.228422,1495.52,24.70842217,392
55,10,19.2444,36.21255,0.60335,1520.908466,1495.52,25.38846583,392
56,20,19.3963,36.35325,0.67385,1521.656629,1495.52,26.13662903,392
57,30,19.26595,36.35785,0.6999,1521.460949,1505.075,16.38594905,392
58,50,19.04475,36.3259,0.7348,1521.129861,1505.075,16.0548615,392
59,75,18.4921,36.2042,0.9184,1519.82981,1507.42,12.40981005,392
60,100,16.65995,36.16325,0.78695,1514.813892,1511.7,3.113891936,392
61,150,14.7141,35.9081,0.8891,1509.313928,1511.795,-2.481071537,392
62,200,13.11945,35.6562,0.7828,1504.65592,1510.715,-6.059079647,392
63,300,11.71005,35.43935,0.91595,1501.269763,1509.335,-8.065237273,392
64,1,18.73915,25.36645,0.3467,1506.886034,1448.255,58.63103424,1097
65,2,21.3983,33.2939,0.35075,1523.359933,1448.255,75.10493315,1097
66,5,21.9693,35.4414,0.3919,1527.312144,1448.255,79.05714365,1097
67,10,21.97635,35.44455,0.4014,1527.415494,1448.255,79.16049377,1097
68,20,21.9956,35.45725,0.4212,1527.642719,1448.255,79.38771854,1097
69,30,21.99435,35.45435,0.43685,1527.799323,1480.155,47.64432273,1097
70,50,22.8839,36.389,0.43875,1531.440173,1480.155,51.2851734,1097
71,75,20.62435,36.5954,0.3742,1526.191774,1501.99,24.20177439,1097
72,100,19.225,36.4962,0.3859,1522.646954,1502.885,19.76195436,1097
73,150,17.20175,36.29245,0.37475,1517.399782,1505.94,11.45978198,1097
74,200,14.9965,35.971,0.35285,1511.099662,1506.03,5.06966226,1097
75,300,12.24395,35.5153,0.3368,1503.186948,1505.255,-2.068052057,1097
76,400,10.255,35.23335,0.38235,1497.553272,1503.45,-5.896727622,1097
77,500,8.5149,35.01355,0.41845,1492.56097,1501.85,-9.289030048,1097
78,750,6.06155,34.9043,0.447,1487.087734,1499.17,-12.08226642,1097
79,1000,5.03265,34.93145,0.46235,1487.127369,1497.015,-9.887631494,1097
80,1,28.45725,32.1414,0.9625,1539.145144,1526.53,12.61514427,400
81,2,28.4445,32.14805,0.8478,1539.140638,1526.53,12.61063819,400
82,5,28.5159,32.29275,0.8571,1539.496564,1526.53,12.96656445,400
83,10,28.8301,34.03415,0.8482,1542.07646,1526.53,15.54645974,400
84,20,28.92815,35.3563,0.84945,1543.828137,1526.53,17.29813733,400
85,30,28.83655,35.56255,0.8237,1544.01266,1527.695,16.31765953,400
86,50,24.04655,36.34085,0.84865,1534.270661,1527.695,6.575661014,400
87,75,21.45835,36.4462,0.9298,1528.241385,1527.695,0.546384618,400
88,100,19.5728,36.442,0.86075,1523.554118,1525.495,-1.940881932,400
89,150,16.86715,36.25755,0.7695,1516.362811,1525.495,-9.132189268,400
90,200,14.7198,35.9038,0.7473,1510.144794,1520.345,-10.20020592,400
91,300,11.5967,35.4195,0.74155,1500.854805,1520.345,-19.49019488,400
92,400,9.575,35.1378,0.7059,1494.981975,1518.19,-23.20802535,400
93,1,24.3353,23.86785,1.27985,1520.569997,1493.415,27.15499697,1077
94,2,25.51995,32.6799,1.09775,1533.055066,1493.415,39.64006569,1077
95,5,25.4631,32.9528,1.1491,1533.263499,1493.415,39.84849909,1077
96,10,24.5453,34.1171,1.1614,1532.405065,1487.07,45.33506508,1077
97,20,22.63405,35.80465,1.18485,1529.670895,1493.415,36.25589457,1077
98,30,22.4673,36.3282,1.20065,1529.989295,1493.415,36.57429479,1077
99,50,21.0054,36.3063,1.0847,1526.477984,1499.76,26.71798375,1077
100,75,20.05245,36.2856,1.15645,1524.289456,1503.195,21.09445629,1077
101,100,19.2377,36.47835,1.13695,1522.662103,1503.195,19.4671025,1077
102,150,16.4961,36.192,1.11925,1515.170415,1503.195,11.97541465,1077
103,200,14.6819,35.90015,1.08615,1510.020075,1503.195,6.825075088,1077
104,300,11.6301,35.42085,1.03645,1500.971709,1503.195,-2.223290535,1077
105,400,9.5484,35.13535,1.03805,1494.882098,1503.195,-8.312901887,1077
106,500,8.2101,34.9898,1.01275,1491.38708,1504.4,-13.01291971,1077
107,750,6.2075,34.90045,0.9485,1487.66191,1504.4,-16.73808991,1077
108,1000,5.08655,34.9292,0.9414,1487.343978,1500.25,-12.90602151,1077
109,1,24.28205,29.51085,2.26195,1526.591482,1493.795,32.79648191,1006
110,2,24.64855,35.8131,1.1959,1534.368839,1493.795,40.57383871,1006
111,5,24.69465,36.62785,0.6321,1535.413872,1493.795,41.61887194,1006
112,10,24.6943,36.6305,0.5783,1535.497429,1493.795,41.70242856,1006
113,20,24.6852,36.62985,0.6065,1535.638029,1493.795,41.84302912,1006
114,30,24.6224,36.6268,0.5734,1535.647584,1505.275,30.37258389,1006
115,50,21.7625,36.5035,0.6622,1528.69313,1505.275,23.41812978,1006
116,75,19.74985,36.44445,0.6779,1523.638376,1505.275,18.36337609,1006
117,100,18.80445,36.51285,0.68305,1521.481748,1505.275,16.20674757,1006
118,150,16.42375,36.19235,0.73155,1514.951918,1511.17,3.781917741,1006
119,200,14.6108,35.89295,0.80345,1509.785346,1511.17,-1.384653868,1006
120,300,11.0365,35.33605,0.76075,1498.804359,1508.385,-9.580641097,1006
121,400,9.35075,35.1153,0.7882,1494.135581,1505.735,-11.5994187,1006
122,500,8.0482,34.97505,0.83415,1490.75724,1503.49,-12.73276039,1006
123,750,5.9961,34.90365,0.77805,1486.826541,1500.32,-13.49345942,1006
124,1000,4.9669,34.93535,0.86285,1486.86424,1497.77,-10.90575992,1006
125,1,19.4071,24.5677,8.23395,1507.92874,1479.13,28.79874017,396
126,2,19.7991,36.2226,0.52215,1522.331067,1479.13,43.20106666,396
127,5,19.8277,36.4161,0.52895,1522.678763,1479.13,43.54876322,396
128,10,19.80395,36.41445,0.6116,1522.69299,1479.13,43.56299031,396
129,20,19.53775,36.40675,0.8315,1522.111114,1479.13,42.98111429,396
130,30,19.43195,36.41845,0.919,1521.993419,1496.815,25.17841907,396
131,50,19.3846,36.41865,0.9805,1522.188001,1496.815,25.37300145,396
132,75,18.70255,36.2651,1.0161,1520.499982,1496.815,23.68498208,396
133,100,18.4083,36.2076,0.98835,1520.001955,1509.54,10.46195494,396
134,150,16.29725,36.14035,1.00555,1514.507137,1510.735,3.772137494,396
135,200,13.63845,35.7446,1.00295,1506.47084,1510.24,-3.769160257,396
136,300,11.18595,35.3569,1.0986,1499.352502,1509.28,-9.927497929,396
137,1,20.29605,28.6026,2.19095,1515.049875,1493.19,21.85987461,1000
138,2,20.1658,34.7457,1.0956,1521.663197,1493.19,28.47319656,1000
139,5,20.1544,35.2653,0.7501,1522.269737,1493.19,29.07973666,1000
140,10,20.16995,35.3138,0.7435,1522.448804,1493.19,29.25880361,1000
141,20,20.16995,35.53645,0.77375,1522.864174,1493.19,29.67417365,1000
142,30,20.02785,35.627,0.7591,1522.740493,1501.7,21.04049299,1000
143,50,21.0159,36.28945,0.8469,1526.486998,1501.7,24.78699805,1000
144,75,20.53465,36.3672,0.81555,1525.692438,1501.7,23.99243775,1000
145,100,19.10245,36.46585,0.68125,1522.268557,1508.68,13.5885572,1000
146,150,16.74895,36.2145,0.67275,1515.95835,1508.68,7.27835003,1000
147,200,15.14165,35.97375,0.6623,1511.559307,1508.865,2.694306828,1000
148,300,10.9179,35.3235,0.67725,1498.372791,1506.885,-8.512208592,1000
149,400,8.88475,35.0583,0.66495,1492.348682,1504.295,-11.94631821,1000
150,500,8.1078,34.9827,0.69045,1490.992186,1502.22,-11.22781385,1000
151,750,6.06235,34.9024,0.62565,1487.088485,1499.52,-12.43151451,1000
152,1000,5.1521,34.9274,0.63,1487.608228,1497.56,-9.951771581,1000
153,1,28.31335,30.64735,3.6001,1537.262571,1497.99,39.27257071,1099
154,2,28.47345,32.3743,0.7927,1539.440838,1497.99,41.45083819,1099
155,5,28.52185,32.72285,0.7929,1539.960087,1497.99,41.97008684,1099
156,10,29.04235,34.7394,0.7969,1543.263152,1497.99,45.2731524,1099
157,20,28.8386,35.38835,0.78135,1543.671984,1497.99,45.68198368,1099
158,30,28.8406,35.5739,0.7951,1544.033093,1521.08,22.9530926,1099
159,50,23.5472,36.28995,0.8216,1532.988231,1509.385,23.60323115,1099
160,75,21.56835,36.43225,0.87105,1528.514379,1509.385,19.12937867,1099
161,100,19.3202,36.43015,0.81675,1522.837684,1514.7,8.137683827,1099
162,150,16.9442,36.266,0.73355,1516.602915,1514.7,1.902914831,1099
163,200,14.63295,35.89815,0.723,1509.862038,1511.38,-1.517961892,1099
164,300,11.4682,35.3985,0.70455,1500.384775,1508.79,-8.405224523,1099
165,400,9.52185,35.13195,0.68825,1494.781157,1507.705,-12.92384327,1099
166,500,8.3269,34.996,0.68225,1491.834329,1504.835,-13.00067091,1099
167,750,6.18755,34.90105,0.6725,1487.583641,1501,-13.4163587,1099
168,1000,5.27445,34.92345,0.67915,1488.099567,1498.81,-10.71043264,1099
169,1,19.9825,23.64305,0.41695,1508.539113,1467.415,41.12411298,1093
170,2,19.8331,33.10815,0.56235,1518.884543,1467.415,51.46954336,1093
171,5,19.7435,36.4189,0.6145,1522.449857,1467.415,55.03485685,1093
172,10,19.6597,36.42705,0.67395,1522.309113,1467.415,54.89411257,1093
173,20,19.5821,36.4291,0.71575,1522.259611,1467.415,54.84461061,1093
174,30,19.39335,36.40375,0.79165,1521.869121,1487.995,33.87412054,1093
175,50,19.13825,36.3522,0.75625,1521.422845,1487.995,33.42784481,1093
176,75,18.56645,36.22195,0.882,1520.062679,1487.995,32.06767923,1093
177,100,18.3532,36.191,0.91965,1519.824729,1502.705,17.11972926,1093
178,150,16.13265,36.1198,0.8618,1513.981547,1504.39,9.591547431,1093
179,200,13.84595,35.7704,0.83255,1507.178219,1504.18,2.998218795,1093
180,300,11.12505,35.34985,0.81475,1499.131161,1503.265,-4.133838953,1093
181,400,9.34755,35.11345,0.8156,1494.121567,1501.3,-7.178433296,1093
182,500,8.2288,34.9924,0.80845,1491.460792,1499.64,-8.179208144,1093
183,750,5.9197,34.90415,0.7253,1486.52273,1497.16,-10.6372702,1093
184,1000,4.93885,34.9363,0.8401,1486.750936,1495.595,-8.844063684,1093
185,1,24.43995,27.63715,1.0568,1524.942597,1499.28,25.66259737,500
186,2,25.40925,33.56655,1.0521,1533.749305,1499.28,34.46930536,500
187,5,25.22565,33.01185,1.03895,1532.762006,1499.28,33.48200648,500
188,10,23.6924,35.16505,1.0757,1531.460219,1499.28,32.18021877,500
189,20,22.2635,35.6922,1.0659,1528.597151,1501.92,26.67715143,500
190,30,22.4726,36.2594,1.1147,1529.926483,1496.64,33.28648329,500
191,50,20.9756,36.3207,1.1147,1526.414775,1496.64,29.77477467,500
192,75,19.7074,36.23915,1.0687,1523.287558,1499.28,24.00755811,500
193,100,19.2128,36.49825,1.04655,1522.615138,1499.28,23.33513784,500
194,150,16.46745,36.181,1.0436,1515.070898,1499.28,15.79089773,500
195,200,14.5197,35.8756,1.0497,1509.474266,1499.28,10.19426605,500
196,300,11.59095,35.4156,1.00845,1500.83019,1502.4,-1.56980963,500
197,400,9.49405,35.12725,0.98385,1494.673974,1502.4,-7.726025521,500
198,500,8.2607,34.9945,0.9756,1491.583525,1502.88,-11.2964749,500
199,1,20.8592,23.50715,1.1905,1510.874318,1487.495,23.37931844,426
200,2,20.4569,33.15355,0.7902,1520.659081,1487.495,33.16408148,426
201,5,20.2464,36.48955,0.4929,1523.907884,1487.495,36.41288415,426
202,10,20.20865,36.4878,0.8832,1523.884682,1487.495,36.38968153,426
203,20,20.004,36.47575,1.3721,1523.475199,1487.495,35.98019913,426
204,30,19.70775,36.47165,1.6185,1522.818824,1502.79,20.02882372,426
205,50,19.31025,36.3797,1.7685,1521.936031,1502.79,19.14603099,426
206,75,19.25045,36.36035,1.8901,1522.154718,1513.02,9.134717938,426
207,100,19.2072,36.34865,2.2905,1522.428442,1513.02,9.408442436,426
208,150,18.9652,36.32395,2.68175,1522.536714,1514.835,7.701713859,426
209,200,17.07195,36.2774,2.7435,1517.814744,1515.6,2.214743735,426
210,300,13.32575,35.68875,2.65615,1507.015342,1514.84,-7.824658435,426
211,400,10.6218,35.2752,2.488,1498.910187,1513.23,-14.31981277,426
212,1,26.26085,36.0071,1.0646,1538.33959,1517.98,20.35958959,2110
213,2,26.25605,36.01265,0.92795,1538.350859,1517.98,20.37085947,2110
214,5,26.25535,36.04965,0.937,1538.437785,1517.98,20.45778518,2110
215,10,25.80425,36.2418,0.9334,1537.687721,1517.98,19.70772102,2110
216,20,25.34465,36.2551,1.1178,1536.793736,1517.98,18.81373569,2110
217,30,24.7019,36.2387,1.1887,1535.415906,1497.38,38.03590622,2110
218,50,21.9565,36.380725,1.48,1529.06007,1517.98,11.0800703,2110
219,75,20.39065,36.4525,1.5289,1525.399461,1517.98,7.419460578,2110
220,100,19.2179,36.5821,1.5622,1522.725261,1517.98,4.745261012,2110
221,150,17.0984,36.2873,1.9108,1517.087046,1538.58,-21.49295371,2110
222,200,15.0389,35.95895,1.6636,1511.218873,1517.98,-6.761127141,2110
223,300,12.2495,35.5187,1.697,1503.20991,1509.93,-6.720089672,2110
224,400,10.1467,35.2157,1.9694,1497.143682,1522.48,-25.33631832,2110
225,500,8.28185,34.9903,1.50655,1491.657826,1509.93,-18.27217425,2110
226,750,6.0723,34.90185,1.37375,1487.127327,1502.12,-14.99267304,2110
227,1000,5.0511,34.9299,1.29765,1487.200542,1502.12,-14.91945831,2110
228,1250,4.49545,34.9537,1.2643,1489.118831,1498.475,-9.356168628,2110
229,1500,4.32285,34.96285,1.25315,1492.602546,1498.475,-5.87245381,2110
230,2000,4.27815,34.968,1.4141,1500.852897,1497.3,3.552897025,2110
231,1,21.26825,32.0512,0.86645,1521.602143,1491.34,30.26214343,2119
232,2,21.43385,36.93865,0.7,1527.537839,1491.34,36.19783866,2119
233,5,21.4167,36.3045,0.69605,1526.831167,1491.34,35.49116722,2119
234,10,21.36455,36.30235,0.6928,1526.772886,1491.34,35.43288642,2119
235,20,21.3107,36.29945,0.6903,1526.790605,1491.34,35.4506053,2119
236,30,21.3033,36.29975,0.7012,1526.934484,1501.7,25.2344836,2119
237,50,21.30225,36.29995,0.68715,1527.258201,1501.7,25.5582013,2119
238,75,21.3199,36.3117,0.6848,1527.726001,1501.7,26.02600146,2119
239,100,21.59925,36.50855,0.66945,1529.088864,1509.63,19.45886385,2119
240,150,17.51515,36.36895,0.6577,1518.413391,1509.63,8.78339145,2119
241,200,15.77695,36.08835,0.66045,1513.670962,1509.8,3.870962195,2119
242,300,13.51855,35.72055,0.66005,1507.687552,1507.725,-0.037447873,2119
243,400,11.3095,35.3758,0.6367,1501.447544,1507.725,-6.277455518,2119
244,500,9.12415,35.0838,0.6241,1494.909228,1505.755,-10.84577192,2119
245,750,6.44445,34.90125,0.6112,1488.598684,1502.25,-13.65131637,2119
246,1000,5.26735,34.92295,0.60735,1488.070157,1499.775,-11.70484285,2119
247,1250,4.54275,34.95315,0.5954,1489.313244,1497.79,-8.476756215,2119
248,1500,4.3445,34.9633,0.58,1492.692817,1497.21,-4.517182892,2119
249,2000,4.28115,34.96895,0.59125,1500.866562,1497.155,3.711562364,2119
250,1,28.1817,29.1119,2.0935,1535.357997,1500.82,34.53799747,402
251,2,28.4431,34.2688,0.7331,1541.361105,1507.945,33.41610521,402
252,5,28.42225,33.81725,0.83665,1540.891484,1507.945,32.94648429,402
253,10,29.08075,35.804,0.82525,1544.453496,1507.945,36.50849626,402
254,20,29.24485,36.11485,0.8327,1545.283674,1507.945,37.338674,402
255,30,29.3575,36.2673,0.8169,1545.83979,1519.15,26.68979006,402
256,50,26.10225,36.3344,0.8185,1539.126282,1519.15,19.97628205,402
257,75,21.2482,36.5001,0.80275,1527.747967,1519.15,8.597966608,402
258,100,19.3886,36.4039,0.7885,1522.998562,1523.865,-0.866437691,402
259,150,17.62235,36.37085,0.7813,1518.730023,1523.865,-5.134977224,402
260,200,15.7108,36.07315,0.77405,1513.448886,1520.445,-6.996114256,402
261,300,12.49345,35.55275,0.74465,1504.076291,1520.445,-16.36870946,402
262,400,10.39845,35.248,0.71855,1498.083323,1515.07,-16.9866772,402
263,1,23.8315,29.98655,0.64185,1525.982964,1490.255,35.72796359,2002
264,2,24.48645,36.48275,0.63405,1534.708019,1490.255,44.45301881,2002
265,5,24.5098,36.56835,0.565,1534.906266,1490.255,44.65126588,2002
266,10,24.51715,36.5669,0.5259,1535.003858,1490.255,44.74885821,2002
267,20,24.51125,36.5584,0.66165,1535.143479,1490.255,44.88847933,2002
268,30,23.27645,36.51235,0.68485,1532.234208,1502.815,29.41920828,2002
269,50,20.9181,36.44065,0.7049,1526.396384,1502.815,23.5813841,2002
270,75,20.0771,36.43665,0.6757,1524.528223,1509.67,14.85822302,2002
271,100,19.2041,36.39335,0.6988,1522.470854,1509.67,12.80085372,2002
272,150,16.6164,36.18855,0.63395,1515.52941,1508.965,6.564410266,2002
273,200,14.7824,35.9177,0.6785,1510.359875,1507.86,2.499875206,2002
274,300,11.8725,35.45745,0.65725,1501.849778,1506.27,-4.420222049,2002
275,400,9.774,35.16225,0.65705,1495.734645,1504.265,-8.530355311,2002
276,500,8.16925,34.9883,0.6719,1491.23119,1502.51,-11.27880952,2002
277,750,6.035,34.90485,0.6773,1486.98287,1498.755,-11.77212975,2002
278,1000,4.95105,34.93565,0.7044,1486.799921,1496.655,-9.855079413,2002
279,1250,4.4308,34.95775,0.70625,1488.857017,1495.77,-6.912983,2002
280,1500,4.30865,34.965,0.71475,1492.546481,1495.19,-2.643518552,2002
281,2000,4.2698,34.96965,0.7024,1500.820423,1495.33,5.490423031,2002
282,1,25.71445,30.3345,1.1937,1530.974045,1502.24,28.73404489,201
283,2,26.19845,37.3033,1.18985,1539.601939,1502.24,37.36193888,201
284,5,26.1354,36.24105,1.2001,1538.368284,1502.24,36.12828437,201
285,10,26.12165,36.2395,1.2084,1538.416609,1502.24,36.17660914,201
286,20,25.28365,36.26915,1.27535,1536.665621,1502.24,34.42562079,201
287,30,25.06,36.2597,1.271,1536.290871,1493.76,42.53087113,201
288,50,21.8852,36.36905,1.4822,1528.862113,1502.24,26.62211304,201
289,75,20.5036,36.44495,1.4608,1525.696442,1502.24,23.45644214,201
290,100,19.11265,36.56695,1.45455,1522.412878,1509.55,12.86287773,201
291,150,17.031,36.27415,1.42295,1516.871208,1508.38,8.491207527,201
292,200,15.43475,36.02515,1.4499,1512.536196,1508.38,4.156196054,201
293,1,20.7077,30.0417,1.93855,1517.817654,1499.355,18.46265434,122
294,2,21.2274,35.53085,0.7936,1525.414233,1499.355,26.05923253,122
295,5,21.3661,36.30275,0.6783,1526.695909,1499.355,27.34090857,122
296,10,21.36735,36.30225,0.67855,1526.780156,1499.355,27.42515589,122
297,20,21.3071,36.29565,0.68395,1526.776837,1499.355,27.42183698,122
298,30,21.2974,36.2958,0.67725,1526.914469,1512.06,14.85446941,122
299,50,21.2981,36.29665,0.67605,1527.243538,1512.06,15.18353841,122
300,75,21.30875,36.3005,0.66565,1527.684003,1512.06,15.62400277,122
301,100,21.23765,36.37905,0.6574,1527.992445,1521.66,6.332444946,122
302,1,20.98865,23.90375,0.4415,1511.68303,1467.15,44.53303007,1495
303,2,20.4609,33.5274,0.816,1521.092586,1467.15,53.94258607,1495
304,5,20.19305,36.4672,0.7175,1523.737343,1467.15,56.58734255,1495
305,10,19.95885,36.4695,0.7375,1523.181315,1467.15,56.03131472,1495
306,20,19.4927,36.41565,0.82295,1521.996129,1467.15,54.84612925,1495
307,30,19.29405,36.37325,0.95245,1521.557124,1488.035,33.52212388,1495
308,50,19.25105,36.35985,1.1947,1521.747807,1488.035,33.71280657,1495
309,75,19.23385,36.3609,1.2996,1522.108874,1503.105,19.00387401,1495
310,100,19.2375,36.36055,1.3738,1522.526919,1503.105,19.42191908,1495
311,150,18.98915,36.3333,1.4191,1522.614982,1505.755,16.85998151,1495
312,200,16.90155,36.24515,1.3726,1517.269076,1506.63,10.63907611,1495
313,300,13.215,35.6632,1.35215,1506.618911,1505.86,0.758910901,1495
314,400,10.5429,35.2648,1.138,1498.61765,1504.99,-6.372350225,1495
315,500,8.73655,35.04245,1.0355,1493.423585,1503.15,-9.726415084,1495
316,750,6.4843,34.89815,0.884,1488.751575,1499.645,-10.89342542,1495
317,1000,5.09865,34.92955,0.8908,1487.393667,1497.93,-10.53633277,1495
318,1250,4.4558,34.9573,0.94625,1488.959753,1496.595,-7.635246588,1495
319,1,28.3742,33.99975,0.8993,1540.913725,1518.985,21.92872454,1500
320,2,28.3735,33.98645,0.83395,1540.914556,1518.985,21.92955575,1500
321,5,28.4597,34.1963,0.7738,1541.369812,1518.985,22.3848121,1500
322,10,29.0438,35.853,0.78305,1544.426923,1518.985,25.44192345,1500
323,20,29.08475,36.03265,0.7736,1544.863173,1518.985,25.87817271,1500
324,30,29.30865,36.2459,0.757,1545.715976,1520.03,25.68597617,1500
325,50,25.5042,36.3738,0.77055,1537.784696,1520.03,17.75469625,1500
326,75,20.9394,36.4964,0.74645,1526.923972,1520.03,6.893972308,1500
327,100,19.38935,36.4008,0.72975,1522.997115,1520.03,2.96711508,1500
328,150,17.5912,36.3667,0.7257,1518.633941,1520.03,-1.39605946,1500
329,200,15.5299,36.0393,0.72075,1512.848711,1515.12,-2.271289424,1500
330,300,12.22775,35.51505,0.70665,1503.131656,1510.13,-6.998344156,1500
331,400,10.35735,35.243,0.689,1497.930664,1510.13,-12.19933621,1500
332,500,8.72155,35.0399,0.68015,1493.364614,1506.555,-13.1903856,1500
333,750,6.23565,34.9018,0.6635,1487.775087,1501.96,-14.18491283,1500
334,1000,5.1196,34.92805,0.6448,1487.476953,1499.255,-11.77804735,1500
335,1250,4.4832,34.95575,0.6355,1489.070914,1497.765,-8.694086359,1500
336,1500,4.3198,34.9649,0.6183,1492.592564,1497.09,-4.497436367,1500
337,1,22.88435,27.42315,0.619,1520.731024,1464.98,55.75102375,499
338,2,24.5204,36.562,0.5741,1534.875915,1464.98,69.89591465,499
339,5,24.49475,36.57465,0.55505,1534.876956,1464.98,69.89695646,499
340,10,24.4907,36.5746,0.4924,1534.948679,1464.98,69.9686787,499
341,20,24.48885,36.57345,0.58575,1535.106029,1464.98,70.12602886,499
342,30,24.47245,36.5688,0.68635,1535.224609,1493.265,41.95960917,499
343,50,20.99635,36.4587,0.6352,1526.625293,1493.265,33.36029266,499
344,75,20.05235,36.43845,0.6603,1524.462585,1493.265,31.19758531,499
345,100,19.2366,36.41005,0.60045,1522.580969,1493.265,29.31596896,499
346,150,16.68135,36.20935,0.5844,1515.749233,1513.58,2.169232689,499
347,200,14.83115,35.9284,0.6111,1510.526979,1513.58,-3.053020763,499
348,300,11.9052,35.46585,0.6855,1501.972032,1512.075,-10.1029678,499
349,400,9.84585,35.17115,0.6382,1496.005568,1509.865,-13.85943218,499
350,1,15.0892,10.4433,0.2619,1477.882131,1435.15,42.73213115,1509
351,2,21.62,33.5294,0.31355,1524.212216,1465.28,58.93221567,1509
352,5,22.1049,35.4986,0.32355,1527.727666,1465.28,62.44766602,1509
353,10,22.10655,35.5369,0.343,1527.856094,1465.28,62.57609385,1509
354,20,22.47945,35.7244,0.3453,1529.187264,1465.28,63.90726381,1509
355,30,23.06765,36.06625,0.35635,1531.219949,1488.5,42.71994899,1509
356,50,23.0533,36.1358,0.36645,1531.586923,1488.5,43.08692282,1509
357,75,21.34975,36.57695,0.3909,1528.102151,1488.5,39.60215068,1509
358,100,19.7676,36.5281,0.3733,1524.190701,1505.68,18.51070146,1509
359,150,17.3247,36.3028,0.3667,1517.775587,1507.095,10.68058731,1509
360,200,15.4792,36.03615,0.34635,1512.687473,1507.095,5.592473309,1509
361,300,12.3066,35.5216,0.3337,1503.407032,1505.77,-2.362967755,1509
362,400,10.17715,35.21315,0.32585,1497.249673,1503.44,-6.190327032,1509
363,500,8.77335,35.0349,0.3238,1493.550908,1502.35,-8.799091819,1509
364,750,6.4141,34.90185,0.309,1488.479896,1499.05,-10.57010449,1509
365,1000,5.03985,34.93035,0.29945,1487.15529,1497.03,-9.874710056,1509
366,1250,4.44095,34.95865,0.30145,1488.900137,1495.88,-6.979862993,1509
367,1500,4.2936,34.96725,0.3092,1492.487002,1495.47,-2.982997788,1509
368,1,19.86705,23.28725,0.5396,1507.8027,1486.98,20.82269968,1403
369,2,20.31105,33.2157,0.6481,1520.329281,1486.98,33.34928133,1403
370,5,20.3246,36.4978,0.6573,1524.129683,1486.98,37.14968344,1403
371,10,20.1801,36.4873,0.73415,1523.806345,1486.98,36.82634547,1403
372,20,20.1177,36.4848,1.0538,1523.796365,1486.98,36.81636528,1403
373,30,20.0388,36.4879,1.2784,1523.747333,1501.45,22.2973328,1403
374,50,19.8897,36.4801,1.1912,1523.655934,1498.18,25.47593444,1403
375,75,19.71565,36.4665,1.14955,1523.569066,1498.18,25.38906617,1403
376,100,19.4498,36.4206,1.0746,1523.188065,1506.365,16.82306494,1403
377,150,18.62385,36.4322,1.0887,1521.69328,1507.595,14.09828028,1403
378,200,15.42005,36.01525,1.1307,1512.478727,1507.37,5.108727017,1403
379,300,11.27665,35.3783,0.96215,1499.694862,1506.2,-6.505138383,1403
380,400,9.29595,35.1122,0.94205,1493.931009,1503.37,-9.438991065,1403
381,500,8.129,34.98355,0.9446,1491.073323,1501.095,-10.02167691,1403
382,750,6.13045,34.9021,0.81105,1487.358559,1498.08,-10.72144102,1403
383,1000,4.98835,34.93495,0.75605,1486.951253,1496.355,-9.403747272,1403
384,1250,4.4359,34.95805,0.8341,1488.878487,1495.35,-6.471512531,1403
385,1,21.3875,28.65315,2.48435,1518.113599,1493.47,24.64359879,1499
386,2,21.19565,36.506,0.7022,1526.424753,1493.47,32.95475274,1499
387,5,21.1964,36.18085,0.7629,1526.110584,1493.47,32.64058365,1499
388,10,21.1943,36.1868,0.721,1526.193211,1493.47,32.72321068,1499
389,20,21.17035,36.2227,0.729,1526.333076,1493.47,32.8630763,1499
390,30,21.1742,36.2628,0.7449,1526.5514,1502.285,24.26639994,1499
391,50,21.21835,36.30495,0.7222,1527.041957,1502.285,24.75695727,1499
392,75,21.29705,36.44835,0.70975,1527.818946,1502.285,25.53394644,1499
393,100,20.42015,36.4315,0.7216,1525.863828,1509.035,16.82882796,1499
394,150,17.24305,36.2888,0.66095,1517.517869,1509.365,8.152868513,1499
395,200,15.18835,35.98555,0.64275,1511.719738,1509.365,2.35473767,1499
396,300,12.2198,35.51335,0.6351,1503.102597,1507.325,-4.222402821,1499
397,400,10.25775,35.22485,0.63615,1497.552609,1505.035,-7.482391332,1499
398,500,8.5211,35.01645,0.63325,1492.587784,1503.04,-10.45221642,1499
399,750,6.1716,34.9015,0.62255,1487.521,1499.97,-12.44900009,1499
400,1000,5.2238,34.925,0.6021,1487.896233,1497.355,-9.458767001,1499
401,1250,4.5255,34.9539,0.58985,1489.243079,1496.38,-7.136920649,1499
402,1,23.8999,25.41005,0.7323,1521.143696,1490.595,30.54869626,1398
403,2,24.60735,34.7738,0.78295,1533.139348,1490.595,42.54434767,1398
404,5,24.7935,36.6339,0.72055,1535.65625,1490.595,45.06125026,1398
405,10,24.63165,36.6264,0.7133,1535.343158,1490.595,44.74815829,1398
406,20,24.5608,36.62475,0.7877,1535.334654,1490.595,44.73965445,1398
407,30,24.53315,36.6219,0.763,1535.428288,1502.875,32.5532882,1398
408,50,21.82425,36.469,0.61165,1528.815291,1502.875,25.94029139,1398
409,75,20.0512,36.46015,0.59925,1524.484058,1509.555,14.92905758,1398
410,100,18.5213,36.395,0.56965,1520.540979,1509.555,10.98597939,1398
411,150,16.52375,36.1831,0.58475,1515.243542,1509.28,5.963541519,1398
412,200,14.65585,35.8922,0.6424,1509.927805,1507.33,2.597804923,1398
413,300,11.56025,35.40565,0.62005,1500.711992,1505.73,-5.018007941,1398
414,400,9.3474,35.1029,0.5813,1494.107891,1504.05,-9.942108557,1398
415,500,7.95565,34.9683,0.59705,1490.398173,1501.135,-10.73682747,1398
416,750,6.0206,34.9026,0.6188,1486.922709,1498.25,-11.32729086,1398
417,1000,5.0541,34.9315,0.5833,1487.214822,1496.34,-9.12517758,1398
418,1250,4.423,34.9589,0.5263,1488.826258,1495.265,-6.438742382,1398
419,1,24.7856,28.76825,3.1825,1527.030543,1491.34,35.69054281,1515
420,2,25.253,32.5978,2.38685,1532.330753,1491.34,40.99075304,1515
421,5,25.51445,34.7411,1.2687,1535.313882,1491.34,43.9738817,1515
422,10,25.11615,35.26705,1.2493,1535.02293,1491.34,43.68293038,1515
423,20,23.9668,35.79385,1.2712,1532.988031,1491.34,41.64803068,1515
424,30,23.8141,36.2094,1.3367,1533.231631,1489.05,44.18163055,1515
425,50,22.3392,36.4437,1.4618,1530.116165,1489.05,41.06616524,1515
426,75,21.20495,36.45515,1.5067,1527.583116,1491.34,36.2431158,1515
427,100,19.37745,36.4317,1.34715,1522.999206,1491.34,31.65920614,1515
428,150,16.7724,36.2467,1.5761,1516.066327,1489.05,27.01632749,1515
429,200,14.6588,35.89975,1.2863,1509.946169,1491.34,18.60616854,1515
430,300,11.9397,35.4615,1.20975,1502.084819,1496.49,5.594818978,1515
431,400,9.518,35.13045,1.21365,1494.765263,1496.49,-1.724737388,1515
432,500,8.15625,34.98335,1.13465,1491.175928,1496.49,-5.314072242,1515
433,750,6.11185,34.90135,1.08945,1487.283777,1496.45,-9.166223477,1515
434,1000,5.2219,34.92465,1.03435,1487.888075,1496.45,-8.561924508,1515
435,1250,4.5368,34.9521,0.95155,1489.287353,1494.24,-4.952647336,1515
436,1500,4.3241,34.964,0.9324,1492.609216,1494.85,-2.240784218,1515
437,1,23.75645,25.2828,1.4321,1520.636077,1493.62,27.01607731,103
438,2,24.86595,31.92995,1.14325,1530.675365,1493.62,37.05536502,103
439,5,25.4627,34.57605,1.03415,1535.014049,1493.62,41.39404868,103
440,10,25.36155,34.8977,1.06365,1535.204289,1493.62,41.58428897,103
441,20,24.37935,35.9187,1.10865,1534.128591,1493.62,40.50859076,103
442,30,23.8845,36.2679,1.12755,1533.468444,1493.62,39.84844363,103
443,50,22.48405,36.4351,1.11945,1530.476933,1493.62,36.8569326,103
444,75,21.0947,36.4321,1.2512,1527.26493,1481.51,45.75493007,103
445,100,19.3815,36.4758,1.095,1523.060831,1481.51,41.55083072,103
446,1,21.0317,24.5381,3.5123,1512.516434,1484.85,27.6664342,100
447,2,21.0791,35.0879,1.0294,1524.521861,1484.85,39.67186052,100
448,5,21.0877,36.0883,0.738,1525.718028,1484.85,40.86802795,100
449,10,21.0899,36.0893,0.7183,1525.806515,1484.85,40.9565152,100
450,20,21.1123,36.2355,0.7309,1526.193387,1484.85,41.34338684,100
451,30,21.1283,36.2529,0.74,1526.418507,1505.54,20.87850741,100
452,50,21.333,36.3718,0.7356,1527.419948,1505.54,21.87994796,100
453,75,21.401,36.4619,0.6952,1528.108149,1505.54,22.56814927,100
454,100,20.7505,36.4444,0.6995,1526.768479,1521.63,5.138478596,100
455,1,27.99515,31.1199,0.8319,1537.055837,1505.38,31.67583724,1487
456,2,28.13425,31.85705,0.82035,1538.155396,1505.38,32.77539556,1487
457,5,28.40475,32.4509,0.79965,1539.420516,1505.38,34.04051634,1487
458,10,28.8539,34.07295,0.7889,1542.167761,1505.38,36.7877608,1487
459,20,28.9008,35.3136,0.7652,1543.725709,1505.38,38.34570866,1487
460,30,28.72265,35.6437,0.77675,1543.855792,1512.795,31.06079249,1487
461,50,23.7579,36.2503,0.81725,1533.464585,1512.795,20.66958489,1487
462,75,21.6041,36.45015,0.829,1528.628006,1512.795,15.83300555,1487
463,100,19.75395,36.4483,0.84075,1524.062291,1515.375,8.687291165,1487
464,150,17.0416,36.25955,0.7564,1516.885755,1515.375,1.510754588,1487
465,200,15.13835,35.97165,0.70525,1511.546463,1511.865,-0.31853742,1487
466,300,12.1838,35.50735,0.7018,1502.973001,1508.33,-5.356999455,1487
467,400,9.98145,35.18805,0.68715,1496.515669,1505.495,-8.979330561,1487
468,500,8.5248,35.0178,0.66995,1492.603307,1505.495,-12.89169345,1487
469,750,6.2428,34.90105,0.65235,1487.802427,1500.02,-12.21757319,1487
470,1000,5.15175,34.92745,0.64925,1487.606871,1498.265,-10.65812942,1487
471,1250,4.492,34.95535,0.63935,1489.106726,1496.845,-7.738274398,1487
472,1,23.7287,24.4389,0.7907,1519.63909,1487.06,32.57909037,302
473,2,24.70615,36.4296,0.57545,1535.176987,1501.375,33.80198695,302
474,5,24.7169,36.6368,0.51535,1535.476736,1501.375,34.10173571,302
475,10,24.6648,36.63325,0.50745,1535.429911,1501.375,34.05491133,302
476,20,24.52395,36.6282,0.48355,1535.249975,1501.375,33.87497503,302
477,30,24.5028,36.6228,0.4815,1535.356379,1513.45,21.90637856,302
478,50,21.94595,36.48225,0.56245,1529.145936,1513.45,15.69593647,302
479,75,20.38735,36.48545,0.6098,1525.427787,1513.45,11.97778726,302
480,100,18.3802,36.3934,0.591,1520.135323,1513.45,6.685322662,302
481,150,16.3344,36.163,0.59715,1514.646562,1519.975,-5.328437643,302
482,200,14.56995,35.88225,0.65605,1509.64247,1519.975,-10.33253004,302
483,300,11.751,35.43755,0.55855,1501.40844,1515.69,-14.28156013,302
484,1,19.5767,24.4808,0.4469,1508.321711,1470.26,38.06171089,502
485,2,20.3118,34.7209,0.5314,1522.034934,1470.26,51.77493414,502
486,5,20.4159,36.46405,0.574,1524.338971,1470.26,54.0789712,502
487,10,20.20715,36.49525,0.648,1523.889037,1470.26,53.62903707,502
488,20,19.9736,36.48805,0.84645,1523.405866,1470.26,53.14586627,502
489,30,19.9262,36.47935,0.95715,1523.429054,1492.435,30.99405441,502
490,50,19.7056,36.4464,1.0243,1523.110417,1492.435,30.67541706,502
491,75,19.52895,36.4283,1.0652,1523.008616,1492.435,30.57361624,502
492,100,19.4427,36.4226,1.1292,1523.170588,1508.46,14.71058775,502
493,150,18.94205,36.3634,1.09365,1522.516572,1510.995,11.52157243,502
494,200,15.3903,36.00655,1.1857,1512.375758,1511.35,1.025757525,502
495,300,11.3596,35.39085,1.17005,1499.998693,1510.55,-10.55130664,502
496,400,9.1023,35.08905,1.32575,1493.190633,1508.19,-14.99936732,502
497,500,7.9738,34.9723,1.48795,1490.472022,1506.52,-16.04797835,502
498,1,21.106,32.39355,1.9122,1521.549826,1505.135,16.41482563,102
499,2,21.0745,36.0191,0.7983,1525.556232,1505.135,20.42123162,102
500,5,21.0777,36.07415,0.7276,1525.675525,1505.135,20.5405245,102
501,10,21.11735,36.1626,0.7346,1525.961843,1505.135,20.82684291,102
502,20,21.1158,36.2335,0.7272,1526.200436,1505.135,21.06543592,102
503,30,21.12915,36.25055,0.7306,1526.418124,1514.605,11.81312391,102
504,50,21.19755,36.2864,0.72685,1526.966048,1514.605,12.36104782,102
505,75,21.40245,36.4619,0.6796,1528.111966,1514.605,13.50696557,102
506,100,20.7856,36.4444,0.70985,1526.862557,1521.94,4.92255712,102
507,1,27.92075,27.66195,1.01055,1533.246514,1498.66,34.58651389,1405
508,2,28.20625,32.7384,0.84745,1539.24,1498.66,40.58000043,1405
509,5,28.5209,34.18295,0.80435,1541.487717,1498.66,42.8277166,1405
510,10,28.7895,35.02415,0.7923,1543.024201,1498.66,44.36420133,1405
511,20,28.498,35.5273,0.8046,1543.091692,1498.66,44.43169187,1405
512,30,28.46695,36.08565,0.7976,1543.773538,1509.295,34.47853792,1405
513,50,23.6729,36.43145,0.79375,1533.454014,1509.295,24.15901442,1405
514,75,20.4189,36.4598,0.75205,1525.484219,1509.295,16.18921859,1405
515,100,18.9556,36.41005,0.74045,1521.791205,1513.905,7.8862049,1405
516,150,17.03275,36.2592,0.7314,1516.858996,1513.905,2.953995724,1405
517,200,15.0691,35.9691,0.7245,1511.325904,1511.015,0.310904364,1405
518,300,11.91065,35.4647,0.6984,1501.989292,1507.625,-5.635707596,1405
519,400,10.04125,35.19895,0.6891,1496.744338,1507.625,-10.88066181,1405
520,500,8.5433,35.02315,0.67095,1492.679147,1504.825,-12.14585278,1405
521,750,6.33495,34.90075,0.6619,1488.166291,1500.895,-12.72870914,1405
522,1000,5.0576,34.9312,0.66985,1487.228691,1498.59,-11.36130899,1405
523,1250,4.556,34.9526,0.639,1489.367152,1497.205,-7.837848003,1405
524,1,27.67385,27.2735,3.3424,1532.27626,1506.725,25.5512599,405
525,2,28.2846,33.1799,0.86085,1539.874893,1506.725,33.14989319,405
526,5,28.3798,33.48095,0.81835,1540.446773,1506.725,33.72177315,405
527,10,28.8299,35.12905,0.8,1543.219649,1506.725,36.49464879,405
528,20,28.6267,35.5557,0.78285,1543.396411,1506.725,36.67141055,405
529,30,28.36285,36.10455,0.78425,1543.570527,1518.17,25.40052713,405
530,50,24.32725,36.36655,0.8087,1534.980274,1518.17,16.81027397,405
531,75,20.509,36.46125,0.7541,1525.72944,1518.17,7.559439574,405
532,100,19.0721,36.41615,0.73425,1522.126371,1518.17,3.956371232,405
533,150,17.0032,36.25835,0.72195,1516.769973,1522.425,-5.655027108,405
534,200,15.08765,35.97855,0.7064,1511.395417,1522.425,-11.02958268,405
535,300,11.9057,35.4649,0.68865,1501.972587,1518.565,-16.59241276,405
536,400,10.0158,35.19285,0.67555,1496.645254,1515.57,-18.924746,405
537,1,21.5849,27.358,1.2128,1517.198728,1495.82,21.37872768,1464
538,2,21.7299,36.72805,0.6778,1528.076255,1495.82,32.25625537,1464
539,5,21.728,36.433,0.6926,1527.790554,1495.82,31.97055443,1464
540,10,21.73145,36.4333,0.68135,1527.881398,1495.82,32.06139806,1464
541,20,21.7321,36.4329,0.6821,1528.045696,1495.82,32.22569608,1464
542,30,21.7345,36.43285,0.6833,1528.214981,1504.085,24.12998106,1464
543,50,21.72655,36.4294,0.6814,1528.516664,1504.085,24.43166361,1464
544,75,21.62435,36.41815,0.7135,1528.645193,1504.085,24.56019275,1464
545,100,21.47015,36.51035,0.84085,1528.752455,1510.23,18.52245509,1464
546,150,17.77745,36.3592,0.64795,1519.169809,1510.61,8.559808952,1464
547,200,15.8352,36.07665,0.6429,1513.836655,1510.61,3.226655024,1464
548,300,12.751,35.58695,0.63595,1504.982971,1508.61,-3.627029308,1464
549,400,10.3593,35.2393,0.63025,1497.933053,1506.215,-8.281947497,1464
550,500,8.58585,35.0245,0.61415,1492.839735,1504.01,-11.17026452,1464
551,750,6.21365,34.9018,0.60025,1487.687989,1500.695,-13.0070106,1464
552,1000,5.2458,34.9242,0.6191,1487.98442,1498.65,-10.66558018,1464
553,1250,4.66515,34.94745,0.6232,1489.809774,1497.425,-7.615225848,1464
554,1,24.52965,25.24995,2.2465,1522.56786,1489.125,33.44285973,1470
555,2,25.79585,33.34605,1.2126,1534.423208,1489.125,45.29820789,1470
556,5,26.0713,34.8746,1.15875,1536.75532,1489.125,47.63032029,1470
557,10,25.7348,36.3428,1.13515,1537.635462,1489.125,48.51046243,1470
558,20,25.2271,36.4155,1.21045,1536.690815,1489.125,47.56581536,1470
559,30,24.24265,36.2464,1.2443,1534.318057,1489.125,45.19305663,1470
560,50,22.24615,36.37305,1.2778,1529.7989,1489.125,40.67389985,1470
561,75,20.46185,36.30665,1.27725,1525.42731,1489.125,36.30231035,1470
562,100,19.9172,36.54595,1.3446,1524.622506,1489.125,35.49750558,1470
563,150,17.0418,36.3034,1.0752,1516.937449,1494.09,22.84744937,1470
564,200,15.4831,36.0304,1.2932,1512.692805,1489.125,23.56780526,1470
565,300,12.39845,35.5322,1.31125,1503.730705,1496.275,7.455704953,1470
566,400,10.1521,35.2145,1.5113,1497.16156,1498.46,-1.298439975,1470
567,500,8.7273,35.0314,0.9843,1493.37537,1494.09,-0.714629695,1470
568,750,6.3148,34.9004,1.22865,1488.086267,1497.3,-9.213733161,1470
569,1000,5.10065,34.928,1.0959,1487.399808,1497.3,-9.900191612,1470
570,1250,4.4582,34.9572,1.0862,1488.969539,1495.71,-6.740460676,1470
571,1,24.60355,25.40125,0.7258,1522.918285,1500.58,22.33828513,97
572,2,25.6753,32.7224,1.07715,1533.468396,1500.58,32.88839632,97
573,5,25.9025,34.181,1.14225,1535.619012,1500.58,35.03901239,97
574,10,26.08385,35.75215,1.19885,1537.807123,1500.58,37.22712282,97
575,20,25.26175,36.43205,1.26435,1536.790219,1500.58,36.21021886,97
576,30,24.3741,36.3151,1.3161,1534.711117,1488.93,45.78111651,97
577,50,21.89485,36.36355,1.3503,1528.88103,1488.93,39.95103012,97
578,75,20.9154,36.5296,1.37555,1526.897321,1488.93,37.96732051,97
579,1,21.56545,33.0828,1.3547,1523.551765,1505.305,18.24676488,101
580,2,21.73105,36.37915,0.7076,1527.68944,1505.305,22.38443959,101
581,5,21.7509,36.44215,0.67145,1527.860471,1505.305,22.55547071,101
582,10,21.7509,36.4422,0.6668,1527.942039,1505.305,22.63703911,101
583,20,21.7488,36.4411,0.67085,1528.098388,1505.305,22.79338807,101
584,30,21.75115,36.44095,0.67825,1528.267428,1515.44,12.82742785,101
585,50,21.73525,36.4349,0.66225,1528.545493,1515.44,13.10549317,101
586,75,21.661,36.4353,0.69395,1528.760177,1515.44,13.3201767,101
587,100,21.5702,36.5348,0.65775,1529.042193,1523,6.04219258,101
588,1,28.09195,33.2573,1.52595,1539.519015,1527.27,12.24901521,405
589,2,28.09055,33.2572,1.04975,1539.532143,1527.27,12.26214317,405
590,5,28.11335,33.31815,0.86825,1539.695094,1527.27,12.42509386,405
591,10,28.30755,33.74295,0.84885,1540.646417,1527.27,13.37641665,405
592,20,28.471,36.0173,0.86105,1543.547467,1527.27,16.27746727,405
593,30,28.28405,36.17695,0.83645,1543.477412,1528.28,15.19741197,405
594,50,23.36705,36.4076,0.8256,1532.670693,1528.28,4.390692541,405
595,75,21.0084,36.47955,0.7847,1527.088841,1528.28,-1.191158792,405
596,100,19.00535,36.40785,0.7638,1521.928964,1525.855,-3.926035764,405
597,150,17.16845,36.2817,0.7435,1517.288531,1525.855,-8.56646867,405
598,200,15.2026,35.9805,0.73665,1511.758409,1521.46,-9.701591382,405
599,300,11.9963,35.4783,0.70955,1502.298763,1517.855,-15.55623661,405
600,400,10.2994,35.2297,0.6888,1497.707434,1515.08,-17.37256633,405
601,1,28.0934,31.1662,1.2126,1537.322266,1498.925,38.39726557,1277
602,2,28.20865,33.3041,0.7643,1539.839725,1498.925,40.91472534,1277
603,5,28.04505,33.04685,0.82535,1539.259886,1498.925,40.33488635,1277
604,10,28.44015,34.28265,0.82505,1541.499678,1498.925,42.57467814,1277
605,20,28.6074,36.06155,0.8074,1543.884757,1498.925,44.95975719,1277
606,30,28.3907,36.1816,0.83475,1543.711034,1509.78,33.93103374,1277
607,50,24.1978,36.3309,0.7982,1534.627756,1509.78,24.84775563,1277
608,75,21.10805,36.499,0.776,1527.375546,1509.78,17.59554609,1277
609,100,19.1926,36.4065,0.7516,1522.453657,1514.195,8.258657247,1277
610,150,17.06185,36.2789,0.74675,1516.96857,1514.195,2.773570073,1277
611,200,14.9967,35.95365,0.72255,1511.07971,1510.91,0.169710311,1277
612,300,12.1947,35.5069,0.7092,1503.009498,1510.91,-7.900501882,1277
613,400,10.18195,35.2149,0.69105,1497.269032,1507.465,-10.1959676,1277
614,500,8.4573,35.01125,0.66985,1492.342556,1504.765,-12.42244351,1277
615,750,6.2697,34.9013,0.65685,1487.90916,1500.885,-12.97583985,1277
616,1000,5.104,34.929,0.6441,1487.414725,1498.61,-11.19527509,1277
617,1250,4.51295,34.9548,0.65135,1489.192472,1497.33,-8.137527847,1277
618,1,28.08275,30.3602,1.81485,1536.450667,1499.56,36.89066706,1282
619,2,28.24,33.1109,0.67465,1539.705157,1499.56,40.14515712,1282
620,5,28.07945,32.856,0.80385,1539.134586,1499.56,39.57458564,1282
621,10,28.3422,33.9054,0.8039,1540.892117,1499.56,41.33211726,1282
622,20,28.6038,35.9329,0.7949,1543.742423,1497.13,46.61242265,1282
623,30,28.4179,36.2031,0.7949,1543.791799,1509.19,34.60179912,1282
624,50,24.48075,36.28095,0.80405,1535.257349,1509.19,26.06734852,1282
625,75,21.15245,36.48845,0.74305,1527.481451,1509.19,18.29145088,1282
626,100,19.0735,36.41455,0.73305,1522.128477,1509.19,12.93847728,1282
627,150,17.3622,36.3039,0.71615,1517.887568,1512.84,5.047568441,1282
628,200,15.28455,35.9935,0.71025,1512.030246,1512.84,-0.809753914,1282
629,300,12.2808,35.5187,0.6928,1503.316071,1509.23,-5.913928961,1282
630,400,10.02755,35.1977,0.6711,1496.693524,1506.175,-9.481475959,1282
631,500,8.4715,35.01205,0.6649,1492.396723,1503.735,-11.33827734,1282
632,750,6.1805,34.9012,0.6531,1487.555894,1500.245,-12.68910598,1282
633,1000,5.05435,34.9306,0.6485,1487.214681,1498.355,-11.1403187,1282
634,1250,4.49295,34.95565,0.6491,1489.111035,1497.595,-8.483964732,1282
635,1,29.4795,34.3624,1.09595,1543.642955,1526.75,16.8929555,491
636,2,29.47365,34.3779,0.33615,1543.66312,1526.75,16.91311998,491
637,5,29.4899,34.40195,0.4133,1543.770927,1526.75,17.02092673,491
638,10,29.55185,34.4442,0.4132,1544.025498,1526.75,17.27549814,491
639,20,29.31055,35.7286,0.4094,1545.019079,1526.75,18.26907856,491
640,30,24.70945,35.8372,0.43025,1534.997646,1526.785,8.212646215,491
641,50,20.11295,36.261,0.3961,1524.018993,1526.785,-2.766006632,491
642,75,19.2144,36.3897,0.3804,1522.087315,1526.785,-4.697684775,491
643,100,18.0113,36.19865,0.3904,1518.847024,1522.68,-3.832975818,491
644,150,16.13735,36.07535,0.37785,1513.943687,1518.945,-5.001312531,491
645,200,14.24795,35.78885,0.37055,1508.500129,1516.56,-8.059871257,491
646,300,11.6025,35.3669,0.36565,1500.810598,1514.525,-13.71440166,491
647,400,9.5667,35.0851,0.37695,1494.886316,1510.94,-16.05368354,491
648,1,24.76055,22.60745,3.8504,1520.276931,1504.19,16.08693106,478
649,2,24.78265,32.90845,0.3114,1531.535742,1504.19,27.34574218,478
650,5,24.7763,36.1918,0.3082,1535.135131,1504.19,30.9451305,478
651,10,24.77985,36.1909,0.3134,1535.224142,1504.19,31.03414157,478
652,20,24.78375,36.18925,0.3068,1535.39471,1508.81,26.58471043,478
653,30,24.78775,36.1856,0.3316,1535.563378,1514.15,21.41337848,478
654,50,23.103,36.43005,0.31055,1532.036312,1514.15,17.88631189,478
655,75,21.816,36.44215,0.31155,1529.171882,1519.745,9.426882312,478
656,100,20.88145,36.466,0.29335,1527.143305,1520.345,6.798304961,478
657,150,18.29865,36.4828,0.2883,1520.821299,1519.96,0.86129898,478
658,200,16.2274,36.17025,0.28335,1515.147586,1518.895,-3.747414424,478
659,300,12.95385,35.62545,0.2846,1505.706811,1516.45,-10.74318916,478
660,400,10.70815,35.28565,0.3102,1499.228532,1514.16,-14.93146769,478
661,1,24.637,19.7583,2.9958,1516.865681,1505.89,10.97568063,53
662,2,24.78005,24.76225,0.1691,1522.682638,1505.89,16.79263781,53
663,5,24.79045,36.19065,0.3036,1535.167661,1505.89,29.27766072,53
664,10,24.7894,36.19085,0.30135,1535.246884,1505.89,29.35688435,53
665,20,24.7883,36.19095,0.2943,1535.407418,1510.845,24.56241756,53
666,30,24.78225,36.19315,0.2947,1535.558448,1518.1,17.45844828,53
667,50,23.49775,36.44145,0.2981,1533.032285,1518.1,14.93228525,53
668,1,24.55165,18.32585,3.87535,1515.087411,1511.035,4.05241089,152
669,2,24.7014,35.02515,0.3068,1533.639261,1511.035,22.60426129,152
670,5,24.3295,36.26515,0.3032,1534.141212,1511.035,23.10621242,152
671,10,24.06365,36.2366,0.30655,1533.545963,1511.035,22.51096269,152
672,20,23.76535,36.25225,0.2964,1532.995698,1515.67,17.32569765,152
673,30,23.77475,36.31355,0.29975,1533.2491,1519.795,13.4540998,152
674,50,22.6584,36.3599,0.29555,1530.837311,1519.795,11.04231103,152
675,75,21.08245,36.49405,0.2925,1527.30202,1525.155,2.147020221,152
676,100,19.7665,36.515,0.29135,1524.172769,1525.38,-1.207230796,152
677,150,16.56705,36.18445,0.31585,1515.375831,1524.59,-9.214169025,152
678,1,29.6713,33.4016,7.9144,1543.047239,1542.97,0.077239325,15
679,2,29.6974,33.3724,4.18225,1543.087746,1542.97,0.117745653,15
680,5,29.5333,33.48975,0.4341,1542.915285,1542.97,-0.054715482,15
681,10,28.7231,35.02975,0.4402,1542.888676,1542.97,-0.081323599,15
682,1,24.62345,35.159,1.29405,1533.580854,1499.725,33.85585419,78
683,2,24.5333,34.32865,0.4617,1532.475819,1499.725,32.75081882,78
684,5,24.6053,36.26955,0.30335,1534.810372,1499.725,35.08537226,78
685,10,24.1078,36.252,0.3083,1533.670364,1499.725,33.94536361,78
686,20,23.7869,36.2774,0.3102,1533.07625,1506.29,26.78624958,78
687,30,23.79065,36.34035,0.30745,1533.317551,1513.89,19.42755075,78
688,50,22.65715,36.4282,0.30255,1530.909797,1513.89,17.01979739,78
689,75,21.1165,36.4871,0.29615,1527.384598,1522.94,4.444597785,78
690,1,22.54845,33.1555,0.38535,1526.205284,1496.785,29.42028369,42
691,2,22.6771,37.00855,0.30355,1530.820382,1496.785,34.03538193,42
692,5,22.6288,36.3435,0.3365,1530.010037,1496.785,33.22503659,42
693,10,22.38725,36.34305,0.33455,1529.475003,1496.785,32.69000274,42
694,20,22.22605,36.3382,0.344,1529.219128,1503.81,25.40912807,42
695,30,22.1599,36.33235,0.35845,1529.205442,1509.745,19.46044234,42
696,1,28.9815,33.68855,1.5445,1541.891732,1539.32,2.571732167,39
697,2,28.98215,33.7272,0.2719,1541.949725,1539.32,2.629725397,39
698,5,29.37255,34.6738,0.53955,1543.807867,1539.32,4.487867312,39
699,10,29.54965,36.10985,0.4379,1545.748386,1539.32,6.428386016,39
700,20,25.8834,36.1011,0.4522,1537.882591,1539.32,-1.437408867,39
701,30,22.97965,36.21245,0.43495,1531.160079,1537.28,-6.119921308,39
702,1,29.4149,33.42395,4.4564,1542.533276,1499.36,43.17327639,830
703,2,29.54265,34.9692,2.62615,1544.420432,1499.36,45.06043194,830
704,5,29.5413,35.29345,0.41955,1544.802841,1499.36,45.44284137,830
705,10,29.67125,35.77565,0.41615,1545.653058,1499.36,46.29305798,830
706,20,26.567,36.1938,0.3951,1539.545366,1499.36,40.18536626,830
707,30,25.64015,36.4211,0.3843,1537.826139,1509.76,28.06613865,830
708,50,23.17175,36.39065,0.3889,1532.164969,1509.76,22.40496861,830
709,75,19.98285,36.34145,0.39975,1524.16217,1509.76,14.40217042,830
710,100,18.9263,36.3528,0.38445,1521.642888,1514.55,7.092888081,830
711,150,17.1548,36.259,0.3741,1517.221604,1514.55,2.671603729,830
712,200,14.8549,35.8886,0.36445,1510.554848,1512.145,-1.590151536,830
713,300,11.9196,35.4131,0.36745,1501.957092,1510.03,-8.072908138,830
714,400,9.8355,35.10965,0.3623,1495.89195,1508,-12.10804982,830
715,500,8.47435,34.9575,0.3647,1492.339032,1504.855,-12.51596815,830
716,750,6.11415,34.84895,0.3704,1487.225975,1501.705,-14.4790249,830
717,1,16.6163,24.5445,9.1618,1499.476834,1480.155,19.32183398,27
718,2,16.14265,34.87855,2.0216,1510.138054,1480.155,29.98305427,27
719,5,16.1163,36.0643,0.9219,1511.499184,1480.155,31.34418358,27
720,10,15.9606,36.05275,1.09425,1511.090366,1480.155,30.93536553,27
721,20,15.7684,36.0156,1.58345,1510.618326,1480.155,30.46332552,27
722,1,22.6063,36.2826,0.3633,1529.820137,1529.69,0.130136508,22
723,2,22.60575,36.28125,0.3661,1529.833542,1529.79,0.043541747,22
724,5,22.5956,36.28175,0.3525,1529.857176,1529.79,0.067176109,22
725,10,22.3678,36.2631,0.35705,1529.336407,1529.79,-0.453593343,22
726,20,22.3389,36.2591,0.3762,1529.420951,1529.79,-0.36904866,22
727,1,30.47235,34.9747,1.0062,1546.315178,1546.07,0.245177612,10
728,2,30.46565,34.99195,0.4539,1546.33567,1546.07,0.265670492,10
729,5,30.45685,35.06,0.48935,1546.436736,1546.07,0.36673574,10
730,10,30.0465,35.0914,0.5307,1545.716381,1546.07,-0.353619328,10
731,1,13.0339,13.1704,17.6057,1473.994739,1385.13,88.86473881,15
732,2,13.4411,34.6299,1.32005,1501.249853,1385.13,116.1198526,15
733,5,13.45875,35.4814,0.8258,1502.380489,1385.13,117.2504895,15
734,10,13.4496,35.48215,0.86155,1502.432821,1385.13,117.3028206,15
735,1,11.7752,25.46505,0.7564,1484.443561,1436.98,47.46356144,9
736,2,11.3802,35.5879,0.76305,1495.439042,1436.98,58.45904234,9
737,5,11.57845,34.35,0.76755,1494.662236,1436.98,57.68223574,9
738,1,28.1296,33.30555,0.9316,1539.652199,1539.67,-0.01780081,18
739,2,28.09125,33.11085,0.9171,1539.379707,1539.67,-0.290292812,18
740,5,28.06105,32.9717,0.89475,1539.215931,1539.67,-0.454069419,18
741,10,28.05865,32.9285,0.8965,1539.246709,1539.67,-0.423290797,18
742,1,19.68285,25.7478,1.28845,1510.070746,1464.15,45.92074649,19
743,2,23.73655,34.0468,1.39335,1530.212654,1464.15,66.06265351,19
744,5,23.79785,34.3761,0.7932,1530.774631,1464.15,66.62463116,19
745,10,23.8262,34.40175,0.8163,1530.954424,1464.15,66.80442361,19
746,1,18.3896,12.4227,0.2142,1490.944493,1481.93,9.014493133,18
747,2,16.0853,32.8643,0.56895,1507.595119,1481.93,25.66511879,18
748,5,14.40925,35.1931,0.5967,1505.122336,1481.93,23.19233581,18
749,10,13.40785,35.2662,0.6258,1502.035769,1481.93,20.10576943,18
750,1,17.044,25.4459,1.9695,1501.859336,1448.09,53.76933646,21
751,2,17.45085,36.51045,0.7383,1515.972519,1464.46,51.51251946,21
752,5,17.55515,35.6637,0.84695,1515.34547,1464.46,50.88547009,21
753,10,17.2055,35.71785,0.85875,1514.456555,1464.46,49.9965552,21
754,20,16.8994,35.62675,1.05105,1513.600576,1464.46,49.14057604,21
755,1,24.52885,32.2255,1.1397,1530.159285,1495.77,34.38928506,19
756,2,24.52885,35.7307,1.24055,1533.991274,1495.77,38.22127369,19
757,5,24.52935,35.79075,1.1706,1534.106751,1495.77,38.33675107,19
758,10,24.52885,35.7893,1.2031,1534.18548,1495.77,38.41548049,19
759,1,28.2726,29.75985,4.35735,1536.240683,1514.25,21.99068344,48
760,2,28.24255,32.75985,0.9466,1539.34194,1514.25,25.09193975,48
761,5,28.24145,32.6761,0.87235,1539.300457,1514.25,25.05045707,48
762,10,28.2143,32.76875,0.8743,1539.419925,1514.25,25.16992514,48
763,20,28.1372,33.16805,0.9059,1539.833998,1514.25,25.58399806,48
764,30,27.8887,33.48895,0.87485,1539.789389,1514.25,25.53938859,48
765,1,18.7492,15.0182,0.4403,1495.037762,1479.2,15.83776215,33
766,2,18.55535,33.9821,0.40435,1516.264757,1487.755,28.50975731,33
767,5,18.38325,35.9386,0.4238,1518.070176,1487.755,30.31517582,33
768,10,17.153,36.00415,0.45485,1514.633859,1487.755,26.87885897,33
769,20,16.70935,35.9832,0.5686,1513.446433,1487.755,25.69143307,33
770,30,16.70275,36.0615,0.5493,1513.681184,1496.31,17.3711838,33
771,1,23.8143,25.8967,1.96345,1521.457548,1499.835,21.62254843,38
772,2,24.29825,34.5399,1.26695,1532.134539,1499.835,32.29953948,38
773,5,24.3804,35.7567,1.1272,1533.709971,1499.835,33.87497135,38
774,10,24.35035,35.75945,1.14635,1533.72172,1499.835,33.88672012,38
775,20,23.64675,35.83835,1.15985,1532.249201,1499.835,32.41420145,38
776,30,22.22255,36.1016,1.1658,1529.11006,1499.835,29.27506029,38
777,1,21.41245,22.8284,1.8788,1511.654503,1495.445,16.20950302,42
778,2,22.84595,34.2564,0.9596,1528.203296,1495.445,32.75829605,42
779,5,23.0596,35.49675,0.6743,1530.163556,1495.445,34.7185562,42
780,10,23.05335,35.49665,0.68425,1530.229217,1495.445,34.78421661,42
781,20,22.59165,35.65085,0.7118,1529.392375,1495.445,33.94737526,42
782,30,21.4828,36.01565,0.7374,1527.089196,1508.735,18.35419628,42
783,1,19.21885,28.6409,1.77585,1512.035714,1487.58,24.45571359,46
784,2,19.4783,35.2974,0.9251,1520.387439,1487.58,32.80743927,46
785,5,19.5011,35.88505,0.79145,1521.169966,1487.58,33.5899657,46
786,10,19.4964,35.88475,0.78205,1521.23805,1487.58,33.65805008,46
787,20,19.127,35.8848,0.7896,1520.36722,1487.58,32.78722035,46
788,30,18.975,35.9134,0.8167,1520.134503,1498.47,21.66450309,46
789,1,18.904,13.7422,16.9053,1494.047481,1500.7,-6.652518759,96
790,2,20.20205,36.8428,0.77,1524.138483,1510.205,13.93348262,96
791,5,20.14635,35.94515,0.7688,1523.01829,1510.205,12.8132903,96
792,10,20.21665,35.9962,0.77115,1523.349588,1510.205,13.14458771,96
793,20,20.35165,36.1184,0.76015,1524.018375,1510.205,13.81337517,96
794,30,20.3202,36.11365,0.746,1524.090639,1516.035,8.055638625,96
795,50,20.31375,36.11435,0.73875,1524.400164,1516.035,8.365164148,96
796,75,18.93185,35.9551,0.7617,1520.794594,1516.035,4.759594353,96
797,1,21.65255,30.5431,0.19195,1520.94312,1507.825,13.11812045,90
798,2,21.71395,35.2288,0.2449,1526.359395,1507.825,18.53439453,90
799,5,21.72655,35.633,0.36275,1526.892931,1507.825,19.06793098,90
800,10,21.7271,35.63535,0.40935,1526.978508,1507.825,19.15350794,90
801,20,21.7632,35.66675,0.4708,1527.271014,1507.825,19.44601402,90
802,30,21.8025,35.688,0.5136,1527.560451,1509.94,17.62045065,90
803,50,21.93215,35.79965,0.4954,1528.348944,1520.935,7.413943971,90
804,75,20.595,36.5384,0.5026,1526.04845,1521.96,4.088449521,90
805,1,28.5109,33.3707,0.96265,1540.549931,1536.775,3.774931477,83
806,2,28.5198,33.48635,0.82855,1540.706636,1536.775,3.93163616,83
807,5,28.51895,33.44555,0.82685,1540.710958,1536.775,3.935957917,83
808,10,28.5477,33.3454,0.8227,1540.749673,1536.775,3.974673485,83
809,20,28.6409,34.03445,0.8029,1541.834799,1536.775,5.059798721,83
810,30,28.62205,34.89935,0.79025,1542.862627,1536.775,6.087626718,83
811,50,24.7868,36.3071,0.80195,1536.019318,1536.775,-0.755681762,83
812,75,20.88495,36.484,0.78835,1526.764697,1535.78,-9.015303028,83
813,1,18.6452,18.0297,0.2848,1498.17925,1420.81,77.36924991,82
814,2,18.58075,36.1583,0.37455,1518.839485,1461.35,57.48948512,82
815,5,18.58155,35.82935,0.2921,1518.512531,1461.35,57.16253089,82
816,10,18.02245,35.7702,0.28745,1516.915724,1461.35,55.56572356,82
817,20,17.46135,35.92085,0.2059,1515.612326,1461.35,54.26232595,82
818,30,16.9528,35.84965,0.23935,1514.183444,1485.03,29.15344437,82
819,50,16.3839,35.94735,0.1962,1512.910692,1485.03,27.88069233,82
820,75,16.16285,36.02045,0.2013,1512.731764,1499.475,13.25676381,82
821,1,19.3224,12.1993,0.7837,1493.558159,1472.05,21.50815884,94
822,2,22.65475,34.3782,0.6592,1527.849922,1495.105,32.74492167,94
823,5,22.8359,35.70275,0.6736,1529.826165,1495.105,34.72116482,94
824,10,22.77905,35.71015,0.6887,1529.771759,1495.105,34.66675919,94
825,20,22.72825,35.71365,0.714,1529.809716,1495.105,34.70471595,94
826,30,22.36885,35.78975,0.72065,1529.139471,1509.57,19.56947091,94
827,50,19.47165,36.2216,0.7124,1522.20566,1509.57,12.63565979,94
828,75,18.5766,36.22565,0.8924,1520.095901,1518.095,2.000901284,94
829,1,24.14555,29.117,1.77185,1525.820462,1500.935,24.8854617,92
830,2,24.279,35.0418,1.07285,1532.635226,1500.935,31.70022563,92
831,5,24.2989,35.82625,1.113,1533.588354,1500.935,32.65335398,92
832,10,24.31055,35.83215,1.1784,1533.704554,1500.935,32.76955355,92
833,20,23.47385,35.9549,1.1946,1531.948809,1500.935,31.01380901,92
834,30,22.7595,35.8989,1.1704,1530.257175,1493.38,36.87717538,92
835,50,21.1636,36.2263,1.2072,1526.808567,1493.38,33.4285672,92
836,75,20.4443,36.24735,1.2211,1525.312787,1500.935,24.37778675,92
837,1,19.3964,19.2343,1.213,1501.81122,1480.45,21.36121958,95
838,2,19.993,33.3417,0.8448,1519.594229,1480.45,39.14422933,95
839,5,20.1098,35.7684,0.7746,1522.717926,1480.45,42.26792592,95
840,10,20.12805,35.83115,1.05395,1522.920531,1498.71,24.21053101,95
841,20,20.2521,36.00835,0.7699,1523.623031,1498.71,24.91303067,95
842,30,20.1971,35.94285,0.7543,1523.561944,1509.495,14.06694354,95
843,50,20.03975,36.03695,0.75765,1523.564554,1509.495,14.06955406,95
844,75,19.11655,36.02715,0.82995,1521.398041,1502.02,19.37804088,95
845,1,24.2613,22.6553,3.1831,1519.058161,1494.12,24.9381607,18
846,2,24.3766,36.1031,0.93915,1534.029495,1494.12,39.90949461,18
847,5,24.37685,35.85305,1.0522,1533.806414,1494.12,39.68641355,18
848,10,24.3706,35.85925,1.1226,1533.879562,1494.12,39.75956163,18
849,1,20.97215,22.97425,0.18565,1510.591231,1496.41,14.18123121,153
850,2,22.82375,33.9454,0.1591,1527.802754,1496.41,31.39275432,153
851,5,23.28645,36.34345,0.27125,1531.665469,1496.41,35.25546858,153
852,10,23.28555,36.3458,0.328,1531.747325,1496.41,35.33732533,153
853,20,23.2889,36.348,0.3428,1531.92115,1496.41,35.51115025,153
854,30,23.29175,36.3476,0.35435,1532.090898,1511.895,20.19589786,153
855,50,23.29275,36.3443,0.34885,1532.416023,1519.6,12.81602284,153
856,75,20.6809,36.56465,0.3469,1526.309071,1522.46,3.849071071,153
857,100,19.4117,36.51425,0.3306,1523.188847,1522.935,0.253847497,153
858,150,17.3714,36.3191,0.4394,1517.932372,1522.73,-4.797628495,153
859,1,28.23915,28.24255,1.18195,1534.572563,1513.98,20.59256253,165
860,2,28.4103,32.73985,1.283,1539.686752,1513.98,25.70675207,165
861,5,28.53725,33.60775,0.8321,1540.920395,1513.98,26.94039477,165
862,10,28.5521,33.9292,0.81395,1541.370615,1513.98,27.3906147,165
863,20,29.0138,34.8689,0.80365,1543.500852,1513.98,29.52085152,165
864,30,28.44445,35.59555,0.8054,1543.211591,1524.025,19.1865908,165
865,50,25.67435,36.84835,0.78665,1538.691949,1524.025,14.66694927,165
866,75,21.26545,36.58205,0.7659,1527.8855,1524.025,3.860500178,165
867,100,18.589,36.428,0.75755,1520.772099,1527.545,-6.772901216,165
868,150,15.96115,36.1082,0.7477,1513.442998,1527.545,-14.10200196,165
869,1,20.8269,22.79765,0.1812,1509.984378,1483.385,26.59937775,205
870,2,22.6944,32.95225,0.1779,1526.372283,1483.385,42.98728326,205
871,5,23.32045,36.3509,0.2724,1531.758397,1483.385,48.37339743,205
872,10,23.32545,36.35285,0.3262,1531.854509,1483.385,48.46950907,205
873,20,23.33,36.3533,0.3491,1532.029385,1483.385,48.64438453,205
874,30,23.32725,36.35375,0.36545,1532.186116,1504.74,27.4461158,205
875,50,23.3336,36.3535,0.4062,1532.527918,1515.465,17.06291776,205
876,75,21.14085,36.58965,0.4619,1527.564378,1519.305,8.259378008,205
877,100,19.62025,36.5196,0.48325,1523.773976,1521.005,2.768976337,205
878,150,17.3555,36.31285,0.48135,1517.878199,1521.08,-3.201801155,205
879,200,15.74085,36.0726,0.5106,1513.54103,1520.44,-6.898970304,205
880,1,23.8197,15.6193,2.4146,1510.208913,1493.16,17.04891313,183
881,2,24.17895,34.21165,1.09785,1531.484597,1507.645,23.83959683,183
882,5,24.2121,35.55565,0.9962,1533.082111,1507.645,25.43711068,183
883,10,24.2054,35.5536,1.01145,1533.145073,1507.645,25.50007278,183
884,20,24.32675,35.7314,1.00095,1533.796988,1507.645,26.15198845,183
885,30,23.3406,35.8871,1.0041,1531.705683,1517.87,13.8356833,183
886,50,21.4314,36.1316,1.00645,1527.410063,1517.87,9.540063456,183
887,75,20.04275,36.13015,0.99945,1524.086536,1517.87,6.21653577,183
888,100,19.50545,36.1851,0.9899,1523.07431,1517.87,5.204310407,183
889,150,15.89585,36.0932,0.9667,1513.224829,1517.87,-4.645170816,183
890,1,19.82175,25.09825,8.28525,1509.730738,1465.875,43.85573838,153
891,2,19.90915,35.5076,0.9547,1521.821853,1465.875,55.94685263,153
892,5,19.91485,36.25525,0.37215,1522.7357,1465.875,56.86070012,153
893,10,19.8077,36.2856,0.40375,1522.556822,1465.875,56.68182237,153
894,20,19.0612,36.14155,0.428,1520.475804,1465.875,54.60080377,153
895,30,18.1716,35.9929,0.42795,1517.930826,1490.245,27.68582646,153
896,50,17.7298,35.9257,0.39205,1516.895336,1492.035,24.86033608,153
897,75,16.84055,35.83715,0.42085,1514.567149,1506.605,7.962149368,153
898,100,16.66485,36.0611,0.42985,1514.709205,1506.605,8.104205036,153
899,150,16.2029,36.0392,0.37795,1514.101235,1509.15,4.951234758,153
900,1,21.49225,23.76335,0.9434,1512.922245,1483.55,29.37224518,188
901,2,23.38985,33.8207,0.66645,1529.098307,1483.55,45.54830654,188
902,5,23.494,34.5344,0.6529,1530.192881,1483.55,46.64288057,188
903,10,23.5189,34.57515,0.70285,1530.381318,1483.55,46.83131841,188
904,20,22.78065,35.0527,0.7855,1529.211401,1483.55,45.66140089,188
905,30,20.9478,36.2345,0.8252,1525.917372,1503.16,22.75737204,188
906,50,19.49755,36.31315,0.9685,1522.382093,1503.16,19.22209275,188
907,75,18.61055,36.30205,0.83725,1520.280537,1503.16,17.12053735,188
908,100,17.83045,36.2978,0.8075,1518.436142,1503.16,15.27614238,188
909,150,16.033,36.09955,0.8228,1513.653043,1516.755,-3.10195652,188
910,1,19.1079,30.08805,1.81055,1513.371385,1491.165,22.20638469,182
911,2,19.24955,35.7463,0.7242,1520.259693,1491.165,29.09469309,182
912,5,19.24835,35.63795,0.75395,1520.181418,1491.165,29.01641821,182
913,10,19.18745,35.72125,0.75815,1520.18711,1491.165,29.02211037,182
914,20,19.16975,35.7599,0.79005,1520.344601,1491.165,29.17960068,182
915,30,19.1235,35.7846,0.7351,1520.405829,1504.435,15.97082893,182
916,50,19.1163,35.79825,0.7386,1520.727443,1504.435,16.29244342,182
917,75,19.0879,35.8569,0.73035,1521.122595,1504.435,16.68759477,182
918,100,18.7304,36.1485,0.7521,1520.853501,1514.695,6.158500646,182
919,150,16.87235,36.2486,0.7701,1516.36792,1514.695,1.672920051,182
920,1,24.33205,35.50985,1.1597,1533.258448,1533.22,0.038448396,51
921,2,24.33335,35.55915,1.0618,1533.331669,1533.22,0.111668761,51
922,5,24.3411,35.56935,1.1101,1533.410492,1533.22,0.19049236,51
923,10,24.2922,35.5681,1.15955,1533.371972,1533.22,0.151971729,51
924,20,24.244,35.7465,1.1608,1533.612607,1533.22,0.392606718,51
925,30,23.0963,35.88315,1.16655,1531.089881,1533.22,-2.1301189,51
926,50,21.22765,36.1502,1.1598,1526.892881,1533.22,-6.327118904,51
927,1,28.5567,31.14135,2.8526,1538.314107,1508.095,30.2191067,340
928,2,28.65705,33.1069,0.89845,1540.605533,1508.095,32.51053297,340
929,5,28.54865,33.2613,0.91595,1540.582129,1508.095,32.4871286,340
930,10,28.5001,33.7645,0.90145,1541.085945,1508.095,32.99094533,340
931,20,28.6674,35.07535,0.8976,1542.980615,1508.095,34.88561541,340
932,30,28.59935,35.67615,0.8892,1543.627247,1508.095,35.53224707,340
933,50,24.723,37.41005,0.8711,1537.065415,1518.035,19.03041475,340
934,75,21.22545,36.6385,0.8387,1527.843161,1518.035,9.808160605,340
935,100,19.21925,36.4377,0.82025,1522.56399,1518.035,4.52899025,340
936,150,16.68465,36.2135,0.80275,1515.764007,1520.975,-5.210992636,340
937,200,14.332,35.8481,0.7888,1508.840827,1518.28,-9.439172821,340
938,300,10.7673,35.2971,0.76655,1497.810035,1515.72,-17.90996531,340
939,1,21.6672,24.11745,0.623,1513.798976,1491.055,22.74397574,377
940,2,23.55485,33.28425,0.6699,1528.922395,1491.055,37.86739498,377
941,5,23.86365,34.93905,0.7076,1531.554067,1491.055,40.49906726,377
942,10,23.89355,34.9665,0.6579,1531.739334,1491.055,40.6843337,377
943,20,23.9022,35.7053,0.823,1532.732677,1491.055,41.6776766,377
944,30,21.8835,36.1635,0.8517,1528.302101,1505.88,22.42210148,377
945,50,19.03625,36.3096,0.92885,1521.087266,1505.88,15.20726573,377
946,75,17.9287,36.2556,0.8803,1518.264905,1514.095,4.169904555,377
947,100,16.973,36.2299,0.85735,1515.829692,1513.92,1.909691962,377
948,150,14.99835,35.95165,0.7796,1510.264654,1513.025,-2.760345669,377
949,200,12.9796,35.6346,0.76685,1504.165372,1511.665,-7.499627671,377
950,300,10.74805,35.2894,0.71885,1497.732628,1510.29,-12.55737178,377
951,1,25.00435,30.93695,2.3944,1529.917896,1497.645,32.27289617,392
952,2,25.232,34.3863,1.2799,1534.214561,1497.645,36.56956115,392
953,5,25.32325,34.958,1.25345,1535.097496,1497.645,37.45249554,392
954,10,25.3298,35.8074,1.27195,1536.112143,1497.645,38.46714261,392
955,20,25.14065,35.98565,1.30325,1536.02185,1497.645,38.37684988,392
956,30,24.48615,36.27705,1.3133,1534.939836,1497.645,37.29483604,392
957,50,22.2012,36.2328,1.3655,1529.527306,1502.93,26.59730554,392
958,75,20.8257,36.30455,1.32415,1526.404151,1497.645,28.75915149,392
959,100,19.7577,36.4202,1.3209,1524.040672,1497.645,26.39567196,392
960,150,16.6802,36.212,1.3147,1515.748872,1502.93,12.81887225,392
961,200,14.59905,35.89245,1.289,1509.747333,1502.175,7.572333475,392
962,300,11.9721,35.4698,1.30905,1502.205723,1501.42,0.785723095,392
963,1,21.19245,29.7653,1.2028,1518.831676,1499.52,19.31167563,378
964,2,21.16605,35.51885,0.8362,1525.237749,1499.52,25.71774884,378
965,5,21.16435,36.2887,0.7733,1526.146723,1499.52,26.62672308,378
966,10,21.1623,36.2996,0.7653,1526.235041,1499.52,26.71504114,378
967,20,21.17305,36.33835,0.768,1526.470108,1499.52,26.95010839,378
968,30,21.127,36.33475,0.7678,1526.50701,1509.205,17.30201035,378
969,50,21.0283,36.30375,0.7568,1526.536093,1509.205,17.33109283,378
970,75,20.982,36.2867,0.7649,1526.801605,1509.205,17.59660495,378
971,100,19.6093,36.51025,0.7487,1523.733009,1516.375,7.358009384,378
972,150,17.1848,36.30515,0.72435,1517.364316,1516.375,0.989316029,378
973,200,14.45745,35.86685,0.7423,1509.264975,1516.02,-6.755024641,378
974,300,11.4832,35.39805,0.70245,1500.436176,1514.48,-14.04382439,378
975,1,20.0517,25.50765,6.4758,1510.853006,1497.08,13.77300576,351
976,2,20.1484,35.5197,0.9866,1522.492751,1497.08,25.41275119,351
977,5,20.1051,36.35805,0.56295,1523.373675,1497.08,26.2936745,351
978,10,19.47185,36.2398,0.5674,1521.574572,1497.08,24.49457163,351
979,20,19.0963,36.17175,0.6784,1520.609155,1497.08,23.52915526,351
980,30,18.93595,36.149,0.5804,1520.294094,1506.44,13.85409441,351
981,50,18.81665,36.2105,0.6389,1520.35322,1511.525,8.828219802,351
982,75,18.9646,36.3081,0.6225,1521.291576,1513.09,8.201576244,351
983,100,18.48735,36.1714,0.6242,1520.18671,1513.09,7.096710138,351
984,150,17.23105,36.2961,0.5693,1517.490831,1514.14,3.350830554,351
985,200,15.0321,35.9587,0.6392,1511.197175,1513.885,-2.687824605,351
986,300,11.9527,35.47725,0.72695,1502.148463,1512.295,-10.14653736,351
987,1,25.316,30.5207,2.66605,1530.220615,1498.7,31.52061481,51
988,2,25.2756,34.6531,1.3235,1534.606396,1498.7,35.90639629,51
989,5,25.26595,35.16785,1.2558,1535.188899,1498.7,36.48889942,51
990,10,25.2553,35.7673,1.33985,1535.89332,1498.7,37.19331973,51
991,20,24.6643,36.0843,1.40325,1534.994952,1498.7,36.29495245,51
992,30,23.963,36.257,1.4753,1533.648667,1498.7,34.94866702,51
993,50,22.24355,36.3767,1.49775,1529.796278,1498.7,31.09627767,51
994,1,21.1962,11.085,0.2209,1497.868761,1484.98,12.88876128,170
995,2,23.1142,32.526,0.3075,1526.975078,1484.98,41.99507792,170
996,5,23.4549,36.1634,0.3657,1531.886434,1484.98,46.90643408,170
997,10,23.471,36.1637,0.3947,1532.00824,1484.98,47.02823985,170
998,20,23.4566,36.1667,0.4467,1532.138846,1484.98,47.15884597,170
999,30,23.4575,36.17,0.4404,1532.307792,1508.6,23.70779228,170
1000,50,23.4346,36.1735,0.313,1532.581039,1508.6,23.981039,170
1001,75,21.4199,36.6279,0.313,1528.343874,1524.24,4.103874357,170
1002,100,19.5566,36.5227,0.2984,1523.60115,1524.24,-0.638849897,170
1003,150,17.2226,36.3146,0.2927,1517.487329,1524.4,-6.912671189,170
1004,1,22.31615,22.70335,0.15805,1513.988884,1476.745,37.24388373,966
1005,2,23.3603,33.2563,0.17595,1528.402905,1476.745,51.65790483,966
1006,5,23.6423,36.1958,0.2718,1532.385998,1476.745,55.64099763,966
1007,10,23.6523,36.1992,0.3299,1532.495927,1476.745,55.75092685,966
1008,20,23.6327,36.19535,0.31885,1532.606362,1476.745,55.86136194,966
1009,30,23.6538,36.1993,0.3411,1532.825872,1496.32,36.50587224,966
1010,50,23.54065,36.1735,0.4109,1532.844075,1496.32,36.52407516,966
1011,75,21.38025,36.60065,0.41355,1528.209038,1509.7,18.50903754,966
1012,100,19.57005,36.53805,0.39185,1523.655933,1509.7,13.95593268,966
1013,150,17.0742,36.28575,0.3519,1517.013289,1510.835,6.178288896,966
1014,200,15.07125,35.97225,0.35925,1511.336399,1510.13,1.206398705,966
1015,300,13.0863,35.64135,0.3108,1506.166266,1508.17,-2.003734198,966
1016,400,10.2341,35.2164,0.28305,1497.457587,1506.34,-8.882412817,966
1017,500,8.45945,35.00845,0.2845,1492.347098,1504.45,-12.10290208,966
1018,750,6.3437,34.89945,0.26575,1488.199177,1501.45,-13.25082282,966
1019,1,26.3378,35.3806,2.2675,1537.844922,1537.99,-0.145078107,23
1020,2,26.3817,35.3087,1.086,1537.884662,1537.99,-0.105337879,23
1021,5,26.1069,35.3495,1.251,1537.346824,1537.99,-0.64317649,23
1022,10,25.5915,35.3571,1.2747,1536.240165,1537.99,-1.749834877,23
1023,20,25.8443,36.0847,1.3834,1537.774541,1537.99,-0.215458986,23
1024,1,17.8855,22.0662,1.2711,1500.519684,1486.72,13.79968416,998
1025,2,20.9946,35.599,0.83795,1524.870821,1492.585,32.2858214,998
1026,5,21.1411,36.1982,0.817,1525.983392,1492.585,33.39839173,998
1027,10,21.15665,36.22295,0.79265,1526.133969,1492.585,33.54896861,998
1028,20,21.05295,36.3121,0.7511,1526.121722,1492.585,33.53672223,998
1029,30,21.091,36.3351,0.74605,1526.411808,1502.45,23.96180838,998
1030,50,21.13415,36.36085,0.74885,1526.881572,1502.45,24.43157153,998
1031,75,20.35395,36.48285,0.7471,1525.334319,1502.45,22.88431859,998
1032,100,18.77985,36.414,0.82545,1521.298612,1509.56,11.73861169,998
1033,150,17.52885,36.3019,0.79755,1518.375827,1509.56,8.815826793,998
1034,200,15.19735,35.9906,0.6936,1511.753921,1509.375,2.378920658,998
1035,300,11.9886,35.4776,0.6866,1502.271606,1509.375,-7.103394463,998
1036,400,9.8964,35.1834,0.67655,1496.2033,1506.825,-10.62170012,998
1037,500,8.36155,35.0061,0.66745,1491.977122,1504.29,-12.31287848,998
1038,750,6.14125,34.90325,0.6501,1487.402878,1500.565,-13.16212207,998
1039,1,21.4446,16.6143,0.0959,1504.782557,1493.27,11.51255688,397
1040,2,19.15365,35.48975,0.43045,1519.696897,1497.99,21.70689685,397
1041,5,19.06895,36.0169,0.59375,1520.110396,1497.99,22.12039576,397
1042,10,18.90965,36.01805,0.65835,1519.743521,1497.99,21.75352123,397
1043,20,17.5469,35.76015,0.7517,1515.677659,1497.99,17.68765913,397
1044,30,17.41115,35.74645,0.71425,1515.424825,1503.53,11.89482549,397
1045,50,17.65515,35.84405,0.68505,1516.582153,1503.53,13.05215335,397
1046,75,17.35855,35.8481,0.7957,1516.121835,1507.225,8.896834738,397
1047,100,17.0718,36.1793,0.7883,1516.06507,1507.225,8.840069997,397
1048,150,14.44065,35.86755,0.79995,1508.394199,1508.04,0.354199047,397
1049,200,12.34225,35.54375,0.75105,1501.91643,1507.345,-5.428570037,397
1050,300,9.7835,35.17225,0.717,1494.139966,1504.725,-10.58503408,397
1051,1,26.3378,35.3806,2.2675,1537.844922,1537.99,-0.145078107,23
1052,2,26.3817,35.3087,1.086,1537.884662,1537.99,-0.105337879,23
1053,5,26.1069,35.3495,1.251,1537.346824,1537.99,-0.64317649,23
1054,10,25.5915,35.3571,1.2747,1536.240165,1537.99,-1.749834877,23
1055,20,25.8443,36.0847,1.3834,1537.774541,1537.99,-0.215458986,23
1056,1,19.97755,24.26625,0.65925,1509.232371,1490.615,18.61737081,744
1057,2,19.44815,34.31645,1.3794,1519.184301,1490.615,28.56930076,744
1058,5,19.33915,35.7829,0.55995,1520.601421,1490.615,29.98642128,744
1059,10,18.96145,36.0271,0.56995,1519.900341,1490.615,29.28534061,744
1060,20,18.8422,36.07825,0.59615,1519.784597,1490.615,29.16959681,744
1061,30,18.15035,35.97465,0.6585,1517.848371,1499.25,18.5983711,744
1062,50,18.7329,36.19625,0.8121,1520.099178,1499.25,20.84917768,744
1063,75,18.6046,36.1884,0.57515,1520.132959,1504.62,15.51295947,744
1064,100,17.27015,36.14,0.71315,1516.607949,1504.92,11.68794933,744
1065,150,14.4469,35.8759,0.62695,1508.424142,1505.68,2.744142139,744
1066,200,12.38235,35.5447,0.718,1502.053236,1504.995,-2.941764476,744
1067,300,9.5148,35.13335,0.62205,1493.115729,1502.075,-8.959270659,744
1068,400,7.487,34.93815,0.62245,1486.927609,1499.515,-12.58739053,744
1069,500,6.82865,34.90585,0.6459,1485.984341,1498.44,-12.45565932,744
1070,1,19.8632,24.85085,0.47885,1509.568472,1491.86,17.70847163,396
1071,2,20.28255,37.50255,0.5681,1525.104077,1491.86,33.2440771,396
1072,5,20.24985,36.49085,0.59455,1523.91874,1491.86,32.05873964,396
1073,10,20.20745,36.49155,0.7042,1523.885662,1491.86,32.02566231,396
1074,20,19.89525,36.4836,0.78595,1523.185809,1491.86,31.32580901,396
1075,30,19.8225,36.4807,0.863,1523.14553,1503.95,19.19553047,396
1076,50,19.8156,36.4956,0.94045,1523.46974,1503.95,19.5197399,396
1077,75,19.5931,36.4591,1.3131,1523.221644,1514.43,8.791644405,396
1078,100,18.8678,36.3017,1.1246,1521.418925,1512.71,8.708925266,396
1079,150,16.6842,36.2141,1.3789,1515.763356,1513.67,2.093355637,396
1080,200,14.64545,35.89825,1.3774,1509.901926,1513.12,-3.218074268,396
1081,300,11.30015,35.37875,1.3557,1499.777202,1512.04,-12.26279848,396
1082,1,20.5452,29.6523,1.19315,1516.929885,1490.25,26.67988531,1152
1083,2,21.2679,37.0425,0.65215,1527.217762,1490.25,36.96776208,1152
1084,5,21.2048,36.279,0.7156,1526.243032,1490.25,35.99303221,1152
1085,10,21.2147,36.2792,0.7043,1526.350988,1490.25,36.10098789,1152
1086,20,21.2127,36.27915,0.70335,1526.508686,1490.25,36.25868582,1152
1087,30,21.2167,36.2776,0.6956,1526.680621,1504.63,22.05062123,1152
1088,50,21.22215,36.27885,0.83045,1527.02272,1501.2,25.8227204,1152
1089,75,21.2295,36.2786,0.70015,1527.449915,1501.2,26.24991513,1152
1090,100,21.1897,36.273,0.6989,1527.746447,1509.735,18.01144672,1152
1091,150,18.29845,36.42105,0.68695,1520.749561,1509.735,11.01456112,1152
1092,200,15.93715,36.10425,0.70095,1514.182575,1509.92,4.262574875,1152
1093,300,12.5648,35.56625,0.6689,1504.332951,1509.92,-5.587049445,1152
1094,400,10.4613,35.25925,0.6605,1498.320905,1507.47,-9.14909481,1152
1095,500,8.7338,35.04315,0.65845,1493.414235,1505.04,-11.62576478,1152
1096,750,6.1123,34.9021,0.64055,1487.286521,1501.31,-14.02347899,1152
1097,1000,5.075,34.93185,0.6256,1487.300378,1498.96,-11.65962181,1152
1098,1,28.84,33.1801,0.8918,1541.058911,1511.925,29.13391092,401
1099,2,28.8508,34.1182,0.77825,1542.077987,1511.925,30.15298694,401
1100,5,28.7988,33.95115,0.79335,1541.841384,1511.925,29.91638402,401
1101,10,28.7249,33.9714,0.7944,1541.785934,1511.925,29.86093391,401
1102,20,28.93355,35.7075,0.7887,1544.206008,1511.925,32.28100848,401
1103,30,29.22655,36.08665,0.7744,1545.379225,1521.14,24.23922545,401
1104,50,25.75295,36.38985,0.77245,1538.380567,1521.14,17.24056724,401
1105,75,21.08625,36.51795,0.7431,1527.338972,1521.14,6.198972148,401
1106,100,19.45665,36.4215,0.722,1523.208151,1524.775,-1.56684941,401
1107,150,17.77935,36.3551,0.7157,1519.170603,1524.775,-5.604397016,401
1108,200,15.87495,36.09355,0.70415,1513.978865,1522.095,-8.116134681,401
1109,300,12.73245,35.59335,0.68025,1504.928588,1519.02,-14.09141156,401
1110,400,10.3441,35.23625,0.6685,1497.875075,1516.26,-18.38492512,401
1111,5,34.9313,33.944076,99.891,1553.773758,1498.26,55.51375813,23.3328
1112,10,35.20805344,38.50564684,99.37042214,1558.807995,1515.32,43.48799467,23.3328
1113,20,23.85528234,32.0840673,44.85690137,1528.650409,1505.147962,23.50244697,23.3328
1114,1,19.9524,23.5332,0.7368,1508.327896,1488.35,19.97789586,1096
1115,2,20.20405,34.27305,0.94505,1521.23263,1488.35,32.88263037,1096
1116,5,20.24835,36.47135,0.5628,1523.892577,1488.35,35.54257721,1096
1117,10,20.24315,36.47575,0.62975,1523.964928,1488.35,35.61492789,1096
1118,20,19.9625,36.4565,0.6039,1523.339614,1488.35,34.98961416,1096
1119,30,19.608,36.4282,0.63345,1522.493442,1499.225,23.26844227,1096
1120,50,19.4913,36.4493,0.64665,1522.519956,1499.225,23.29495647,1096
1121,75,19.3044,36.4024,0.7298,1522.35363,1507.255,15.09863047,1096
1122,100,18.67725,36.2686,0.69425,1520.840269,1506.825,14.01526918,1096
1123,150,16.5112,36.18535,0.67445,1515.208262,1507.535,7.673262123,1096
1124,200,14.58335,35.87895,0.84305,1509.681247,1506.94,2.74124687,1096
1125,300,11.026,35.3379,0.73135,1498.769837,1505.85,-7.080163259,1096
1126,400,8.7299,35.04375,0.7824,1491.755789,1503.2,-11.44421143,1096
1127,500,8.0947,34.9776,0.7645,1490.936278,1500.99,-10.05372238,1096
1128,750,6.2477,34.90135,0.7451,1487.822199,1498.435,-10.61280113,1096
1129,1000,5.0506,34.93205,0.78675,1487.201275,1496.855,-9.653725304,1096
1130,1,28.8807,31.364,0.7682,1539.250105,1499.995,39.25510496,1150
1131,2,29.11825,34.38645,0.771,1542.925359,1499.995,42.93035916,1150
1132,5,28.90745,33.94545,0.7682,1542.067285,1499.995,42.07228539,1150
1133,10,28.7057,33.95045,0.78375,1541.722886,1499.995,41.72788561,1150
1134,20,29.1165,35.81885,0.76485,1544.707053,1499.995,44.71205337,1150
1135,30,29.3145,36.1923,0.76965,1545.67243,1510.855,34.81742998,1150
1136,50,26.32145,36.339,0.764,1539.632317,1510.855,28.77731746,1150
1137,75,21.1713,36.48685,0.73875,1527.529603,1510.855,16.67460343,1150
1138,100,19.5735,36.436,0.7227,1523.549223,1515.54,8.009222762,1150
1139,150,17.92975,36.3748,0.70965,1519.631065,1515.54,4.091065145,1150
1140,200,15.79065,36.08145,0.69275,1513.705069,1512.91,0.795069026,1150
1141,300,12.6236,35.57045,0.68035,1504.535729,1509.935,-5.399270534,1150
1142,400,10.30005,35.2297,0.67185,1497.709755,1507.24,-9.530244814,1150
1143,500,8.70185,35.03775,0.67215,1493.288633,1505.025,-11.73636703,1150
1144,750,6.265,34.9001,0.6446,1487.889041,1501.69,-13.80095856,1150
1145,1000,5.1556,34.9282,0.63395,1487.623479,1499.625,-12.00152056,1150
1146,1,19.98245,29.841,1.21835,1515.574758,1496.195,19.37975756,207
1147,2,21.1893,36.32355,0.77555,1526.203086,1496.195,30.00808557,207
1148,5,21.1512,36.2591,0.69445,1526.0786,1496.195,29.88360004,207
1149,10,21.15205,36.26,0.697,1526.163378,1496.195,29.96837848,207
1150,20,21.1533,36.25925,0.69025,1526.328902,1496.195,30.13390233,207
1151,30,21.148,36.2562,0.69345,1526.474499,1509.995,16.47949885,207
1152,50,21.15075,36.2557,0.684,1526.8075,1509.995,16.81249996,207
1153,75,21.1485,36.2535,0.6816,1527.207078,1509.995,17.21207823,207
1154,100,21.1107,36.24995,0.69115,1527.510966,1520.245,7.265966131,207
1155,150,18.25275,36.42775,0.6762,1520.625869,1520.245,0.380869354,207
1156,200,16.0395,36.1251,0.7034,1514.52086,1521.58,-7.059140385,207
1157,1,22.9553,26.10375,0.51595,1519.458755,1491.545,27.91375485,636
1158,2,24.17445,34.48495,0.52375,1531.77207,1491.545,40.22707016,636
1159,5,24.4242,36.3168,0.60095,1534.426226,1491.545,42.88122637,636
1160,10,24.429,36.3173,0.5872,1534.519858,1491.545,42.97485781,636
1161,20,24.42715,36.31755,0.66975,1534.67872,1491.545,43.1337197,636
1162,30,24.4183,36.3125,0.8841,1534.814958,1503.91,30.90495796,636
1163,50,22.29075,36.42565,0.7672,1529.971892,1505.455,24.51689224,636
1164,75,19.9968,36.45385,0.7955,1524.32799,1505.455,18.87298951,636
1165,100,19.18345,36.38795,0.7399,1522.406797,1505.455,16.95179723,636
1166,150,16.98535,36.22625,0.7674,1516.679336,1513.945,2.73433604,636
1167,200,14.54865,35.88365,0.6744,1509.576223,1513.945,-4.368777187,636
1168,300,11.8719,35.4592,0.6815,1501.849854,1511.515,-9.665146365,636
1169,400,9.91865,35.175,0.68565,1496.273176,1508.97,-12.69682428,636
1170,500,8.18425,34.98205,0.67485,1491.279909,1506.875,-15.59509135,636
1171,1,23.71375,25.98485,2.2755,1521.29627,1491.905,29.39126992,1001
1172,2,24.4923,35.43355,0.7683,1533.579558,1491.905,41.67455817,1001
1173,5,24.61665,36.35885,0.6595,1534.934727,1491.905,43.02972652,1001
1174,10,24.5702,36.35475,0.682,1534.900346,1491.905,42.99534566,1001
1175,20,24.50025,36.355,0.7574,1534.895568,1491.905,42.99056797,1001
1176,30,24.4902,36.35645,0.8692,1535.03605,1504.15,30.88605021,1001
1177,50,21.891,36.44815,0.8241,1528.965417,1504.15,24.81541681,1001
1178,75,19.5074,36.3087,0.8712,1522.812418,1504.15,18.6624179,1001
1179,100,19.10755,36.4129,0.79785,1522.222302,1510.845,11.37730186,1001
1180,150,17.13665,36.26985,0.7398,1517.180356,1510.01,7.170356031,1001
1181,200,14.68785,35.90235,0.7442,1510.041598,1510.01,0.031598472,1001
1182,300,11.9438,35.47105,0.73035,1502.110473,1507.03,-4.919526935,1001
1183,400,9.7029,35.15375,0.6988,1495.466449,1505.485,-10.0185507,1001
1184,500,8.0614,34.97525,0.715,1490.807426,1503.1,-12.29257436,1001
1185,750,6.03255,34.9033,0.68265,1486.971144,1499.705,-12.73385588,1001
1186,1000,4.9841,34.93385,0.7298,1486.932496,1497.79,-10.85750389,1001
1187,1,23.61085,35.5306,4.29015,1531.51273,1511.55,19.96273007,73
1188,2,24.7069,36.3421,0.7243,1535.083689,1511.55,23.53368861,73
1189,5,24.60295,36.2711,0.60775,1534.80642,1511.55,23.25642044,73
1190,10,24.5878,36.2875,0.62915,1534.86942,1511.55,23.31941992,73
1191,20,24.47025,36.20225,0.65705,1534.656995,1511.55,23.10699475,73
1192,30,24.50655,36.3569,0.6614,1535.075874,1511.55,23.52587419,73
1193,50,22.069,36.42565,0.68225,1529.401127,1511.55,17.85112696,73
1194,1,15.0153,23.1438,0.30835,1492.694306,1456.35,36.34430604,9
1195,2,16.17805,32.34285,0.38225,1507.269163,1456.35,50.91916262,9
1196,5,16.60225,33.68465,0.4618,1510.190417,1456.35,53.84041682,9
1197,1,24.152,35.2849,0.63615,1532.574691,1496.29,36.2846915,15
1198,2,24.15075,28.9085,0.21125,1525.622011,1496.29,29.33201123,15
1199,5,24.14965,36.0499,0.38775,1533.469894,1496.29,37.17989441,15
1200,10,23.98705,36.09575,0.37895,1533.204888,1496.29,36.91488802,15
1201,1,22.9478,27.834,1.31615,1521.350639,1490.62,30.73063927,15
1202,2,23.21195,33.98305,0.97855,1528.829275,1490.62,38.20927549,15
1203,5,23.28055,35.6513,0.87755,1530.888441,1490.62,40.26844117,15
1204,10,23.2403,35.66645,0.89435,1530.885933,1490.62,40.26593255,15
1205,1,25.5943,4.50405,24.70985,1502.850948,1502.15,0.700948303,17
1206,2,23.0404,5.26895,24.70995,1496.699754,1502.15,-5.450245966,17
1207,5,23.6744,8.43075,24.70995,1501.997583,1502.15,-0.152417104,17
1208,10,23.70345,11.0015,24.70955,1504.9792,1502.15,2.829199786,17
1209,1,28.3743,36.04135,1.3787,1543.055913,1503.87,39.18591306,15
1210,2,28.4067,36.158,1.3121,1543.263984,1503.87,39.39398353,15
1211,5,28.2853,36.15555,1.4081,1543.04998,1503.87,39.17997967,15
1212,10,27.73575,36.12245,1.1066,1541.905892,1503.87,38.0358923,15
1213,1,30.4188,36.2152,0.45975,1547.482404,1547.61,-0.127596191,15
1214,2,30.4755,36.1906,0.4408,1547.587332,1547.61,-0.022668352,15
1215,5,30.2748,36.17,0.43805,1547.210871,1547.61,-0.399128707,15
1216,10,30.19365,36.16855,0.4427,1547.12674,1547.61,-0.48325976,15
1217,1,23.2498,20.8739,1.2794,1514.466198,1488.56,25.90619823,35
1218,2,24.51845,35.42105,0.9974,1533.629094,1500.28,33.3490943,35
1219,5,24.61,36.48,0.9542,1535.050563,1500.28,34.77056341,35
1220,10,24.61125,36.48035,0.9352,1535.135452,1500.28,34.85545229,35
1221,20,24.61475,36.48035,0.9546,1535.30689,1500.28,35.02688957,35
1222,30,24.59725,36.4807,0.9724,1535.428409,1512,23.42840927,35
1223,1,27.9222,35.9302,0.76795,1541.962851,1512.235,29.72785099,30
1224,2,27.929,35.9427,0.59035,1542.00711,1512.235,29.77210982,30
1225,5,27.7911,36.31965,0.6583,1542.1533,1512.235,29.91830038,30
1226,10,27.5715,36.30565,0.70725,1541.739795,1512.235,29.50479463,30
1227,20,27.2044,36.30605,0.71755,1541.093251,1516.705,24.38825115,30
1228,30,27.0746,36.2867,0.7855,1540.9472,1521.92,19.02720039,30
1229,1,30.044,36.3339,0.57345,1546.846871,1545.985,0.861870548,31
1230,2,29.99115,36.3542,0.37975,1546.776594,1545.985,0.791593749,31
1231,5,29.758,36.37155,0.4012,1546.366975,1545.985,0.381975009,31
1232,10,29.58605,36.38245,0.40205,1546.106194,1545.985,0.121194106,31
1233,20,27.854,36.37435,0.4096,1542.5925,1545.985,-3.392499579,31
1234,30,24.8306,36.2747,0.43115,1535.762312,1544.91,-9.147688324,31
1235,1,23.6083,36.3042,0.4011,1532.355835,1514.17,18.1858354,33
1236,2,22.7417,39.00345,0.3863,1533.191885,1505.135,28.05688547,33
1237,5,23.48605,36.30735,0.39625,1532.121977,1505.135,26.98697717,33
1238,10,23.44995,36.3066,0.405,1532.113124,1505.135,26.97812412,33
1239,20,23.40625,36.307,0.4124,1532.168096,1509.435,22.73309565,33
1240,30,23.38055,36.30595,0.47815,1532.266139,1514.17,18.09613908,33
1241,1,22.8804,14.6057,2.7122,1506.551316,1485.61,20.94131554,58
1242,2,25.28405,33.9979,1.119,1533.918241,1498.535,35.38324065,58
1243,5,25.5504,36.1465,0.8861,1536.913518,1498.535,38.37851835,58
1244,10,25.5504,36.14605,0.8725,1536.994546,1498.535,38.45954575,58
1245,20,25.55245,36.145,0.87905,1537.161248,1498.535,38.62624804,58
1246,30,25.5439,36.1422,0.8718,1537.301357,1511.46,25.84135708,58
1247,50,24.287,36.28215,0.944,1534.790812,1511.46,23.33081236,58
1248,1,23.6805,31.38515,0.5086,1527.136446,1494.84,32.29644579,57
1249,2,23.6495,34.1218,0.2199,1530.078461,1494.84,35.23846091,57
1250,5,23.6543,36.3617,0.3234,1532.597701,1494.84,37.75770116,57
1251,10,23.49105,36.35275,0.3253,1532.265788,1494.84,37.42578847,57
1252,20,23.4513,36.3521,0.3226,1532.329557,1501.055,31.27455735,57
1253,30,23.4221,36.3493,0.3187,1532.417082,1510.02,22.39708156,57
1254,50,21.9442,36.34235,0.37805,1528.985404,1518,10.9854039,57
1255,1,28.33355,27.51465,0.3474,1534.019036,1520.13,13.88903649,55
1256,2,28.24455,38.84525,0.30625,1545.738984,1520.13,25.60898407,55
1257,5,27.6427,36.01615,0.31395,1541.508439,1520.13,21.37843884,55
1258,10,27.26545,35.99545,0.31285,1540.736136,1520.13,20.60613635,55
1259,20,27.00735,35.97815,0.30735,1540.306102,1524.19,16.11610186,55
1260,30,26.90995,35.96415,0.3076,1540.236227,1528.29,11.94622715,55
1261,50,23.9247,36.3511,0.3511,1533.984252,1528.29,5.69425187,55
1262,1,29.6598,36.3877,0.4305,1546.116797,1546.34,-0.22320289,59
1263,2,29.6522,36.3466,0.3842,1546.07488,1546.34,-0.265119621,59
1264,5,29.5112,36.3214,0.3849,1545.80684,1546.34,-0.53315999,59
1265,10,29.14675,36.4451,0.3941,1545.25951,1541.425,3.834509647,59
1266,20,27.84205,36.3677,0.3914,1542.559495,1541.425,1.134494587,59
1267,30,25.56265,36.3252,0.3889,1537.542384,1541.425,-3.88261619,59
1268,50,20.93645,36.3305,0.38905,1526.321382,1536.51,-10.18861782,59
1269,1,28.32065,35.94475,0.5749,1542.839403,1520.075,22.76440278,146
1270,2,27.75105,35.74765,0.21595,1541.413281,1520.075,21.33828063,146
1271,5,27.57015,35.80575,0.29945,1541.126723,1520.075,21.05172256,146
1272,10,27.2097,35.79225,0.2931,1540.396767,1520.075,20.32176655,146
1273,20,27.0374,35.785,0.29535,1540.167956,1523.21,16.95795575,146
1274,30,26.9382,35.78155,0.3013,1540.105278,1526.765,13.34027847,146
1275,50,22.40575,36.35715,0.29775,1530.190394,1526.765,3.425393683,146
1276,75,21.08145,36.3767,0.30365,1527.167473,1529.325,-2.157527069,146
1277,100,19.38655,36.385,0.2915,1522.971277,1529.325,-6.353722767,146
1278,1,23.22435,26.7801,5.33505,1520.906959,1502.925,17.98195874,156
1279,2,23.39315,32.6589,0.3176,1527.828358,1502.925,24.90335834,156
1280,5,23.34865,36.3489,0.31475,1531.826403,1502.925,28.9014033,156
1281,10,23.3504,36.34875,0.3195,1531.912106,1502.925,28.98710571,156
1282,20,23.34345,36.3489,0.3188,1532.058024,1507.775,24.28302422,156
1283,30,23.2577,36.3529,0.3223,1532.011815,1514.96,17.05181527,156
1284,50,22.2496,36.3146,0.32935,1529.742771,1521.5,8.242771249,156
1285,75,20.9681,36.2805,0.3222,1526.757571,1522.92,3.83757051,156
1286,100,18.95965,36.3785,0.29845,1521.766486,1523.045,-1.278513792,156
1287,150,15.91115,36.0954,0.42675,1513.274433,1522.53,-9.255566554,156
1288,1,29.46095,36.2077,0.71725,1545.519656,1536.135,9.384656324,146
1289,2,29.4674,36.2505,0.40185,1545.593742,1536.135,9.458741679,146
1290,5,29.47195,36.2641,0.4017,1545.666182,1536.135,9.531181841,146
1291,10,29.4763,36.2698,0.3948,1545.762615,1536.135,9.627615311,146
1292,20,27.1776,36.2086,0.3949,1540.930325,1536.135,4.795325346,146
1293,30,24.3617,36.21125,0.39865,1534.567938,1534.95,-0.38206225,146
1294,50,20.34975,36.31895,0.4039,1524.729471,1534.95,-10.22052931,146
1295,75,18.6721,36.29035,0.40115,1520.442373,1534.95,-14.50762725,146
1296,100,17.86555,36.25275,0.3842,1518.48621,1530.025,-11.53878999,146
1297,1,23.40045,35.4256,2.89285,1530.874247,1499.79,31.08424746,60
1298,2,23.33715,35.97605,0.3245,1531.338445,1499.79,31.54844482,60
1299,5,23.40595,36.34465,0.31455,1531.964206,1499.79,32.17420586,60
1300,10,23.409,36.3446,0.31175,1532.053241,1499.79,32.26324075,60
1301,20,23.3859,36.3406,0.31635,1532.154484,1505.595,26.55948381,60
1302,30,23.36155,36.33195,0.3084,1532.247492,1513.385,18.86249223,60
1303,50,22.00475,36.3069,0.32175,1529.102727,1513.385,15.7177268,60
1304,1,28.9221,35.78945,0.4671,1543.957589,1512.93,31.02758889,21
1305,2,28.1715,35.83515,0.1949,1542.419338,1512.93,29.48933793,21
1306,5,27.76135,35.8139,0.304,1541.55464,1512.93,28.62464018,21
1307,10,27.2079,35.7791,0.29965,1540.37881,1512.93,27.44880995,21
1308,20,27.0632,35.77095,0.29525,1540.210679,1516.335,23.87567856,21
1309,1,24.67285,26.50405,2.0811,1524.290954,1491.05,33.24095409,10
1310,2,25.55885,35.05455,1.2888,1535.707187,1491.05,44.65718709,10
1311,5,25.5703,35.77935,0.7946,1536.564195,1491.05,45.51419462,10
1312,10,25.5187,35.7802,0.8084,1536.525984,1491.05,45.47598421,10
1313,1,25.4515,33.39565,1.1788,1533.648657,1507.145,26.50365714,149
1314,2,25.61145,35.64615,0.91065,1536.467845,1507.145,29.32284523,149
1315,5,25.61105,35.7786,0.8007,1536.658528,1507.145,29.51352799,149
1316,10,25.52735,35.77935,0.79825,1536.545304,1507.145,29.400304,149
1317,20,25.5044,35.77955,0.79755,1536.654867,1507.145,29.50986746,149
1318,30,25.491,35.77805,0.7925,1536.78496,1518.31,18.4749602,149
1319,50,23.21905,36.29605,0.86805,1532.178939,1518.31,13.86893871,149
1320,75,19.75805,36.3858,0.7727,1523.594283,1522.135,1.459283485,149
1321,100,18.0287,36.313,0.7747,1519.029554,1524.125,-5.095445569,149
1322,1,29.4454,36.13945,1.20385,1545.41658,1540.25,5.166579776,70
1323,2,29.42775,36.111,0.3706,1545.366736,1540.25,5.11673588,70
1324,5,29.20555,36.22665,0.3929,1545.07341,1540.25,4.823410121,70
1325,10,29.10415,36.20275,0.397,1544.917994,1540.25,4.667993506,70
1326,20,27.85105,36.14965,0.39915,1542.349133,1540.25,2.099132557,70
1327,30,24.4899,36.2378,0.40065,1534.906121,1540.25,-5.343878994,70
1328,50,20.29945,36.31865,0.40345,1524.592534,1540.25,-15.65746605,70
1329,1,29.4149,33.42395,4.4564,1542.533276,1499.36,43.17327639,830
1330,2,29.54265,34.9692,2.62615,1544.420432,1499.36,45.06043194,830
1331,5,29.5413,35.29345,0.41955,1544.802841,1499.36,45.44284137,830
1332,10,29.67125,35.77565,0.41615,1545.653058,1499.36,46.29305798,830
1333,20,26.567,36.1938,0.3951,1539.545366,1499.36,40.18536626,830
1334,30,25.64015,36.4211,0.3843,1537.826139,1509.76,28.06613865,830
1335,50,23.17175,36.39065,0.3889,1532.164969,1509.76,22.40496861,830
1336,75,19.98285,36.34145,0.39975,1524.16217,1509.76,14.40217042,830
1337,100,18.9263,36.3528,0.38445,1521.642888,1514.55,7.092888081,830
1338,150,17.1548,36.259,0.3741,1517.221604,1514.55,2.671603729,830
1339,200,14.8549,35.8886,0.36445,1510.554848,1512.145,-1.590151536,830
1340,300,11.9196,35.4131,0.36745,1501.957092,1510.03,-8.072908138,830
1341,400,9.8355,35.10965,0.3623,1495.89195,1508,-12.10804982,830
1342,500,8.47435,34.9575,0.3647,1492.339032,1504.855,-12.51596815,830
1343,750,6.11415,34.84895,0.3704,1487.225975,1501.705,-14.4790249,830
1344,1,24.6016,26.3425,1.5674,1523.937313,1492.18,31.75731277,76
1345,2,25.14475,36.38495,0.8346,1536.170225,1509.77,26.40022495,76
1346,5,25.1336,36.1525,0.8146,1535.941214,1509.77,26.17121358,76
1347,10,25.14415,36.15095,0.80005,1536.045973,1509.77,26.2759734,76
1348,20,25.01345,36.1837,0.8031,1535.935174,1509.77,26.16517365,76
1349,30,24.98355,36.19255,0.80785,1536.036924,1520.735,15.30192402,76
1350,50,24.17445,36.477,0.8098,1534.730627,1520.735,13.99562678,76
1351,75,21.693,36.6419,0.7822,1529.074649,1520.675,8.399648894,76
1352,1,26.71655,22.40415,0.41205,1524.871391,1503.715,21.15639118,795
1353,2,26.7004,36.0882,0.3048,1539.440602,1505.69,33.75060232,795
1354,5,26.6194,36.08855,0.31225,1539.306985,1503.715,35.59198454,795
1355,10,26.5401,36.08565,0.3144,1539.205911,1503.715,35.49091077,795
1356,20,26.51025,36.08415,0.30775,1539.299683,1508.525,30.77468332,795
1357,30,26.4848,36.0845,0.3172,1539.405393,1513.15,26.25539263,795
1358,50,25.14555,36.4096,0.31625,1536.981606,1513.15,23.83160622,795
1359,75,22.43145,36.3398,0.3076,1530.644864,1518.47,12.17486411,795
1360,100,21.5322,36.4365,0.30445,1528.83261,1518.47,10.36260966,795
1361,150,18.54245,36.49735,0.2925,1521.53613,1518.09,3.446130402,795
1362,200,16.6629,36.2367,0.2873,1516.543589,1517.08,-0.536410651,795
1363,300,13.66905,35.744,0.28465,1508.208302,1514.725,-6.516697628,795
1364,400,11.13935,35.34815,0.28235,1500.820483,1511.715,-10.89451715,795
1365,500,9.73595,35.15355,0.30785,1497.230679,1510.13,-12.89932094,795
1366,750,6.64825,34.89905,0.2826,1489.396371,1506.345,-16.94862926,795
1367,1,28.5106,36.06905,0.37265,1543.376523,1502.205,41.17152315,802
1368,2,28.49105,36.11395,0.26405,1543.398134,1502.205,41.19313434,802
1369,5,28.4897,36.10065,0.32115,1543.430217,1502.205,41.2252169,802
1370,10,28.2027,36.0778,0.31125,1542.872096,1502.205,40.66709626,802
1371,20,27.82905,36.0915,0.32305,1542.239884,1507.195,35.04488387,802
1372,30,26.91025,36.247,0.31765,1540.5379,1512.225,28.31290029,802
1373,50,24.89625,36.52,0.33875,1536.510975,1512.225,24.28597545,802
1374,75,22.64545,36.8075,0.3009,1531.708331,1517.755,13.95333103,802
1375,100,20.371,36.53485,0.3121,1525.847589,1517.755,8.092588639,802
1376,150,17.2647,36.32865,0.29485,1517.628289,1516.49,1.138289043,802
1377,200,14.80985,35.93495,0.2946,1510.467331,1514.6,-4.132668584,802
1378,300,11.51485,35.3948,0.2828,1500.541753,1511.175,-10.63324702,802
1379,400,10.23805,35.2057,0.286,1497.458503,1507.81,-10.35149677,802
1380,500,9.1634,35.07865,0.28615,1495.047236,1506.49,-11.44276387,802
1381,750,6.01605,34.9037,0.27955,1486.906011,1502.695,-15.78898946,802
1382,1,25.0541,35.12335,0.85645,1534.573165,1495.715,38.8581654,850
1383,2,25.1278,36.276,0.80175,1536.012285,1495.715,40.29728536,850
1384,5,25.13885,36.13395,0.7874,1535.933541,1495.715,40.21854073,850
1385,10,25.14235,36.1325,0.78305,1536.021753,1495.715,40.30675308,850
1386,20,25.13645,36.1378,0.7841,1536.1766,1495.715,40.4615997,850
1387,30,25.0997,36.13655,0.78835,1536.251447,1507.375,28.87644712,850
1388,50,24.12975,36.46535,0.79735,1534.60931,1507.375,27.23430973,850
1389,75,21.54235,36.62765,0.754,1528.664932,1507.375,21.28993196,850
1390,100,19.60785,36.60865,0.75585,1523.841073,1514.48,9.361073451,850
1391,150,16.9948,36.2728,0.748,1516.761781,1514.48,2.281781314,850
1392,200,14.9763,35.95395,0.74035,1511.015778,1513.005,-1.989222468,850
1393,300,12.0071,35.47795,0.71675,1502.335225,1510.2,-7.864774879,850
1394,400,9.8695,35.16125,0.7111,1496.078744,1507.775,-11.6962562,850
1395,500,8.648,35.02995,0.7078,1493.078341,1505.82,-12.74165878,850
1396,750,6.2841,34.90025,0.6718,1487.964757,1502.88,-14.91524281,850
1397,1,28.37845,35.94315,0.2281,1542.961785,1514.355,28.60678548,152
1398,2,28.29445,36.03235,0.3342,1542.891374,1514.355,28.53637397,152
1399,5,28.3664,36.0793,0.28815,1543.143998,1514.355,28.78899804,152
1400,10,28.3587,36.07875,0.302,1543.208423,1514.355,28.85342346,152
1401,20,28.03195,36.08845,0.2989,1542.677482,1519.145,23.53248229,152
1402,30,26.9004,36.215,0.30325,1540.481783,1524.955,15.52678297,152
1403,50,25.2889,36.575,0.2982,1537.497872,1524.955,12.54287242,152
1404,75,22.8248,36.80175,0.27625,1532.155522,1530.72,1.435522097,152
1405,100,19.59825,36.39715,0.2889,1523.57357,1530.72,-7.146429542,152
1406,150,16.80035,36.2525,0.2694,1516.156901,1529.375,-13.21809944,152
1407,1,26.6501,35.738,0.38375,1538.937173,1510.37,28.56717286,147
1408,2,26.6763,36.14485,0.30045,1539.446653,1510.37,29.07665323,147
1409,5,26.6223,36.09305,0.2993,1539.318342,1510.37,28.94834237,147
1410,10,26.54125,36.08875,0.2983,1539.211827,1510.37,28.84182746,147
1411,20,26.52035,36.09485,0.30005,1539.334018,1516.11,23.22401813,147
1412,30,26.46815,36.1148,0.2974,1539.39997,1522.16,17.23997022,147
1413,50,25.364,36.4868,0.30145,1537.578728,1522.16,15.41872819,147
1414,75,22.1458,36.3547,0.2929,1529.928269,1529.065,0.863269192,147
1415,100,21.4526,36.4495,0.29415,1528.638194,1529.065,-0.42680624,147
1416,5,19.24303629,35.65271419,0.7276,1520.183376,1520.183376,0,641.67
1417,10,19.18935366,35.66130341,0.7276,1520.123923,1520.123923,0,641.67
1418,20,19.0819884,35.67848186,0.7276,1520.004388,1520.004388,0,641.67
1419,30,18.97462315,35.6956603,0.7276,1519.884015,1519.884015,0,641.67
1420,50,18.75967249,35.73002183,0.7276,1519.640126,1519.640126,0,641.67
1421,75,18.07675835,35.77219057,0.7276,1518.13596,1518.13596,0,641.67
1422,100,17.75373353,35.77786725,0.7276,1517.61036,1517.61036,0,641.67
1423,150,16.61171303,35.68513909,0.7276,1514.926434,1514.926434,0,641.67
1424,200,15.46969253,35.59241093,0.7276,1512.133662,1512.133662,0,641.67
1425,300,12.78640016,35.18251838,0.7276,1504.612507,1504.612507,0,641.67
1426,400,10.49732316,34.83966713,0.7276,1497.931868,1497.931868,0,641.67
1427,500,8.585296216,34.60190212,0.7276,1492.308576,1492.308576,0,641.67
1428,5,18.96573202,35.6917134,0.7276,1519.446705,1519.446705,0,2658.4
1429,10,18.87261252,35.69636937,0.7276,1519.269852,1519.269852,0,2658.4
1430,20,18.68637351,35.70568132,0.7276,1518.914137,1518.914137,0,2658.4
1431,30,18.50013451,35.71499327,0.7276,1518.555734,1518.555734,0,2658.4
1432,50,18.12765649,35.73361718,0.7276,1517.830829,1517.830829,0,2658.4
1433,75,17.66205898,35.75689705,0.7276,1516.909418,1516.909418,0,2658.4
1434,100,17.19384965,35.77918673,0.7276,1515.961984,1515.961984,0,2658.4
1435,150,15.57533708,35.56516854,0.7276,1511.61217,1511.61217,0,2658.4
1436,200,13.95682451,35.35115035,0.7276,1507.036308,1507.036308,0,2658.4
1437,300,11.74910146,35.05355209,0.7276,1500.933599,1500.933599,0,2658.4
1438,400,10.54345996,34.88294245,0.7276,1498.149215,1498.149215,0,2658.4
1439,500,9.337818471,34.7123328,0.7276,1495.231504,1495.231504,0,2658.4
1440,750,5.660472959,34.42683158,0.7276,1484.873559,1484.873559,0,2658.4
1441,1000,4.308610193,34.4560519,0.7276,1483.534733,1483.534733,0,2658.4
1442,1250,3.624537681,34.53799809,0.7276,1484.944502,1484.944502,0,2658.4
1443,1500,2.940465169,34.61994428,0.7276,1486.32908,1486.32908,0,2658.4
1444,2000,2.369291315,34.71001915,0.7276,1492.417768,1492.417768,0,2658.4
1445,2500,2.000184553,34.71999501,0.7276,1499.337645,1499.337645,0,2658.4
1446,5,17.20340803,35.80056586,0.7276,1514.465084,1514.465084,0,5091.3
1447,10,16.9962502,35.77799613,0.7276,1513.903556,1513.903556,0,5091.3
1448,20,16.58193455,35.73285668,0.7276,1512.769685,1512.769685,0,5091.3
1449,30,16.16761889,35.68771723,0.7276,1511.621309,1511.621309,0,5091.3
1450,50,15.33898759,35.59743834,0.7276,1509.280636,1509.280636,0,5091.3
1451,75,14.53323115,35.49959577,0.7276,1507.026435,1507.026435,0,5091.3
1452,100,14.06909385,35.42403853,0.7276,1505.852349,1505.852349,0,5091.3
1453,150,13.14081926,35.27292406,0.7276,1503.44689,1503.44689,0,5091.3
1454,200,12.21254466,35.1218096,0.7276,1500.964096,1500.964096,0,5091.3
1455,300,10.8800092,34.90830988,0.7276,1497.729511,1497.729511,0,5091.3
1456,400,10.07633067,34.78435946,0.7276,1496.357685,1496.357685,0,5091.3
1457,500,9.272652139,34.66040904,0.7276,1494.927803,1494.927803,0,5091.3
1458,750,6.333514427,34.49755612,0.7276,1487.646518,1487.646518,0,5091.3
1459,1000,4.445288261,34.41231721,0.7276,1484.044679,1484.044679,0,5091.3
1460,1250,4.13369587,34.44309177,0.7276,1486.956543,1486.956543,0,5091.3
1461,1500,3.822103479,34.47386632,0.7276,1489.878958,1489.878958,0,5091.3
1462,2000,3.198918697,34.53541544,0.7276,1495.755665,1495.755665,0,5091.3
1463,2500,2.575733915,34.59696455,0.7276,1501.676079,1501.676079,0,5091.3
1464,3000,1.952549134,34.65851367,0.7276,1507.642815,1507.642815,0,5091.3
1465,4000,1.214876944,34.71499465,0.7276,1521.905777,1521.905777,0,5091.3
1466,5000,1.074627784,34.71,0.7276,1539.038856,1539.038856,0,5091.3
1467,5,17.18283474,35.80305187,0.7276,1514.406886,1514.406886,0,3410.62
1468,10,17.00792521,35.78495778,0.7276,1513.946525,1513.946525,0,3410.62
1469,20,16.65810615,35.7487696,0.7276,1513.018114,1513.018114,0,3410.62
1470,30,16.30828709,35.71258142,0.7276,1512.079398,1512.079398,0,3410.62
1471,50,15.60864897,35.64020507,0.7276,1510.170812,1510.170812,0,3410.62
1472,75,14.83517462,35.55471565,0.7276,1508.052624,1508.052624,0,3410.62
1473,100,14.41184705,35.48648193,0.7276,1507.030621,1507.030621,0,3410.62
1474,150,13.56519189,35.35001448,0.7276,1504.939355,1504.939355,0,3410.62
1475,200,12.71853673,35.21354704,0.7276,1502.784349,1502.784349,0,3410.62
1476,300,11.40258749,34.99876458,0.7276,1499.668374,1499.668374,0,3410.62
1477,400,10.44854589,34.83982638,0.7276,1497.758429,1497.758429,0,3410.62
1478,500,9.683225198,34.7484448,0.7276,1496.53684,1496.53684,0,3410.62
1479,750,7.769857999,34.51999396,0.7276,1493.252613,1493.252613,0,3410.62
1480,1000,4.762785721,34.41940636,0.7276,1485.36288,1485.36288,0,3410.62
1481,1250,3.852564603,34.51375855,0.7276,1485.87245,1485.87245,0,3410.62
1482,1500,3.202106621,34.58009529,0.7276,1487.39509,1487.39509,0,3410.62
1483,2000,2.667875196,34.63008185,0.7276,1493.604396,1493.604396,0,3410.62
1484,2500,2.133643771,34.68006842,0.7276,1499.867767,1499.867767,0,3410.62
1485,3000,1.599665588,34.73,0.7276,1506.188604,1506.188604,0,3410.62
1486,5,17.14029501,35.70205292,0.7276,1514.162862,1514.162862,0,1591.01
1487,10,16.91751521,35.67239964,0.7276,1513.545027,1513.545027,0,1591.01
1488,20,16.4719556,35.61309307,0.7276,1512.296754,1512.296754,0,1591.01
1489,30,16.02639599,35.5537865,0.7276,1511.03157,1511.03157,0,1591.01
1490,50,15.13527676,35.43517336,0.7276,1508.44997,1508.44997,0,1591.01
1491,75,14.17747292,35.31259783,0.7276,1505.661106,1505.661106,0,1591.01
1492,100,13.76292505,35.279434,0.7276,1504.684429,1504.684429,0,1591.01
1493,150,12.93382932,35.21310635,0.7276,1502.686162,1502.686162,0,1591.01
1494,200,12.36249843,35.13698429,0.7276,1501.491423,1501.491423,0,1591.01
1495,300,11.34679162,34.97991623,0.7276,1499.451334,1499.451334,0,1591.01
1496,400,10.46061943,34.83907125,0.7276,1497.800497,1497.800497,0,1591.01
1497,500,9.757666253,34.7269108,0.7276,1496.780332,1496.780332,0,1591.01
1498,750,7.56,34.51,0.7276,1492.437421,1492.437421,0,1591.01
1499,1000,4.530738166,34.3902433,0.7276,1484.369424,1484.369424,0,1591.01
1500,1250,3.620582589,34.48992334,0.7276,1484.865178,1484.865178,0,1591.01
1501,1500,3.086632664,34.5914344,0.7276,1486.91727,1486.91727,0,1591.01
1502,100,15.15027902,35.51683031,0.7276,1509.410116,1509.410116,0,1271.75
1503,150,14.39187572,35.40759527,0.7276,1507.689592,1507.689592,0,1271.75
1504,200,13.63347243,35.29836023,0.7276,1505.918964,1505.918964,0,1271.75
1505,300,12.11666583,35.07989014,0.7276,1502.224901,1502.224901,0,1271.75
1506,400,10.59985924,34.86142006,0.7276,1498.322949,1498.322949,0,1271.75
1507,500,9.783658019,34.8223631,0.7276,1496.992892,1496.992892,0,1271.75
1508,750,7.754614281,34.72765526,0.7276,1493.456217,1493.456217,0,1271.75
1509,1000,5.725570543,34.63294742,0.7276,1489.544991,1489.544991,0,1271.75
1510,1250,3.696526805,34.53823958,0.7276,1485.248292,1485.248292,0,1271.75
1511,5,19.49894768,35.88069459,0.7276,1521.159007,1521.159007,0,2940.43
1512,10,19.38939335,35.88218512,0.7276,1520.936718,1520.936718,0,2940.43
1513,20,19.17028469,35.88516619,0.7276,1520.489346,1520.489346,0,2940.43
1514,30,18.95117603,35.88814726,0.7276,1520.03824,1520.03824,0,2940.43
1515,50,18.51295871,35.89410941,0.7276,1519.124761,1519.124761,0,2940.43
1516,75,17.94611222,35.88249833,0.7276,1517.884153,1517.884153,0,2940.43
1517,100,17.30733467,35.798998,0.7276,1516.3215,1516.3215,0,2940.43
1518,150,16.02977956,35.63199733,0.7276,1513.093483,1513.093483,0,2940.43
1519,200,14.75222445,35.46499666,0.7276,1509.726038,1509.726038,0,2940.43
1520,300,13.00482982,35.22716845,0.7276,1505.39585,1505.39585,0,2940.43
1521,400,12.04599548,35.08323258,0.7276,1503.62921,1503.62921,0,2940.43
1522,500,11.08716114,34.93929671,0.7276,1501.781199,1501.781199,0,2940.43
1523,750,8.682858625,34.63840591,0.7276,1496.843866,1496.843866,0,2940.43
1524,1000,6.248960566,34.57926446,0.7276,1491.561924,1491.561924,0,2940.43
1525,1250,3.815062508,34.52012301,0.7276,1485.723282,1485.723282,0,2940.43
1526,1500,3.28579495,34.59488644,0.7276,1487.770613,1487.770613,0,2940.43
1527,2000,2.550586833,34.68608291,0.7276,1493.171623,1493.171623,0,2940.43
1528,2500,1.958297657,34.72,0.7276,1499.154374,1499.154374,0,2940.43
1529,5,16.534109,35.47562518,0.7276,1512.079484,1512.079484,0,5140.6
1530,10,16.4302832,35.46572739,0.7276,1511.834687,1511.834687,0,5140.6
1531,20,16.2226316,35.44593181,0.7276,1511.342378,1511.342378,0,5140.6
1532,30,16.01498,35.42613623,0.7276,1510.846441,1510.846441,0,5140.6
1533,50,15.59967681,35.38654507,0.7276,1509.84363,1509.84363,0,5140.6
1534,75,15.08054781,35.33705611,0.7276,1508.569477,1508.569477,0,5140.6
1535,100,14.56141882,35.28756716,0.7276,1507.272205,1507.272205,0,5140.6
1536,150,13.52316083,35.18858926,0.7276,1504.607504,1504.607504,0,5140.6
1537,200,12.48490284,35.08961136,0.7276,1501.84793,1501.84793,0,5140.6
1538,300,11.11629061,34.94470278,0.7276,1498.603806,1498.603806,0,5140.6
1539,400,10.46470167,34.85352481,0.7276,1497.83285,1497.83285,0,5140.6
1540,500,9.813112727,34.76234683,0.7276,1497.025183,1497.025183,0,5140.6
1541,750,8.277372099,34.58461411,0.7276,1495.257372,1495.257372,0,5140.6
1542,1000,7.114465178,34.60768003,0.7276,1494.988667,1494.988667,0,5140.6
1543,1250,5.951558257,34.63074595,0.7276,1494.611064,1494.611064,0,5140.6
1544,1500,4.788651336,34.65381187,0.7276,1494.122934,1494.122934,0,5140.6
1545,2000,2.462837493,34.69994372,0.7276,1492.810149,1492.810149,0,5140.6
1546,2500,2.035560944,34.7199736,0.7276,1499.492267,1499.492267,0,5140.6
1547,3000,1.61060344,34.7399716,0.7276,1506.249994,1506.249994,0,5140.6
1548,4000,1.140109213,34.72,0.7276,1521.58163,1521.58163,0,5140.6
1549,5000,1.14,34.71123314,0.7276,1539.327357,1539.327357,0,5140.6
1550,5,15.2058692,35.04829455,0.7276,1507.47968,1507.47968,0,3789.99
1551,10,15.1558053,35.04475628,0.7276,1507.399587,1507.399587,0,3789.99
1552,20,15.0556775,35.03767974,0.7276,1507.23878,1507.23878,0,3789.99
1553,30,14.9555497,35.0306032,0.7276,1507.077144,1507.077144,0,3789.99
1554,50,14.7552941,35.01645011,0.7276,1506.751376,1506.751376,0,3789.99
1555,75,14.5049746,34.99875875,0.7276,1506.339473,1506.339473,0,3789.99
1556,100,14.2546551,34.9810674,0.7276,1505.922334,1505.922334,0,3789.99
1557,150,13.7540161,34.94568468,0.7276,1505.072253,1505.072253,0,3789.99
1558,200,13.2533771,34.91030197,0.7276,1504.200949,1504.200949,0,3789.99
1559,300,12.25209909,34.83953654,0.7276,1502.393942,1502.393942,0,3789.99
1560,400,11.25082109,34.76877111,0.7276,1500.49986,1500.49986,0,3789.99
1561,500,10.24954309,34.69800568,0.7276,1498.517269,1498.517269,0,3789.99
1562,750,7.746348081,34.52109211,0.7276,1493.164295,1493.164295,0,3789.99
1563,1000,5.643036332,34.38864602,0.7276,1488.90046,1488.90046,0,3789.99
1564,1250,5.114768514,34.43134666,0.7276,1490.9835,1490.9835,0,3789.99
1565,1500,4.586500695,34.47404729,0.7276,1493.059554,1493.059554,0,3789.99
1566,2000,3.529965059,34.55944855,0.7276,1497.19104,1497.19104,0,3789.99
1567,2500,2.473429422,34.64484982,0.7276,1501.297003,1501.297003,0,3789.99
1568,3000,1.419405655,34.72998143,0.7276,1505.392554,1505.392554,0,3789.99
1569,5,12.71856876,35.01,0.7276,1499.353116,1499.353116,0,3400.61
1570,10,12.68306801,35.01,0.7276,1499.3154,1499.3154,0,3400.61
1571,20,12.61206652,35.01,0.7276,1499.23966,1499.23966,0,3400.61
1572,30,12.54106502,35.01,0.7276,1499.16351,1499.16351,0,3400.61
1573,50,12.43917003,35.0072992,0.7276,1499.142397,1499.142397,0,3400.61
1574,75,12.31218014,35.00389768,0.7276,1499.11615,1499.11615,0,3400.61
1575,100,12.18519026,35.00049617,0.7276,1499.088673,1499.088673,0,3400.61
1576,150,11.93121049,34.99369314,0.7276,1499.030015,1499.030015,0,3400.61
1577,200,11.67723071,34.98689011,0.7276,1498.966395,1498.966395,0,3400.61
1578,300,11.30964107,34.96226374,0.7276,1499.300409,1499.300409,0,3400.61
1579,400,11.0860614,34.9263313,0.7276,1500.116854,1500.116854,0,3400.61
1580,500,10.86248173,34.89039885,0.7276,1500.931797,1500.931797,0,3400.61
1581,750,8.474752132,34.62150351,0.7276,1496.045036,1496.045036,0,3400.61
1582,1000,6.403688759,34.46501032,0.7276,1492.02781,1492.02781,0,3400.61
1583,1250,4.817510575,34.47749992,0.7276,1489.828412,1489.828412,0,3400.61
1584,1500,3.23133239,34.48998951,0.7276,1487.401807,1487.401807,0,3400.61
1585,2000,2.51962397,34.680056,0.7276,1493.029814,1493.029814,0,3400.61
1586,2500,2.049653293,34.74999023,0.7276,1499.593428,1499.593428,0,3400.61
1587,3000,1.655668498,34.73889207,0.7276,1506.446989,1506.446989,0,3400.61
1588,5,13.48729246,35.09889061,0.7276,1502.014601,1502.014601,0,3369.25
1589,10,13.44707871,35.09537989,0.7276,1501.959567,1501.959567,0,3369.25
1590,20,13.36665123,35.08835844,0.7276,1501.849095,1501.849095,0,3369.25
1591,30,13.28622374,35.08133699,0.7276,1501.738082,1501.738082,0,3369.25
1592,50,13.12536876,35.0672941,0.7276,1501.514427,1501.514427,0,3369.25
1593,75,12.92430004,35.04974048,0.7276,1501.231801,1501.231801,0,3369.25
1594,100,12.72323132,35.03218686,0.7276,1500.945766,1500.945766,0,3369.25
1595,150,12.32109389,34.99707963,0.7276,1500.363415,1500.363415,0,3369.25
1596,200,11.91895645,34.96197239,0.7276,1499.767278,1499.767278,0,3369.25
1597,300,11.11468157,34.89175792,0.7276,1498.533259,1498.533259,0,3369.25
1598,400,10.3104067,34.82154344,0.7276,1497.242944,1497.242944,0,3369.25
1599,500,9.506131821,34.75132897,0.7276,1495.895582,1495.895582,0,3369.25
1600,750,7.495444631,34.57579279,0.7276,1492.272795,1492.272795,0,3369.25
1601,1000,5.484757441,34.4002566,0.7276,1488.277757,1488.277757,0,3369.25
1602,1250,3.877138568,34.36001351,0.7276,1485.775636,1485.775636,0,3369.25
1603,1500,3.161877737,34.47701427,0.7276,1487.088825,1487.088825,0,3369.25
1604,2000,2.561247922,34.60647878,0.7276,1493.113121,1493.113121,0,3369.25
1605,2500,2.088894238,34.70185789,0.7276,1499.701286,1499.701286,0,3369.25
1606,3000,1.698263111,34.73551696,0.7276,1506.629878,1506.629878,0,3369.25
1607,5,12.18424376,35.04990244,0.7276,1497.595323,1497.595323,0,2949.43
1608,10,12.16933121,35.04964968,0.7276,1497.625761,1497.625761,0,2949.43
1609,20,12.13950612,35.04914417,0.7276,1497.686601,1497.686601,0,2949.43
1610,30,12.10968102,35.04863866,0.7276,1497.747396,1497.747396,0,2949.43
1611,50,12.05003084,35.04762764,0.7276,1497.868847,1497.868847,0,2949.43
1612,75,11.9754681,35.04636387,0.7276,1498.020402,1498.020402,0,2949.43
1613,100,11.90090537,35.04510009,0.7276,1498.171666,1498.171666,0,2949.43
1614,150,11.7517799,35.04257254,0.7276,1498.473321,1498.473321,0,2949.43
1615,200,11.60265443,35.04004499,0.7276,1498.7738,1498.7738,0,2949.43
1616,300,10.85925438,34.9606344,0.7276,1497.720682,1497.720682,0,2949.43
1617,400,10.11185693,34.8805561,0.7276,1496.604333,1496.604333,0,2949.43
1618,500,9.364459471,34.8004778,0.7276,1495.438775,1495.438775,0,2949.43
1619,750,7.495965833,34.60028205,0.7276,1492.30573,1492.30573,0,2949.43
1620,1000,5.627472195,34.40008631,0.7276,1488.852541,1488.852541,0,2949.43
1621,1250,4.331727423,34.37692448,0.7276,1487.694444,1487.694444,0,2949.43
1622,1500,3.417878873,34.47180493,0.7276,1488.170716,1488.170716,0,2949.43
1623,2000,2.645654554,34.6121972,0.7276,1493.485094,1493.485094,0,2949.43
1624,2500,2.139652008,34.74,0.7276,1499.972955,1499.972955,0,2949.43
1625,5,12.31435271,35.01840875,0.7276,1497.9992,1497.9992,0,3772.29
1626,10,12.27015133,35.01391369,0.7276,1497.925215,1497.925215,0,3772.29
1627,20,12.18174858,35.00492358,0.7276,1497.776737,1497.776737,0,3772.29
1628,30,12.09334582,34.99593347,0.7276,1497.627584,1497.627584,0,3772.29
1629,50,11.91654031,34.97795325,0.7276,1497.327243,1497.327243,0,3772.29
1630,75,11.71975911,34.95889091,0.7276,1497.035667,1497.035667,0,3772.29
1631,100,11.61915826,34.95337853,0.7276,1497.090041,1497.090041,0,3772.29
1632,150,11.41795656,34.94235378,0.7276,1497.196653,1497.196653,0,3772.29
1633,200,11.21675486,34.93132903,0.7276,1497.300404,1497.300404,0,3772.29
1634,300,10.85379639,34.89396607,0.7276,1497.619531,1497.619531,0,3772.29
1635,400,10.532522,34.84042033,0.7276,1498.05796,1498.05796,0,3772.29
1636,500,10.21124762,34.7868746,0.7276,1498.489827,1498.489827,0,3772.29
1637,750,7.654471336,34.54584671,0.7276,1492.844465,1492.844465,0,3772.29
1638,1000,5.064485557,34.34650136,0.7276,1486.503588,1486.503588,0,3772.29
1639,1250,4.16181922,34.43136742,0.7276,1487.058538,1487.058538,0,3772.29
1640,1500,3.259152882,34.51623349,0.7276,1487.554531,1487.554531,0,3772.29
1641,2000,2.651145746,34.58318057,0.7276,1493.470686,1493.470686,0,3772.29
1642,2500,2.340489548,34.62460139,0.7276,1500.694423,1500.694423,0,3772.29
1643,3000,2.02983335,34.66602222,0.7276,1507.990207,1507.990207,0,3772.29
1644,5,15.37181118,35.20920989,0.7276,1508.190204,1508.190204,0,1960.01
1645,10,15.27389114,35.20718395,0.7276,1507.962768,1507.962768,0,1960.01
1646,20,15.07805105,35.20313209,0.7276,1507.505482,1507.505482,0,1960.01
1647,30,14.88221097,35.19908023,0.7276,1507.044968,1507.044968,0,1960.01
1648,50,14.49053079,35.1909765,0.7276,1506.114214,1506.114214,0,1960.01
1649,75,14.00093058,35.18084684,0.7276,1504.932425,1504.932425,0,1960.01
1650,100,13.51133036,35.17071718,0.7276,1503.730093,1503.730093,0,1960.01
1651,150,12.53212993,35.15045786,0.7276,1501.263131,1501.263131,0,1960.01
1652,200,12.38404639,35.13228777,0.7276,1501.558689,1501.558689,0,1960.01
1653,300,12.12631443,35.09604422,0.7276,1502.277431,1502.277431,0,1960.01
1654,400,11.86529891,35.05926204,0.7276,1502.981363,1502.981363,0,1960.01
1655,500,11.01055558,34.92508721,0.7276,1501.495151,1501.495151,0,1960.01
1656,750,8.412243468,34.63677846,0.7276,1495.829801,1495.829801,0,1960.01
1657,1000,5.502793072,34.38024627,0.7276,1488.324849,1488.324849,0,1960.01
1658,1250,4.771358763,34.44505725,0.7276,1489.597177,1489.597177,0,1960.01
1659,1500,4.042017358,34.51017702,0.7276,1490.847084,1490.847084,0,1960.01
1660,5,16.49055957,35.28,0.7276,1511.718515,1511.718515,0,1799.12
1661,10,16.23932242,35.28,0.7276,1511.035544,1511.035544,0,1799.12
1662,20,15.73684812,35.28,0.7276,1509.653898,1509.653898,0,1799.12
1663,30,15.25512571,35.27974514,0.7276,1508.315947,1508.315947,0,1799.12
1664,50,15.06397726,35.26975045,0.7276,1508.029455,1508.029455,0,1799.12
1665,75,14.8250417,35.25725708,0.7276,1507.667121,1507.667121,0,1799.12
1666,100,14.58610613,35.24476372,0.7276,1507.300083,1507.300083,0,1799.12
1667,150,14.108235,35.21977699,0.7276,1506.551809,1506.551809,0,1799.12
1668,200,13.63036387,35.19479027,0.7276,1505.784472,1505.784472,0,1799.12
1669,300,12.67462161,35.14481682,0.7276,1504.19197,1504.19197,0,1799.12
1670,400,11.74784095,35.05829095,0.7276,1502.576454,1502.576454,0,1799.12
1671,500,10.84963069,34.93570642,0.7276,1500.942179,1500.942179,0,1799.12
1672,750,8.604105022,34.6292451,0.7276,1496.538591,1496.538591,0,1799.12
1673,1000,5.606525521,34.38026246,0.7276,1488.742846,1488.742846,0,1799.12
1674,1250,4.737905814,34.44587762,0.7276,1489.460844,1489.460844,0,1799.12
1675,1500,3.869286107,34.51149278,0.7276,1490.12589,1490.12589,0,1799.12
1676,5,16.06838122,35.21876664,0.7276,1510.35892,1510.35892,0,2540.61
1677,10,15.85698201,35.21643074,0.7276,1509.787225,1509.787225,0,2540.61
1678,20,15.4341836,35.21175893,0.7276,1508.632623,1508.632623,0,2540.61
1679,30,15.01138519,35.20708713,0.7276,1507.462981,1507.462981,0,2540.61
1680,50,14.33634589,35.19888878,0.7276,1505.629025,1505.629025,0,2540.61
1681,75,14.16215276,35.19313712,0.7276,1505.468922,1505.468922,0,2540.61
1682,100,13.98795964,35.18738546,0.7276,1505.306398,1505.306398,0,2540.61
1683,150,13.63957339,35.17588214,0.7276,1504.974054,1504.974054,0,2540.61
1684,200,13.29118714,35.16437882,0.7276,1504.631928,1504.631928,0,2540.61
1685,300,12.59441465,35.14137218,0.7276,1503.91807,1503.91807,0,2540.61
1686,400,12.01436454,35.12076844,0.7276,1503.566802,1503.566802,0,2540.61
1687,500,11.54840556,35.10251344,0.7276,1503.586727,1503.586727,0,2540.61
1688,750,10.38350811,35.05687593,0.7276,1503.564085,1503.564085,0,2540.61
1689,1000,9.218610657,35.01123842,0.7276,1503.436056,1503.436056,0,2540.61
1690,1250,8.053713205,34.96560091,0.7276,1503.200549,1503.200549,0,2540.61
1691,1500,6.888815752,34.9199634,0.7276,1502.855787,1502.855787,0,2540.61
1692,2000,4.559020847,34.82868838,0.7276,1501.832952,1501.832952,0,2540.61
1693,2500,2.229225942,34.73741336,0.7276,1500.359569,1500.359569,0,2540.61
1694,5,17.06385871,35.35888854,0.7276,1513.535422,1513.535422,0,650.08
1695,10,16.79227316,35.35574882,0.7276,1512.799683,1512.799683,0,650.08
1696,20,16.24910204,35.34946939,0.7276,1511.309969,1511.309969,0,650.08
1697,30,15.70593093,35.34318995,0.7276,1509.79575,1509.79575,0,650.08
1698,50,15.27949147,35.33101442,0.7276,1508.779262,1508.779262,0,650.08
1699,75,15.0272989,35.31595814,0.7276,1508.376614,1508.376614,0,650.08
1700,100,14.77510633,35.30090187,0.7276,1507.968709,1507.968709,0,650.08
1701,150,14.2707212,35.27078933,0.7276,1507.137034,1507.137034,0,650.08
1702,200,13.76633606,35.24067678,0.7276,1506.284049,1506.284049,0,650.08
1703,300,12.75756578,35.18045169,0.7276,1504.5134,1504.5134,0,650.08
1704,400,12.13915209,35.08624195,0.7276,1503.950668,1503.950668,0,650.08
1705,500,11.5236882,34.9917754,0.7276,1503.365874,1503.365874,0,650.08
1706,5,17.58024544,35.28799227,0.7276,1514.983514,1514.983514,0,2471.8
1707,10,17.51825679,35.2838095,0.7276,1514.877569,1514.877569,0,2471.8
1708,20,17.39427948,35.27544396,0.7276,1514.664752,1514.664752,0,2471.8
1709,30,17.27030216,35.26707842,0.7276,1514.450698,1514.450698,0,2471.8
1710,50,17.02234754,35.25034734,0.7276,1514.018865,1514.018865,0,2471.8
1711,75,16.71240426,35.22943349,0.7276,1513.472063,1513.472063,0,2471.8
1712,100,16.40246097,35.20851963,0.7276,1512.91743,1512.91743,0,2471.8
1713,150,15.78257441,35.16669193,0.7276,1511.784501,1511.784501,0,2471.8
1714,200,15.16268785,35.12486423,0.7276,1510.619731,1510.619731,0,2471.8
1715,300,13.92291472,35.04120882,0.7276,1508.193297,1508.193297,0,2471.8
1716,400,12.6831416,34.95755341,0.7276,1505.635391,1505.635391,0,2471.8
1717,500,11.44336847,34.87389801,0.7276,1502.943297,1502.943297,0,2471.8
1718,750,8.500529748,34.65004363,0.7276,1496.177344,1496.177344,0,2471.8
1719,1000,5.66259265,34.41633116,0.7276,1489.014561,1489.014561,0,2471.8
1720,1250,4.292878669,34.43573839,0.7276,1487.609374,1487.609374,0,2471.8
1721,1500,3.286191717,34.51773099,0.7276,1487.67151,1487.67151,0,2471.8
1722,2000,2.46696706,34.6373655,0.7276,1492.745763,1492.745763,0,2471.8
1723,5,19.56975232,35.75168759,0.7276,1521.208961,1521.208961,0,3500.6
1724,10,19.36516523,35.73472349,0.7276,1520.7007,1520.7007,0,3500.6
1725,20,18.95599104,35.70079528,0.7276,1519.67412,1519.67412,0,3500.6
1726,30,18.54681686,35.66686707,0.7276,1518.634049,1518.634049,0,3500.6
1727,50,17.72846848,35.59901065,0.7276,1516.513043,1516.513043,0,3500.6
1728,75,16.70553301,35.51419013,0.7276,1513.78416,1513.78416,0,3500.6
1729,100,15.68259754,35.42936961,0.7276,1510.967603,1510.967603,0,3500.6
1730,150,13.63932531,35.25990791,0.7276,1505.074089,1505.074089,0,3500.6
1731,200,13.21764308,35.20234891,0.7276,1504.434351,1504.434351,0,3500.6
1732,300,12.37427864,35.08723091,0.7276,1503.109165,1503.109165,0,3500.6
1733,400,11.53091419,34.97211292,0.7276,1501.722299,1501.722299,0,3500.6
1734,500,10.68754974,34.85699492,0.7276,1500.272886,1500.272886,0,3500.6
1735,750,8.308597764,34.59318548,0.7276,1495.385668,1495.385668,0,3500.6
1736,1000,5.420371433,34.39187679,0.7276,1488.006926,1488.006926,0,3500.6
1737,1250,4.064474121,34.44915465,0.7276,1486.67559,1486.67559,0,3500.6
1738,1500,3.150913561,34.55988927,0.7276,1487.150425,1487.150425,0,3500.6
1739,2000,2.450643871,34.69987123,0.7276,1492.75723,1492.75723,0,3500.6
1740,2500,1.949210122,34.73,0.7276,1499.127787,1499.127787,0,3500.6
1741,3000,1.599840725,34.73,0.7276,1506.189376,1506.189376,0,3500.6
1742,5,19.63758003,35.64512252,0.7276,1521.276002,1521.276002,0,3800.6
1743,10,19.46432652,35.63345391,0.7276,1520.862101,1520.862101,0,3800.6
1744,20,19.11781949,35.61011669,0.7276,1520.027138,1520.027138,0,3800.6
1745,30,18.77131247,35.58677946,0.7276,1519.182576,1519.182576,0,3800.6
1746,50,18.07829841,35.54010502,0.7276,1517.464415,1517.464415,0,3800.6
1747,75,17.21203085,35.48176196,0.7276,1515.261659,1515.261659,0,3800.6
1748,100,16.34576328,35.4234189,0.7276,1512.996868,1512.996868,0,3800.6
1749,150,14.61322815,35.30673279,0.7276,1508.27747,1508.27747,0,3800.6
1750,200,12.88069301,35.19004667,0.7276,1503.298813,1503.298813,0,3800.6
1751,300,11.99439936,35.05732575,0.7276,1501.779921,1501.779921,0,3800.6
1752,400,11.10862157,34.92462495,0.7276,1500.193773,1500.193773,0,3800.6
1753,500,10.22284378,34.79192416,0.7276,1498.537621,1498.537621,0,3800.6
1754,750,8.104490868,34.56874311,0.7276,1494.584996,1494.584996,0,3800.6
1755,1000,5.174408553,34.37053386,0.7276,1486.982187,1486.982187,0,3800.6
1756,1250,4.183017217,34.46518931,0.7276,1487.190704,1487.190704,0,3800.6
1757,1500,3.191625882,34.55984477,0.7276,1487.323958,1487.323958,0,3800.6
1758,2000,2.440255122,34.69995238,0.7276,1492.71232,1492.71232,0,3800.6
1759,2500,1.890307932,34.7299832,0.7276,1498.86968,1498.86968,0,3800.6
1760,3000,1.559910389,34.7299944,0.7276,1506.013328,1506.013328,0,3800.6
1761,5,19.90713804,35.85793964,0.7276,1522.26318,1522.26318,0,2699.5
1762,10,19.73447936,35.85305726,0.7276,1521.862701,1521.862701,0,2699.5
1763,20,19.38916201,35.8432925,0.7276,1521.054735,1521.054735,0,2699.5
1764,30,19.04384465,35.83352774,0.7276,1520.237378,1520.237378,0,2699.5
1765,50,18.35320994,35.81399822,0.7276,1518.574252,1518.574252,0,2699.5
1766,75,17.48991656,35.78958633,0.7276,1516.44147,1516.44147,0,2699.5
1767,100,16.62662317,35.76517443,0.7276,1514.24797,1514.24797,0,2699.5
1768,150,15.58489435,35.64744048,0.7276,1511.738951,1511.738951,0,2699.5
1769,200,14.85200744,35.49863095,0.7276,1510.082506,1510.082506,0,2699.5
1770,300,13.57238832,35.27136125,0.7276,1507.324577,1507.324577,0,2699.5
1771,400,12.47847766,35.11427225,0.7276,1505.135725,1505.135725,0,2699.5
1772,500,11.38456701,34.95718325,0.7276,1502.840892,1502.840892,0,2699.5
1773,750,9.249737459,34.66528974,0.7276,1498.975097,1498.975097,0,2699.5
1774,1000,6.246533721,34.45999198,0.7276,1491.400126,1491.400126,0,2699.5
1775,1250,4.318157051,34.44770733,0.7276,1487.729835,1487.729835,0,2699.5
1776,1500,3.318254011,34.56022898,0.7276,1487.863309,1487.863309,0,2699.5
1777,2000,2.459280621,34.68512949,0.7276,1492.775264,1492.775264,0,2699.5
1778,2500,1.855292354,34.73,0.7276,1498.716108,1498.716108,0,2699.5
1779,5,22.63883784,35.97016216,0.7276,1529.621903,1529.621903,0,253.8
1780,10,22.63816216,35.97083784,0.7276,1529.702445,1529.702445,0,253.8
1781,20,22.54080198,35.971,0.7276,1529.617584,1529.617584,0,253.8
1782,30,22.2247963,35.96542593,0.7276,1528.96439,1528.96439,0,253.8
1783,50,21.43972222,35.95011111,0.7276,1527.228662,1527.228662,0,253.8
1784,75,20.53418361,35.94397049,0.7276,1525.213131,1525.213131,0,253.8
1785,100,19.53582295,35.91692131,0.7276,1522.853073,1522.853073,0,253.8
1786,150,17.59475168,35.89396644,0.7276,1518.096144,1518.096144,0,253.8
1787,200,16.51680198,35.92402475,0.7276,1515.73713,1515.73713,0,253.8
1788,5,25.1612,36.296,0.7276,1536.161684,1536.161684,0,2025.5
1789,10,25.15548571,36.296,0.7276,1536.229713,1536.229713,0,2025.5
1790,20,24.96211215,36.27892523,0.7276,1535.916594,1535.916594,0,2025.5
1791,30,24.14820408,36.18846939,0.7276,1534.025406,1534.025406,0,2025.5
1792,50,23.26202128,36.47711702,0.7276,1532.485696,1532.485696,0,2025.5
1793,75,22.19985804,36.36904416,0.7276,1530.083435,1530.083435,0,2025.5
1794,100,21.71484227,36.35327129,0.7276,1529.217302,1529.217302,0,2025.5
1795,150,20.83309619,36.34223647,0.7276,1527.691686,1527.691686,0,2025.5
1796,200,19.71545545,36.3719604,0.7276,1525.504102,1525.504102,0,2025.5
1797,300,17.14404192,36.40652495,0.7276,1519.817447,1519.817447,0,2025.5
1798,400,14.96232857,36.12636429,0.7276,1514.455822,1514.455822,0,2025.5
1799,500,13.78601473,35.95170432,0.7276,1512.124575,1512.124575,0,2025.5
1800,750,11.42742338,35.64285953,0.7276,1507.953192,1507.953192,0,2025.5
1801,1000,9.351849654,35.4597087,0.7276,1504.482551,1504.482551,0,2025.5
1802,1250,7.586976094,35.27081919,0.7276,1501.810363,1501.810363,0,2025.5
1803,1500,5.845393603,35.09152626,0.7276,1498.961266,1498.961266,0,2025.5
1804,2000,3.331355612,34.86254109,0.7276,1496.745869,1496.745869,0,2025.5
1805,5,24.57367477,36.20165248,0.7276,1534.660586,1534.660586,0,3046.8
1806,10,24.41683587,36.2094539,0.7276,1534.373001,1534.373001,0,3046.8
1807,20,24.10315805,36.22505674,0.7276,1533.792664,1533.792664,0,3046.8
1808,30,23.78948024,36.24065957,0.7276,1533.205401,1533.205401,0,3046.8
1809,50,23.16212462,36.27186525,0.7276,1532.009921,1532.009921,0,3046.8
1810,75,22.37793009,36.31087234,0.7276,1530.475828,1530.475828,0,3046.8
1811,100,21.59373556,36.34987943,0.7276,1528.896935,1528.896935,0,3046.8
1812,150,20.28453293,36.3571517,0.7276,1526.228877,1526.228877,0,3046.8
1813,200,18.98612974,36.36147638,0.7276,1523.456606,1523.456606,0,3046.8
1814,300,16.92167672,36.29182943,0.7276,1519.021813,1519.021813,0,3046.8
1815,400,15.44091511,36.13633558,0.7276,1515.96626,1515.96626,0,3046.8
1816,500,13.96015351,35.98084173,0.7276,1512.724804,1512.724804,0,3046.8
1817,750,11.36779746,35.63651946,0.7276,1507.738678,1507.738678,0,3046.8
1818,1000,9.349768173,35.45844165,0.7276,1504.473365,1504.473365,0,3046.8
1819,1250,7.502380934,35.26168038,0.7276,1501.475071,1501.475071,0,3046.8
1820,1500,5.710188964,35.07932195,0.7276,1498.405008,1498.405008,0,3046.8
1821,2000,3.342875735,34.86255782,0.7276,1496.794743,1496.794743,0,3046.8
1822,2500,2.299356635,34.77944471,0.7276,1500.719688,1500.719688,0,3046.8
1823,3000,1.857208834,34.74660403,0.7276,1507.341995,1507.341995,0,3046.8
1824,0.5,29.56051038,36.81708547,0.2927,1546.349369,1546.349369,0,702.718
1825,1,28.96634348,36.79221739,0.276521739,1545.096887,1545.096887,0,702.718
1826,2,29.06476667,36.79591667,0.2988,1545.323167,1545.323167,0,702.718
1827,5,28.79436601,36.79381527,0.283054187,1544.802087,1544.802087,0,702.718
1828,10,28.57340138,36.79035931,0.318235862,1544.412463,1544.412463,0,702.718
1829,20,28.53117037,36.78954444,0.301285185,1544.484942,1544.484942,0,702.718
1830,30,28.508756,36.7863,0.289202667,1544.596961,1544.596961,0,702.718
1831,50,27.9774159,36.6964283,0.302121294,1543.688962,1543.688962,0,702.718
1832,75,27.29697882,36.61466235,0.294781176,1542.522942,1542.522942,0,702.718
1833,100,23.11417391,36.08913913,0.288721739,1532.504496,1532.504496,0,702.718
1834,150,18.19120075,35.63717196,0.30764785,1519.536653,1519.536653,0,702.718
1835,200,15.21514366,35.50491831,0.306016901,1511.234589,1511.234589,0,702.718
1836,300,12.59109982,35.33539173,0.288801585,1504.141856,1504.141856,0,702.718
1837,400,11.84250285,35.38631032,0.2866,1503.301651,1503.301651,0,702.718
1838,500,11.26135124,35.3956741,0.277458402,1502.948877,1502.948877,0,702.718
