source_dataset,profile_id,region,data_role,datetime_utc,latitude_deg,longitude_deg,depth_m,pressure_dbar,temperature_C,salinity_PSU,turbidity_NTU,oxygen_ml_L,sound_speed_mps_mackenzie,sound_speed_data_mps,sound_speed_delta_mps,depth_basis,profile_depth_max_m,source_file,source_url
GRIIDC_Y1x030x0007,GRIIDC_Brightwater_Latitude_28_52.144_Longitude_83_53.707,Gulf of Mexico / West Florida Shelf,global_augmentation,2011-02-18 10:58:30,28.869066666666665,-83.89511666666667,1.0,,14.4192,24.1784,0.5541,6.060085,1491.957290141645,1473.875,18.08229014164499,direct_CTD_depth,21.0,FIO_CTD_Data_Daly_2/Daly_CTD_WB0211/WB0211_bright_water.csv,https://data.gulfresearchinitiative.org/data/Y1.x030.000:0007
GRIIDC_Y1x030x0007,GRIIDC_Brightwater_Latitude_28_52.144_Longitude_83_53.707,Gulf of Mexico / West Florida Shelf,global_augmentation,2011-02-18 10:58:30,28.869066666666665,-83.89511666666667,2.0,,14.51465,34.82145,0.5238,5.501939999999999,1504.9683996814683,1473.875,31.093399681468327,direct_CTD_depth,21.0,FIO_CTD_Data_Daly_2/Daly_CTD_WB0211/WB0211_bright_water.csv,https://data.gulfresearchinitiative.org/data/Y1.x030.000:0007
GRIIDC_Y1x030x0007,GRIIDC_Brightwater_Latitude_28_52.144_Longitude_83_53.707,Gulf of Mexico / West Florida Shelf,global_augmentation,2011-02-18 10:58:30,28.869066666666665,-83.89511666666667,5.0,,14.2642,35.93365,0.7444,5.690989999999999,1505.5401252086256,1473.875,31.665125208625568,direct_CTD_depth,21.0,FIO_CTD_Data_Daly_2/Daly_CTD_WB0211/WB0211_bright_water.csv,https://data.gulfresearchinitiative.org/data/Y1.x030.000:0007
GRIIDC_Y1x030x0007,GRIIDC_Brightwater_Latitude_28_52.144_Longitude_83_53.707,Gulf of Mexico / West Florida Shelf,global_augmentation,2011-02-18 10:58:30,28.869066666666665,-83.89511666666667,10.0,,14.1165,35.96055,0.8524,5.72204,1505.1782666223728,1473.875,31.303266622372803,direct_CTD_depth,21.0,FIO_CTD_Data_Daly_2/Daly_CTD_WB0211/WB0211_bright_water.csv,https://data.gulfresearchinitiative.org/data/Y1.x030.000:0007
GRIIDC_Y1x030x0007,GRIIDC_Brightwater_Latitude_28_52.144_Longitude_83_53.707,Gulf of Mexico / West Florida Shelf,global_augmentation,2011-02-18 10:58:30,28.869066666666665,-83.89511666666667,20.0,,14.0787,35.984899999999996,1.2605,5.72891,1505.2484428172722,1473.875,31.373442817272235,direct_CTD_depth,21.0,FIO_CTD_Data_Daly_2/Daly_CTD_WB0211/WB0211_bright_water.csv,https://data.gulfresearchinitiative.org/data/Y1.x030.000:0007
GRIIDC_Y1x030x0007,GRIIDC_Clearwater_Latitude_27_54.490_Longitude_83_28.100,Gulf of Mexico / West Florida Shelf,global_augmentation,2011-02-18 02:30:46,27.908166666666666,-83.46833333333333,1.0,,16.831,25.057100000000002,0.57535,5.70153,1500.74586116189,1432.255,68.49086116188982,direct_CTD_depth,31.0,FIO_CTD_Data_Daly_2/Daly_CTD_WB0211/WB0211_clear_water.csv,https://data.gulfresearchinitiative.org/data/Y1.x030.000:0007
GRIIDC_Y1x030x0007,GRIIDC_Clearwater_Latitude_27_54.490_Longitude_83_28.100,Gulf of Mexico / West Florida Shelf,global_augmentation,2011-02-18 02:30:46,27.908166666666666,-83.46833333333333,2.0,,16.6497,34.94135,0.5547,5.1388,1511.7551609276907,1432.255,79.50016092769056,direct_CTD_depth,31.0,FIO_CTD_Data_Daly_2/Daly_CTD_WB0211/WB0211_clear_water.csv,https://data.gulfresearchinitiative.org/data/Y1.x030.000:0007
GRIIDC_Y1x030x0007,GRIIDC_Clearwater_Latitude_27_54.490_Longitude_83_28.100,Gulf of Mexico / West Florida Shelf,global_augmentation,2011-02-18 02:30:46,27.908166666666666,-83.46833333333333,5.0,,15.75525,36.100449999999995,0.5577,5.551545,1510.4331847872613,1432.255,78.17818478726122,direct_CTD_depth,31.0,FIO_CTD_Data_Daly_2/Daly_CTD_WB0211/WB0211_clear_water.csv,https://data.gulfresearchinitiative.org/data/Y1.x030.000:0007
GRIIDC_Y1x030x0007,GRIIDC_Clearwater_Latitude_27_54.490_Longitude_83_28.100,Gulf of Mexico / West Florida Shelf,global_augmentation,2011-02-18 02:30:46,27.908166666666666,-83.46833333333333,10.0,,15.37495,36.0681,0.56575,5.594215,1509.2970869240903,1432.255,77.0420869240902,direct_CTD_depth,31.0,FIO_CTD_Data_Daly_2/Daly_CTD_WB0211/WB0211_clear_water.csv,https://data.gulfresearchinitiative.org/data/Y1.x030.000:0007
GRIIDC_Y1x030x0007,GRIIDC_Clearwater_Latitude_27_54.490_Longitude_83_28.100,Gulf of Mexico / West Florida Shelf,global_augmentation,2011-02-18 02:30:46,27.908166666666666,-83.46833333333333,20.0,,15.15875,36.0509,0.7584,5.59215,1508.7638026580264,1432.255,76.5088026580263,direct_CTD_depth,31.0,FIO_CTD_Data_Daly_2/Daly_CTD_WB0211/WB0211_clear_water.csv,https://data.gulfresearchinitiative.org/data/Y1.x030.000:0007
GRIIDC_Y1x030x0007,GRIIDC_Clearwater_Latitude_27_54.490_Longitude_83_28.100,Gulf of Mexico / West Florida Shelf,global_augmentation,2011-02-18 02:30:46,27.908166666666666,-83.46833333333333,30.0,,15.16045,36.0495,0.854,5.59193,1508.9305585656418,1457.75,51.18055856564183,direct_CTD_depth,31.0,FIO_CTD_Data_Daly_2/Daly_CTD_WB0211/WB0211_clear_water.csv,https://data.gulfresearchinitiative.org/data/Y1.x030.000:0007
GRIIDC_Y1x030x0007,GRIIDC_DSH01_cast1_Latitude_29_25.48_Longitude_087_39.59,Gulf of Mexico / West Florida Shelf,global_augmentation,2012-02-23 12:47:13,29.424666666666667,-87.65983333333334,1.0,,20.59985,26.35295,1.92365,5.17342,1513.3565110005038,1502.505,10.851511000503706,direct_CTD_depth,77.0,FIO_CTD_Data_Daly_2/Daly_CTD_WB0212/WB0212_dsh01.csv,https://data.gulfresearchinitiative.org/data/Y1.x030.000:0007
GRIIDC_Y1x030x0007,GRIIDC_DSH01_cast1_Latitude_29_25.48_Longitude_087_39.59,Gulf of Mexico / West Florida Shelf,global_augmentation,2012-02-23 12:47:13,29.424666666666667,-87.65983333333334,2.0,,20.501649999999998,34.653800000000004,1.2017,4.788365,1522.4765952127213,1502.505,19.97159521272124,direct_CTD_depth,77.0,FIO_CTD_Data_Daly_2/Daly_CTD_WB0212/WB0212_dsh01.csv,https://data.gulfresearchinitiative.org/data/Y1.x030.000:0007
GRIIDC_Y1x030x0007,GRIIDC_DSH01_cast1_Latitude_29_25.48_Longitude_087_39.59,Gulf of Mexico / West Florida Shelf,global_augmentation,2012-02-23 12:47:13,29.424666666666667,-87.65983333333334,5.0,,20.486800000000002,36.08925000000001,0.7307,4.80927,1524.107185142573,1502.505,21.602185142572807,direct_CTD_depth,77.0,FIO_CTD_Data_Daly_2/Daly_CTD_WB0212/WB0212_dsh01.csv,https://data.gulfresearchinitiative.org/data/Y1.x030.000:0007
GRIIDC_Y1x030x0007,GRIIDC_DSH01_cast1_Latitude_29_25.48_Longitude_087_39.59,Gulf of Mexico / West Florida Shelf,global_augmentation,2012-02-23 12:47:13,29.424666666666667,-87.65983333333334,10.0,,20.480600000000003,36.08725,0.72445,4.8151600000000006,1524.1696618910473,1502.505,21.664661891047217,direct_CTD_depth,77.0,FIO_CTD_Data_Daly_2/Daly_CTD_WB0212/WB0212_dsh01.csv,https://data.gulfresearchinitiative.org/data/Y1.x030.000:0007
GRIIDC_Y1x030x0007,GRIIDC_DSH01_cast1_Latitude_29_25.48_Longitude_087_39.59,Gulf of Mexico / West Florida Shelf,global_augmentation,2012-02-23 12:47:13,29.424666666666667,-87.65983333333334,20.0,,20.457349999999998,36.08175,0.72465,4.80257,1524.2635598120548,1502.505,21.758559812054727,direct_CTD_depth,77.0,FIO_CTD_Data_Daly_2/Daly_CTD_WB0212/WB0212_dsh01.csv,https://data.gulfresearchinitiative.org/data/Y1.x030.000:0007
GRIIDC_Y1x030x0007,GRIIDC_DSH01_cast1_Latitude_29_25.48_Longitude_087_39.59,Gulf of Mexico / West Florida Shelf,global_augmentation,2012-02-23 12:47:13,29.424666666666667,-87.65983333333334,30.0,,20.39825,36.08395,0.73525,4.774165,1524.2689626958136,1512.095,12.173962695813543,direct_CTD_depth,77.0,FIO_CTD_Data_Daly_2/Daly_CTD_WB0212/WB0212_dsh01.csv,https://data.gulfresearchinitiative.org/data/Y1.x030.000:0007
GRIIDC_Y1x030x0007,GRIIDC_DSH01_cast1_Latitude_29_25.48_Longitude_087_39.59,Gulf of Mexico / West Florida Shelf,global_augmentation,2012-02-23 12:47:13,29.424666666666667,-87.65983333333334,50.0,,20.27495,36.1237,0.6938500000000001,4.73753,1524.305210927014,1512.095,12.210210927014032,direct_CTD_depth,77.0,FIO_CTD_Data_Daly_2/Daly_CTD_WB0212/WB0212_dsh01.csv,https://data.gulfresearchinitiative.org/data/Y1.x030.000:0007
GRIIDC_Y1x030x0007,GRIIDC_DSH01_cast1_Latitude_29_25.48_Longitude_087_39.59,Gulf of Mexico / West Florida Shelf,global_augmentation,2012-02-23 12:47:13,29.424666666666667,-87.65983333333334,75.0,,20.1224,36.11695,0.71045,4.541919999999999,1524.2895161266104,1518.2649999999999,6.024516126610479,direct_CTD_depth,77.0,FIO_CTD_Data_Daly_2/Daly_CTD_WB0212/WB0212_dsh01.csv,https://data.gulfresearchinitiative.org/data/Y1.x030.000:0007
GRIIDC_Y1x030x0007,GRIIDC_DSH07_Latitude_29_15.473_Longitude_87_43.705,Gulf of Mexico / West Florida Shelf,global_augmentation,,29.257883333333332,-87.72841666666666,1.0,,28.29495,32.3006,0.956,4.172885,1538.9578972341308,1505.53,33.427897234130796,direct_CTD_depth,422.0,FIO_CTD_Data_Daly_2/Daly_CTD_WB0911/WB0911_DSH07.csv,https://data.gulfresearchinitiative.org/data/Y1.x030.000:0007
GRIIDC_Y1x030x0007,GRIIDC_DSH07_Latitude_29_15.473_Longitude_87_43.705,Gulf of Mexico / West Florida Shelf,global_augmentation,,29.257883333333332,-87.72841666666666,2.0,,28.30875,32.44345,0.93505,4.400035,1539.1543456141453,1505.53,33.62434561414534,direct_CTD_depth,422.0,FIO_CTD_Data_Daly_2/Daly_CTD_WB0911/WB0911_DSH07.csv,https://data.gulfresearchinitiative.org/data/Y1.x030.000:0007
GRIIDC_Y1x030x0007,GRIIDC_DSH07_Latitude_29_15.473_Longitude_87_43.705,Gulf of Mexico / West Florida Shelf,global_augmentation,,29.257883333333332,-87.72841666666666,5.0,,28.3405,32.4543,0.8861,5.56888,1539.2839756258084,1505.53,33.75397562580838,direct_CTD_depth,422.0,FIO_CTD_Data_Daly_2/Daly_CTD_WB0911/WB0911_DSH07.csv,https://data.gulfresearchinitiative.org/data/Y1.x030.000:0007
GRIIDC_Y1x030x0007,GRIIDC_DSH07_Latitude_29_15.473_Longitude_87_43.705,Gulf of Mexico / West Florida Shelf,global_augmentation,,29.257883333333332,-87.72841666666666,10.0,,28.398400000000002,33.5059,0.86035,4.171155,1540.5948004060315,1505.53,35.06480040603151,direct_CTD_depth,422.0,FIO_CTD_Data_Daly_2/Daly_CTD_WB0911/WB0911_DSH07.csv,https://data.gulfresearchinitiative.org/data/Y1.x030.000:0007
GRIIDC_Y1x030x0007,GRIIDC_DSH07_Latitude_29_15.473_Longitude_87_43.705,Gulf of Mexico / West Florida Shelf,global_augmentation,,29.257883333333332,-87.72841666666666,20.0,,28.642650000000003,34.864999999999995,0.8541000000000001,4.3136,1542.7076538584683,1505.53,37.177653858468375,direct_CTD_depth,422.0,FIO_CTD_Data_Daly_2/Daly_CTD_WB0911/WB0911_DSH07.csv,https://data.gulfresearchinitiative.org/data/Y1.x030.000:0007
GRIIDC_Y1x030x0007,GRIIDC_DSH07_Latitude_29_15.473_Longitude_87_43.705,Gulf of Mexico / West Florida Shelf,global_augmentation,,29.257883333333332,-87.72841666666666,30.0,,28.7168,35.5083,0.855,3.80659,1543.7017783721587,1515.655,28.04677837215877,direct_CTD_depth,422.0,FIO_CTD_Data_Daly_2/Daly_CTD_WB0911/WB0911_DSH07.csv,https://data.gulfresearchinitiative.org/data/Y1.x030.000:0007
GRIIDC_Y1x030x0007,GRIIDC_DSH07_Latitude_29_15.473_Longitude_87_43.705,Gulf of Mexico / West Florida Shelf,global_augmentation,,29.257883333333332,-87.72841666666666,50.0,,23.9928,36.331900000000005,0.86805,3.402195,1534.1297110277312,1515.655,18.474711027731246,direct_CTD_depth,422.0,FIO_CTD_Data_Daly_2/Daly_CTD_WB0911/WB0911_DSH07.csv,https://data.gulfresearchinitiative.org/data/Y1.x030.000:0007
GRIIDC_Y1x030x0007,GRIIDC_DSH07_Latitude_29_15.473_Longitude_87_43.705,Gulf of Mexico / West Florida Shelf,global_augmentation,,29.257883333333332,-87.72841666666666,75.0,,21.503349999999998,36.49305,0.8466,3.5967900000000004,1528.412012657858,1520.465,7.9470126578580675,direct_CTD_depth,422.0,FIO_CTD_Data_Daly_2/Daly_CTD_WB0911/WB0911_DSH07.csv,https://data.gulfresearchinitiative.org/data/Y1.x030.000:0007
GRIIDC_Y1x030x0007,GRIIDC_DSH07_Latitude_29_15.473_Longitude_87_43.705,Gulf of Mexico / West Florida Shelf,global_augmentation,,29.257883333333332,-87.72841666666666,100.0,,19.239800000000002,36.408249999999995,1.0806,3.099595,1522.587869852786,1520.465,2.1228698527861525,direct_CTD_depth,422.0,FIO_CTD_Data_Daly_2/Daly_CTD_WB0911/WB0911_DSH07.csv,https://data.gulfresearchinitiative.org/data/Y1.x030.000:0007
GRIIDC_Y1x030x0007,GRIIDC_DSH07_Latitude_29_15.473_Longitude_87_43.705,Gulf of Mexico / West Florida Shelf,global_augmentation,,29.257883333333332,-87.72841666666666,150.0,,14.34535,35.8512,0.8391,2.88302,1508.0694640155605,1518.01,-9.94053598443952,direct_CTD_depth,422.0,FIO_CTD_Data_Daly_2/Daly_CTD_WB0911/WB0911_DSH07.csv,https://data.gulfresearchinitiative.org/data/Y1.x030.000:0007
GRIIDC_Y1x030x0007,GRIIDC_DSH07_Latitude_29_15.473_Longitude_87_43.705,Gulf of Mexico / West Florida Shelf,global_augmentation,,29.257883333333332,-87.72841666666666,200.0,,12.6735,35.58895,0.77275,2.82331,1503.0874433000947,1515.275,-12.187556699905372,direct_CTD_depth,422.0,FIO_CTD_Data_Daly_2/Daly_CTD_WB0911/WB0911_DSH07.csv,https://data.gulfresearchinitiative.org/data/Y1.x030.000:0007
GRIIDC_Y1x030x0007,GRIIDC_DSH07_Latitude_29_15.473_Longitude_87_43.705,Gulf of Mexico / West Florida Shelf,global_augmentation,,29.257883333333332,-87.72841666666666,300.0,,11.251349999999999,35.362049999999996,0.77645,2.756545,1499.5868513872213,1511.505,-11.91814861277885,direct_CTD_depth,422.0,FIO_CTD_Data_Daly_2/Daly_CTD_WB0911/WB0911_DSH07.csv,https://data.gulfresearchinitiative.org/data/Y1.x030.000:0007
GRIIDC_Y1x030x0007,GRIIDC_DSH07_Latitude_29_15.473_Longitude_87_43.705,Gulf of Mexico / West Florida Shelf,global_augmentation,,29.257883333333332,-87.72841666666666,400.0,,9.48535,35.125249999999994,0.7193499999999999,2.70228,1494.639758989914,1509.2350000000001,-14.595241010086056,direct_CTD_depth,422.0,FIO_CTD_Data_Daly_2/Daly_CTD_WB0911/WB0911_DSH07.csv,https://data.gulfresearchinitiative.org/data/Y1.x030.000:0007
GRIIDC_Y1x030x0007,GRIIDC_DSH07_cast1_Latitude_29_15.34_Longitude_087_44.17,Gulf of Mexico / West Florida Shelf,global_augmentation,2012-05-11 14:24:24,29.255666666666666,-87.73616666666666,1.0,,25.3777,33.702799999999996,1.5891,4.76736,1533.8053269543843,1525.5149999999999,8.290326954384454,direct_CTD_depth,404.0,FIO_CTD_Data_Daly_2/Daly_CTD_WB0512/WB0512_DSH07_Cast1.csv,https://data.gulfresearchinitiative.org/data/Y1.x030.000:0007
GRIIDC_Y1x030x0007,GRIIDC_DSH07_cast1_Latitude_29_15.34_Longitude_087_44.17,Gulf of Mexico / West Florida Shelf,global_augmentation,2012-05-11 14:24:24,29.255666666666666,-87.73616666666666,2.0,,25.3851,33.6959,0.92445,4.30051,1533.831719610536,1525.5149999999999,8.316719610536211,direct_CTD_depth,404.0,FIO_CTD_Data_Daly_2/Daly_CTD_WB0512/WB0512_DSH07_Cast1.csv,https://data.gulfresearchinitiative.org/data/Y1.x030.000:0007
GRIIDC_Y1x030x0007,GRIIDC_DSH07_cast1_Latitude_29_15.34_Longitude_087_44.17,Gulf of Mexico / West Florida Shelf,global_augmentation,2012-05-11 14:24:24,29.255666666666666,-87.73616666666666,5.0,,25.383499999999998,33.7718,0.99225,4.108385,1533.9587885725655,1525.5149999999999,8.443788572565609,direct_CTD_depth,404.0,FIO_CTD_Data_Daly_2/Daly_CTD_WB0512/WB0512_DSH07_Cast1.csv,https://data.gulfresearchinitiative.org/data/Y1.x030.000:0007
GRIIDC_Y1x030x0007,GRIIDC_DSH07_cast1_Latitude_29_15.34_Longitude_087_44.17,Gulf of Mexico / West Florida Shelf,global_augmentation,2012-05-11 14:24:24,29.255666666666666,-87.73616666666666,10.0,,25.37655,33.77275,1.0476,4.229645,1534.0248552610615,1525.5149999999999,8.509855261061603,direct_CTD_depth,404.0,FIO_CTD_Data_Daly_2/Daly_CTD_WB0512/WB0512_DSH07_Cast1.csv,https://data.gulfresearchinitiative.org/data/Y1.x030.000:0007
GRIIDC_Y1x030x0007,GRIIDC_DSH07_cast1_Latitude_29_15.34_Longitude_087_44.17,Gulf of Mexico / West Florida Shelf,global_augmentation,2012-05-11 14:24:24,29.255666666666666,-87.73616666666666,20.0,,22.79665,35.07295,1.0493999999999999,4.75525,1529.2744905812463,1525.5149999999999,3.759490581246382,direct_CTD_depth,404.0,FIO_CTD_Data_Daly_2/Daly_CTD_WB0512/WB0512_DSH07_Cast1.csv,https://data.gulfresearchinitiative.org/data/Y1.x030.000:0007
GRIIDC_Y1x030x0007,GRIIDC_DSH07_cast1_Latitude_29_15.34_Longitude_087_44.17,Gulf of Mexico / West Florida Shelf,global_augmentation,2012-05-11 14:24:24,29.255666666666666,-87.73616666666666,30.0,,22.7382,35.8768,1.0156,5.24922,1530.1786706606154,1517.37,12.808670660615462,direct_CTD_depth,404.0,FIO_CTD_Data_Daly_2/Daly_CTD_WB0512/WB0512_DSH07_Cast1.csv,https://data.gulfresearchinitiative.org/data/Y1.x030.000:0007
GRIIDC_Y1x030x0007,GRIIDC_DSH07_cast1_Latitude_29_15.34_Longitude_087_44.17,Gulf of Mexico / West Florida Shelf,global_augmentation,2012-05-11 14:24:24,29.255666666666666,-87.73616666666666,50.0,,22.0538,36.4836,0.9804,4.03626,1529.4264225481086,1517.37,12.056422548108685,direct_CTD_depth,404.0,FIO_CTD_Data_Daly_2/Daly_CTD_WB0512/WB0512_DSH07_Cast1.csv,https://data.gulfresearchinitiative.org/data/Y1.x030.000:0007
GRIIDC_Y1x030x0007,GRIIDC_DSH07_cast1_Latitude_29_15.34_Longitude_087_44.17,Gulf of Mexico / West Florida Shelf,global_augmentation,2012-05-11 14:24:24,29.255666666666666,-87.73616666666666,75.0,,20.11015,36.5565,1.0323499999999999,3.03539,1524.7544198304586,1525.5149999999999,-0.7605801695412993,direct_CTD_depth,404.0,FIO_CTD_Data_Daly_2/Daly_CTD_WB0512/WB0512_DSH07_Cast1.csv,https://data.gulfresearchinitiative.org/data/Y1.x030.000:0007
GRIIDC_Y1x030x0007,GRIIDC_DSH07_cast1_Latitude_29_15.34_Longitude_087_44.17,Gulf of Mexico / West Florida Shelf,global_augmentation,2012-05-11 14:24:24,29.255666666666666,-87.73616666666666,100.0,,18.3369,36.3971,1.0289,2.840315,1520.0153454386705,1525.5149999999999,-5.499654561329407,direct_CTD_depth,404.0,FIO_CTD_Data_Daly_2/Daly_CTD_WB0512/WB0512_DSH07_Cast1.csv,https://data.gulfresearchinitiative.org/data/Y1.x030.000:0007
GRIIDC_Y1x030x0007,GRIIDC_DSH07_cast1_Latitude_29_15.34_Longitude_087_44.17,Gulf of Mexico / West Florida Shelf,global_augmentation,2012-05-11 14:24:24,29.255666666666666,-87.73616666666666,150.0,,16.346,36.16415,1.00055,2.885585,1514.6831267396115,1525.5149999999999,-10.83187326038842,direct_CTD_depth,404.0,FIO_CTD_Data_Daly_2/Daly_CTD_WB0512/WB0512_DSH07_Cast1.csv,https://data.gulfresearchinitiative.org/data/Y1.x030.000:0007
GRIIDC_Y1x030x0007,GRIIDC_DSH07_cast1_Latitude_29_15.34_Longitude_087_44.17,Gulf of Mexico / West Florida Shelf,global_augmentation,2012-05-11 14:24:24,29.255666666666666,-87.73616666666666,200.0,,14.6903,35.9059,0.9835,2.964595,1510.0536050658852,1525.5149999999999,-15.46139493411465,direct_CTD_depth,404.0,FIO_CTD_Data_Daly_2/Daly_CTD_WB0512/WB0512_DSH07_Cast1.csv,https://data.gulfresearchinitiative.org/data/Y1.x030.000:0007
GRIIDC_Y1x030x0007,GRIIDC_DSH07_cast1_Latitude_29_15.34_Longitude_087_44.17,Gulf of Mexico / West Florida Shelf,global_augmentation,2012-05-11 14:24:24,29.255666666666666,-87.73616666666666,300.0,,12.0254,35.483149999999995,1.01145,2.5971450000000003,1502.4040326258244,1525.5149999999999,-23.110967374175516,direct_CTD_depth,404.0,FIO_CTD_Data_Daly_2/Daly_CTD_WB0512/WB0512_DSH07_Cast1.csv,https://data.gulfresearchinitiative.org/data/Y1.x030.000:0007
GRIIDC_Y1x030x0007,GRIIDC_DSH07_cast1_Latitude_29_15.34_Longitude_087_44.17,Gulf of Mexico / West Florida Shelf,global_augmentation,2012-05-11 14:24:24,29.255666666666666,-87.73616666666666,400.0,,10.113,35.20755,1.02375,2.58635,1497.0127151468898,1517.37,-20.35728485311006,direct_CTD_depth,404.0,FIO_CTD_Data_Daly_2/Daly_CTD_WB0512/WB0512_DSH07_Cast1.csv,https://data.gulfresearchinitiative.org/data/Y1.x030.000:0007
GRIIDC_Y1x030x0007,GRIIDC_DSH07_cast2_Latitude_29_15.42_Longitude_087_44.06,Gulf of Mexico / West Florida Shelf,global_augmentation,2012-05-11 16:31:15,29.257,-87.73433333333334,1.0,,25.15925,29.973550000000003,3.49825,4.834685,1529.2502440027583,1502.2,27.05024400275829,direct_CTD_depth,64.0,FIO_CTD_Data_Daly_2/Daly_CTD_WB0512/WB0512_DSH07_Cast2.csv,https://data.gulfresearchinitiative.org/data/Y1.x030.000:0007
GRIIDC_Y1x030x0007,GRIIDC_DSH07_cast2_Latitude_29_15.42_Longitude_087_44.06,Gulf of Mexico / West Florida Shelf,global_augmentation,2012-05-11 16:31:15,29.257,-87.73433333333334,2.0,,25.3988,33.887100000000004,1.28565,4.611829999999999,1534.070619778314,1502.2,31.870619778313994,direct_CTD_depth,64.0,FIO_CTD_Data_Daly_2/Daly_CTD_WB0512/WB0512_DSH07_Cast2.csv,https://data.gulfresearchinitiative.org/data/Y1.x030.000:0007
GRIIDC_Y1x030x0007,GRIIDC_DSH07_cast2_Latitude_29_15.42_Longitude_087_44.06,Gulf of Mexico / West Florida Shelf,global_augmentation,2012-05-11 16:31:15,29.257,-87.73433333333334,5.0,,25.401449999999997,33.823350000000005,0.99775,4.5287749999999996,1534.0569702946925,1502.2,31.856970294692474,direct_CTD_depth,64.0,FIO_CTD_Data_Daly_2/Daly_CTD_WB0512/WB0512_DSH07_Cast2.csv,https://data.gulfresearchinitiative.org/data/Y1.x030.000:0007
GRIIDC_Y1x030x0007,GRIIDC_DSH07_cast2_Latitude_29_15.42_Longitude_087_44.06,Gulf of Mexico / West Florida Shelf,global_augmentation,2012-05-11 16:31:15,29.257,-87.73433333333334,10.0,,25.376150000000003,33.8235,1.0132,4.5841650000000005,1534.078711791512,1502.2,31.878711791511932,direct_CTD_depth,64.0,FIO_CTD_Data_Daly_2/Daly_CTD_WB0512/WB0512_DSH07_Cast2.csv,https://data.gulfresearchinitiative.org/data/Y1.x030.000:0007
GRIIDC_Y1x030x0007,GRIIDC_DSH07_cast2_Latitude_29_15.42_Longitude_087_44.06,Gulf of Mexico / West Florida Shelf,global_augmentation,2012-05-11 16:31:15,29.257,-87.73433333333334,20.0,,23.25145,34.96195,1.05505,4.71416,1530.3007638550112,1502.2,28.10076385501111,direct_CTD_depth,64.0,FIO_CTD_Data_Daly_2/Daly_CTD_WB0512/WB0512_DSH07_Cast2.csv,https://data.gulfresearchinitiative.org/data/Y1.x030.000:0007
GRIIDC_Y1x030x0007,GRIIDC_DSH07_cast2_Latitude_29_15.42_Longitude_087_44.06,Gulf of Mexico / West Florida Shelf,global_augmentation,2012-05-11 16:31:15,29.257,-87.73433333333334,30.0,,23.19625,35.728300000000004,1.05315,4.650815,1531.1698893321045,1502.2,28.969889332104458,direct_CTD_depth,64.0,FIO_CTD_Data_Daly_2/Daly_CTD_WB0512/WB0512_DSH07_Cast2.csv,https://data.gulfresearchinitiative.org/data/Y1.x030.000:0007
GRIIDC_Y1x030x0007,GRIIDC_DSH07_cast2_Latitude_29_15.42_Longitude_087_44.06,Gulf of Mexico / West Florida Shelf,global_augmentation,2012-05-11 16:31:15,29.257,-87.73433333333334,50.0,,22.4018,36.5334,1.0525,3.684185,1530.3759944477795,1493.14,37.235994447779376,direct_CTD_depth,64.0,FIO_CTD_Data_Daly_2/Daly_CTD_WB0512/WB0512_DSH07_Cast2.csv,https://data.gulfresearchinitiative.org/data/Y1.x030.000:0007
GRIIDC_Y1x030x0007,GRIIDC_DSH07_cast3_Latitude_29_15.260_Longitude_87_44.045,Gulf of Mexico / West Florida Shelf,global_augmentation,2011-02-20 18:17:59,29.254333333333335,-87.73408333333333,1.0,,19.50515,23.21495,2.3762,5.995,1506.6712076845415,1495.52,11.151207684541532,direct_CTD_depth,392.0,FIO_CTD_Data_Daly_2/Daly_CTD_WB0211/WB0211_dsh07_cast3.csv,https://data.gulfresearchinitiative.org/data/Y1.x030.000:0007
GRIIDC_Y1x030x0007,GRIIDC_DSH07_cast3_Latitude_29_15.260_Longitude_87_44.045,Gulf of Mexico / West Florida Shelf,global_augmentation,2011-02-20 18:17:59,29.254333333333335,-87.73408333333333,2.0,,19.39115,33.35875,0.91465,5.90881,1517.9313607792765,1495.52,22.411360779276492,direct_CTD_depth,392.0,FIO_CTD_Data_Daly_2/Daly_CTD_WB0211/WB0211_dsh07_cast3.csv,https://data.gulfresearchinitiative.org/data/Y1.x030.000:0007
GRIIDC_Y1x030x0007,GRIIDC_DSH07_cast3_Latitude_29_15.260_Longitude_87_44.045,Gulf of Mexico / West Florida Shelf,global_augmentation,2011-02-20 18:17:59,29.254333333333335,-87.73408333333333,5.0,,19.10435,36.03295,0.5428999999999999,5.481845,1520.228422172177,1495.52,24.708422172177052,direct_CTD_depth,392.0,FIO_CTD_Data_Daly_2/Daly_CTD_WB0211/WB0211_dsh07_cast3.csv,https://data.gulfresearchinitiative.org/data/Y1.x030.000:0007
GRIIDC_Y1x030x0007,GRIIDC_DSH07_cast3_Latitude_29_15.260_Longitude_87_44.045,Gulf of Mexico / West Florida Shelf,global_augmentation,2011-02-20 18:17:59,29.254333333333335,-87.73408333333333,10.0,,19.2444,36.21255,0.60335,5.33701,1520.9084658303661,1495.52,25.388465830366158,direct_CTD_depth,392.0,FIO_CTD_Data_Daly_2/Daly_CTD_WB0211/WB0211_dsh07_cast3.csv,https://data.gulfresearchinitiative.org/data/Y1.x030.000:0007
GRIIDC_Y1x030x0007,GRIIDC_DSH07_cast3_Latitude_29_15.260_Longitude_87_44.045,Gulf of Mexico / West Florida Shelf,global_augmentation,2011-02-20 18:17:59,29.254333333333335,-87.73408333333333,20.0,,19.3963,36.35325,0.6738500000000001,5.206530000000001,1521.6566290344604,1495.52,26.136629034460384,direct_CTD_depth,392.0,FIO_CTD_Data_Daly_2/Daly_CTD_WB0211/WB0211_dsh07_cast3.csv,https://data.gulfresearchinitiative.org/data/Y1.x030.000:0007
GRIIDC_Y1x030x0007,GRIIDC_DSH07_cast3_Latitude_29_15.260_Longitude_87_44.045,Gulf of Mexico / West Florida Shelf,global_augmentation,2011-02-20 18:17:59,29.254333333333335,-87.73408333333333,30.0,,19.26595,36.35785,0.6999,5.066085,1521.4609490512355,1505.0749999999998,16.385949051235684,direct_CTD_depth,392.0,FIO_CTD_Data_Daly_2/Daly_CTD_WB0211/WB0211_dsh07_cast3.csv,https://data.gulfresearchinitiative.org/data/Y1.x030.000:0007
GRIIDC_Y1x030x0007,GRIIDC_DSH07_cast3_Latitude_29_15.260_Longitude_87_44.045,Gulf of Mexico / West Florida Shelf,global_augmentation,2011-02-20 18:17:59,29.254333333333335,-87.73408333333333,50.0,,19.04475,36.3259,0.7348,4.8439049999999995,1521.129861498323,1505.0749999999998,16.054861498323135,direct_CTD_depth,392.0,FIO_CTD_Data_Daly_2/Daly_CTD_WB0211/WB0211_dsh07_cast3.csv,https://data.gulfresearchinitiative.org/data/Y1.x030.000:0007
GRIIDC_Y1x030x0007,GRIIDC_DSH07_cast3_Latitude_29_15.260_Longitude_87_44.045,Gulf of Mexico / West Florida Shelf,global_augmentation,2011-02-20 18:17:59,29.254333333333335,-87.73408333333333,75.0,,18.4921,36.2042,0.9184000000000001,4.56386,1519.829810053605,1507.42,12.409810053604815,direct_CTD_depth,392.0,FIO_CTD_Data_Daly_2/Daly_CTD_WB0211/WB0211_dsh07_cast3.csv,https://data.gulfresearchinitiative.org/data/Y1.x030.000:0007
GRIIDC_Y1x030x0007,GRIIDC_DSH07_cast3_Latitude_29_15.260_Longitude_87_44.045,Gulf of Mexico / West Florida Shelf,global_augmentation,2011-02-20 18:17:59,29.254333333333335,-87.73408333333333,100.0,,16.659950000000002,36.16325,0.78695,3.2477400000000003,1514.81389193583,1511.6999999999998,3.1138919358302246,direct_CTD_depth,392.0,FIO_CTD_Data_Daly_2/Daly_CTD_WB0211/WB0211_dsh07_cast3.csv,https://data.gulfresearchinitiative.org/data/Y1.x030.000:0007
GRIIDC_Y1x030x0007,GRIIDC_DSH07_cast3_Latitude_29_15.260_Longitude_87_44.045,Gulf of Mexico / West Florida Shelf,global_augmentation,2011-02-20 18:17:59,29.254333333333335,-87.73408333333333,150.0,,14.714099999999998,35.908100000000005,0.8891,2.9258800000000003,1509.3139284629053,1511.795,-2.481071537094749,direct_CTD_depth,392.0,FIO_CTD_Data_Daly_2/Daly_CTD_WB0211/WB0211_dsh07_cast3.csv,https://data.gulfresearchinitiative.org/data/Y1.x030.000:0007
GRIIDC_Y1x030x0007,GRIIDC_DSH07_cast3_Latitude_29_15.260_Longitude_87_44.045,Gulf of Mexico / West Florida Shelf,global_augmentation,2011-02-20 18:17:59,29.254333333333335,-87.73408333333333,200.0,,13.11945,35.6562,0.7827999999999999,2.795205,1504.655920352888,1510.715,-6.0590796471119575,direct_CTD_depth,392.0,FIO_CTD_Data_Daly_2/Daly_CTD_WB0211/WB0211_dsh07_cast3.csv,https://data.gulfresearchinitiative.org/data/Y1.x030.000:0007
GRIIDC_Y1x030x0007,GRIIDC_DSH07_cast3_Latitude_29_15.260_Longitude_87_44.045,Gulf of Mexico / West Florida Shelf,global_augmentation,2011-02-20 18:17:59,29.254333333333335,-87.73408333333333,300.0,,11.710049999999999,35.439350000000005,0.91595,2.667805,1501.26976272731,1509.335,-8.065237272689956,direct_CTD_depth,392.0,FIO_CTD_Data_Daly_2/Daly_CTD_WB0211/WB0211_dsh07_cast3.csv,https://data.gulfresearchinitiative.org/data/Y1.x030.000:0007
GRIIDC_Y1x030x0007,GRIIDC_DSH08_Latitude_29_07.327_Longitude_87_52.112,Gulf of Mexico / West Florida Shelf,global_augmentation,2010-12-08 08:13:48,29.122116666666667,-87.86853333333333,1.0,,18.739150000000002,25.36645,0.3467,4.684835,1506.8860342392738,1448.255,58.63103423927373,direct_CTD_depth,1097.0,FIO_CTD_Data_Daly_2/Daly_CTD_WB1210/WB1210_DSH08.csv,https://data.gulfresearchinitiative.org/data/Y1.x030.000:0007
GRIIDC_Y1x030x0007,GRIIDC_DSH08_Latitude_29_07.327_Longitude_87_52.112,Gulf of Mexico / West Florida Shelf,global_augmentation,2010-12-08 08:13:48,29.122116666666667,-87.86853333333333,2.0,,21.3983,33.2939,0.35075,5.321865000000001,1523.3599331523546,1448.255,75.10493315235453,direct_CTD_depth,1097.0,FIO_CTD_Data_Daly_2/Daly_CTD_WB1210/WB1210_DSH08.csv,https://data.gulfresearchinitiative.org/data/Y1.x030.000:0007
GRIIDC_Y1x030x0007,GRIIDC_DSH08_Latitude_29_07.327_Longitude_87_52.112,Gulf of Mexico / West Florida Shelf,global_augmentation,2010-12-08 08:13:48,29.122116666666667,-87.86853333333333,5.0,,21.969299999999997,35.4414,0.3919,4.65635,1527.3121436484964,1448.255,79.05714364849632,direct_CTD_depth,1097.0,FIO_CTD_Data_Daly_2/Daly_CTD_WB1210/WB1210_DSH08.csv,https://data.gulfresearchinitiative.org/data/Y1.x030.000:0007
GRIIDC_Y1x030x0007,GRIIDC_DSH08_Latitude_29_07.327_Longitude_87_52.112,Gulf of Mexico / West Florida Shelf,global_augmentation,2010-12-08 08:13:48,29.122116666666667,-87.86853333333333,10.0,,21.97635,35.44455,0.4014,4.647515,1527.4154937733508,1448.255,79.16049377335071,direct_CTD_depth,1097.0,FIO_CTD_Data_Daly_2/Daly_CTD_WB1210/WB1210_DSH08.csv,https://data.gulfresearchinitiative.org/data/Y1.x030.000:0007
GRIIDC_Y1x030x0007,GRIIDC_DSH08_Latitude_29_07.327_Longitude_87_52.112,Gulf of Mexico / West Florida Shelf,global_augmentation,2010-12-08 08:13:48,29.122116666666667,-87.86853333333333,20.0,,21.9956,35.45725,0.4212,4.65879,1527.6427185406992,1448.255,79.3877185406991,direct_CTD_depth,1097.0,FIO_CTD_Data_Daly_2/Daly_CTD_WB1210/WB1210_DSH08.csv,https://data.gulfresearchinitiative.org/data/Y1.x030.000:0007
GRIIDC_Y1x030x0007,GRIIDC_DSH08_Latitude_29_07.327_Longitude_87_52.112,Gulf of Mexico / West Florida Shelf,global_augmentation,2010-12-08 08:13:48,29.122116666666667,-87.86853333333333,30.0,,21.99435,35.45435,0.43684999999999996,4.67195,1527.7993227324391,1480.155,47.64432273243915,direct_CTD_depth,1097.0,FIO_CTD_Data_Daly_2/Daly_CTD_WB1210/WB1210_DSH08.csv,https://data.gulfresearchinitiative.org/data/Y1.x030.000:0007
GRIIDC_Y1x030x0007,GRIIDC_DSH08_Latitude_29_07.327_Longitude_87_52.112,Gulf of Mexico / West Florida Shelf,global_augmentation,2010-12-08 08:13:48,29.122116666666667,-87.86853333333333,50.0,,22.8839,36.389,0.43875,3.73562,1531.440173399176,1480.155,51.285173399176074,direct_CTD_depth,1097.0,FIO_CTD_Data_Daly_2/Daly_CTD_WB1210/WB1210_DSH08.csv,https://data.gulfresearchinitiative.org/data/Y1.x030.000:0007
GRIIDC_Y1x030x0007,GRIIDC_DSH08_Latitude_29_07.327_Longitude_87_52.112,Gulf of Mexico / West Florida Shelf,global_augmentation,2010-12-08 08:13:48,29.122116666666667,-87.86853333333333,75.0,,20.62435,36.5954,0.3742,3.53992,1526.191774388231,1501.99,24.201774388230888,direct_CTD_depth,1097.0,FIO_CTD_Data_Daly_2/Daly_CTD_WB1210/WB1210_DSH08.csv,https://data.gulfresearchinitiative.org/data/Y1.x030.000:0007
GRIIDC_Y1x030x0007,GRIIDC_DSH08_Latitude_29_07.327_Longitude_87_52.112,Gulf of Mexico / West Florida Shelf,global_augmentation,2010-12-08 08:13:48,29.122116666666667,-87.86853333333333,100.0,,19.225,36.4962,0.3859,3.316695,1522.646954360532,1502.885,19.761954360531945,direct_CTD_depth,1097.0,FIO_CTD_Data_Daly_2/Daly_CTD_WB1210/WB1210_DSH08.csv,https://data.gulfresearchinitiative.org/data/Y1.x030.000:0007
GRIIDC_Y1x030x0007,GRIIDC_DSH08_Latitude_29_07.327_Longitude_87_52.112,Gulf of Mexico / West Florida Shelf,global_augmentation,2010-12-08 08:13:48,29.122116666666667,-87.86853333333333,150.0,,17.201749999999997,36.29245,0.37475,3.08533,1517.3997819780318,1505.94,11.459781978031742,direct_CTD_depth,1097.0,FIO_CTD_Data_Daly_2/Daly_CTD_WB1210/WB1210_DSH08.csv,https://data.gulfresearchinitiative.org/data/Y1.x030.000:0007
GRIIDC_Y1x030x0007,GRIIDC_DSH08_Latitude_29_07.327_Longitude_87_52.112,Gulf of Mexico / West Florida Shelf,global_augmentation,2010-12-08 08:13:48,29.122116666666667,-87.86853333333333,200.0,,14.996500000000001,35.971000000000004,0.35285,3.0054499999999997,1511.0996622602306,1506.03,5.069662260230643,direct_CTD_depth,1097.0,FIO_CTD_Data_Daly_2/Daly_CTD_WB1210/WB1210_DSH08.csv,https://data.gulfresearchinitiative.org/data/Y1.x030.000:0007
GRIIDC_Y1x030x0007,GRIIDC_DSH08_Latitude_29_07.327_Longitude_87_52.112,Gulf of Mexico / West Florida Shelf,global_augmentation,2010-12-08 08:13:48,29.122116666666667,-87.86853333333333,300.0,,12.24395,35.515299999999996,0.3368,2.754345,1503.1869479434438,1505.255,-2.0680520565563256,direct_CTD_depth,1097.0,FIO_CTD_Data_Daly_2/Daly_CTD_WB1210/WB1210_DSH08.csv,https://data.gulfresearchinitiative.org/data/Y1.x030.000:0007
GRIIDC_Y1x030x0007,GRIIDC_DSH08_Latitude_29_07.327_Longitude_87_52.112,Gulf of Mexico / West Florida Shelf,global_augmentation,2010-12-08 08:13:48,29.122116666666667,-87.86853333333333,400.0,,10.254999999999999,35.23335,0.38235,2.6272450000000003,1497.5532723780582,1503.4499999999998,-5.896727621941636,direct_CTD_depth,1097.0,FIO_CTD_Data_Daly_2/Daly_CTD_WB1210/WB1210_DSH08.csv,https://data.gulfresearchinitiative.org/data/Y1.x030.000:0007
GRIIDC_Y1x030x0007,GRIIDC_DSH08_Latitude_29_07.327_Longitude_87_52.112,Gulf of Mexico / West Florida Shelf,global_augmentation,2010-12-08 08:13:48,29.122116666666667,-87.86853333333333,500.0,,8.5149,35.013549999999995,0.41845,2.673215,1492.5609699518993,1501.85,-9.289030048100585,direct_CTD_depth,1097.0,FIO_CTD_Data_Daly_2/Daly_CTD_WB1210/WB1210_DSH08.csv,https://data.gulfresearchinitiative.org/data/Y1.x030.000:0007
GRIIDC_Y1x030x0007,GRIIDC_DSH08_Latitude_29_07.327_Longitude_87_52.112,Gulf of Mexico / West Florida Shelf,global_augmentation,2010-12-08 08:13:48,29.122116666666667,-87.86853333333333,750.0,,6.06155,34.904300000000006,0.447,3.3332100000000002,1487.08773358499,1499.17,-12.082266415010054,direct_CTD_depth,1097.0,FIO_CTD_Data_Daly_2/Daly_CTD_WB1210/WB1210_DSH08.csv,https://data.gulfresearchinitiative.org/data/Y1.x030.000:0007
GRIIDC_Y1x030x0007,GRIIDC_DSH08_Latitude_29_07.327_Longitude_87_52.112,Gulf of Mexico / West Florida Shelf,global_augmentation,2010-12-08 08:13:48,29.122116666666667,-87.86853333333333,1000.0,,5.03265,34.93145,0.46235000000000004,3.993455,1487.127368505565,1497.0149999999999,-9.8876314944348,direct_CTD_depth,1097.0,FIO_CTD_Data_Daly_2/Daly_CTD_WB1210/WB1210_DSH08.csv,https://data.gulfresearchinitiative.org/data/Y1.x030.000:0007
GRIIDC_Y1x030x0007,GRIIDC_DSH08_cast1_Latitude_29_07.32_Longitude_087_52.17,Gulf of Mexico / West Florida Shelf,global_augmentation,2011-09-25 01:05:01,29.122,-87.8695,1.0,,28.45725,32.141400000000004,0.9625000000000001,4.80605,1539.1451442673078,1526.53,12.615144267307869,direct_CTD_depth,400.0,FIO_CTD_Data_Daly_2/Daly_CTD_WB0911/WB0911_DSH08_Cast1.csv,https://data.gulfresearchinitiative.org/data/Y1.x030.000:0007
GRIIDC_Y1x030x0007,GRIIDC_DSH08_cast1_Latitude_29_07.32_Longitude_087_52.17,Gulf of Mexico / West Florida Shelf,global_augmentation,2011-09-25 01:05:01,29.122,-87.8695,2.0,,28.444499999999998,32.14805,0.8478,4.504479999999999,1539.1406381935024,1526.53,12.610638193502382,direct_CTD_depth,400.0,FIO_CTD_Data_Daly_2/Daly_CTD_WB0911/WB0911_DSH08_Cast1.csv,https://data.gulfresearchinitiative.org/data/Y1.x030.000:0007
GRIIDC_Y1x030x0007,GRIIDC_DSH08_cast1_Latitude_29_07.32_Longitude_087_52.17,Gulf of Mexico / West Florida Shelf,global_augmentation,2011-09-25 01:05:01,29.122,-87.8695,5.0,,28.515900000000002,32.29275,0.8571,4.5000350000000005,1539.4965644544025,1526.53,12.966564454402487,direct_CTD_depth,400.0,FIO_CTD_Data_Daly_2/Daly_CTD_WB0911/WB0911_DSH08_Cast1.csv,https://data.gulfresearchinitiative.org/data/Y1.x030.000:0007
GRIIDC_Y1x030x0007,GRIIDC_DSH08_cast1_Latitude_29_07.32_Longitude_087_52.17,Gulf of Mexico / West Florida Shelf,global_augmentation,2011-09-25 01:05:01,29.122,-87.8695,10.0,,28.8301,34.03415,0.8482,4.309575,1542.076459743647,1526.53,15.54645974364712,direct_CTD_depth,400.0,FIO_CTD_Data_Daly_2/Daly_CTD_WB0911/WB0911_DSH08_Cast1.csv,https://data.gulfresearchinitiative.org/data/Y1.x030.000:0007
GRIIDC_Y1x030x0007,GRIIDC_DSH08_cast1_Latitude_29_07.32_Longitude_087_52.17,Gulf of Mexico / West Florida Shelf,global_augmentation,2011-09-25 01:05:01,29.122,-87.8695,20.0,,28.928150000000002,35.356300000000005,0.84945,4.3584700000000005,1543.8281373337004,1526.53,17.298137333700424,direct_CTD_depth,400.0,FIO_CTD_Data_Daly_2/Daly_CTD_WB0911/WB0911_DSH08_Cast1.csv,https://data.gulfresearchinitiative.org/data/Y1.x030.000:0007
GRIIDC_Y1x030x0007,GRIIDC_DSH08_cast1_Latitude_29_07.32_Longitude_087_52.17,Gulf of Mexico / West Florida Shelf,global_augmentation,2011-09-25 01:05:01,29.122,-87.8695,30.0,,28.836550000000003,35.56255,0.8237,4.364215,1544.0126595279319,1527.695,16.317659527931937,direct_CTD_depth,400.0,FIO_CTD_Data_Daly_2/Daly_CTD_WB0911/WB0911_DSH08_Cast1.csv,https://data.gulfresearchinitiative.org/data/Y1.x030.000:0007
GRIIDC_Y1x030x0007,GRIIDC_DSH08_cast1_Latitude_29_07.32_Longitude_087_52.17,Gulf of Mexico / West Florida Shelf,global_augmentation,2011-09-25 01:05:01,29.122,-87.8695,50.0,,24.04655,36.34085,0.8486499999999999,3.22648,1534.2706610143582,1527.695,6.575661014358275,direct_CTD_depth,400.0,FIO_CTD_Data_Daly_2/Daly_CTD_WB0911/WB0911_DSH08_Cast1.csv,https://data.gulfresearchinitiative.org/data/Y1.x030.000:0007
GRIIDC_Y1x030x0007,GRIIDC_DSH08_cast1_Latitude_29_07.32_Longitude_087_52.17,Gulf of Mexico / West Florida Shelf,global_augmentation,2011-09-25 01:05:01,29.122,-87.8695,75.0,,21.458350000000003,36.446200000000005,0.9298,3.19172,1528.2413846175205,1527.695,0.5463846175205163,direct_CTD_depth,400.0,FIO_CTD_Data_Daly_2/Daly_CTD_WB0911/WB0911_DSH08_Cast1.csv,https://data.gulfresearchinitiative.org/data/Y1.x030.000:0007
GRIIDC_Y1x030x0007,GRIIDC_DSH08_cast1_Latitude_29_07.32_Longitude_087_52.17,Gulf of Mexico / West Florida Shelf,global_augmentation,2011-09-25 01:05:01,29.122,-87.8695,100.0,,19.5728,36.44199999999999,0.86075,3.25529,1523.5541180681482,1525.495,-1.9408819318516635,direct_CTD_depth,400.0,FIO_CTD_Data_Daly_2/Daly_CTD_WB0911/WB0911_DSH08_Cast1.csv,https://data.gulfresearchinitiative.org/data/Y1.x030.000:0007
GRIIDC_Y1x030x0007,GRIIDC_DSH08_cast1_Latitude_29_07.32_Longitude_087_52.17,Gulf of Mexico / West Florida Shelf,global_augmentation,2011-09-25 01:05:01,29.122,-87.8695,150.0,,16.867150000000002,36.25755,0.7695000000000001,3.274295,1516.3628107315021,1525.495,-9.132189268497768,direct_CTD_depth,400.0,FIO_CTD_Data_Daly_2/Daly_CTD_WB0911/WB0911_DSH08_Cast1.csv,https://data.gulfresearchinitiative.org/data/Y1.x030.000:0007
GRIIDC_Y1x030x0007,GRIIDC_DSH08_cast1_Latitude_29_07.32_Longitude_087_52.17,Gulf of Mexico / West Florida Shelf,global_augmentation,2011-09-25 01:05:01,29.122,-87.8695,200.0,,14.7198,35.903800000000004,0.7473000000000001,3.0158199999999997,1510.14479407501,1520.3449999999998,-10.20020592498986,direct_CTD_depth,400.0,FIO_CTD_Data_Daly_2/Daly_CTD_WB0911/WB0911_DSH08_Cast1.csv,https://data.gulfresearchinitiative.org/data/Y1.x030.000:0007
GRIIDC_Y1x030x0007,GRIIDC_DSH08_cast1_Latitude_29_07.32_Longitude_087_52.17,Gulf of Mexico / West Florida Shelf,global_augmentation,2011-09-25 01:05:01,29.122,-87.8695,300.0,,11.5967,35.4195,0.74155,2.789435,1500.8548051238843,1520.3449999999998,-19.490194876115538,direct_CTD_depth,400.0,FIO_CTD_Data_Daly_2/Daly_CTD_WB0911/WB0911_DSH08_Cast1.csv,https://data.gulfresearchinitiative.org/data/Y1.x030.000:0007
GRIIDC_Y1x030x0007,GRIIDC_DSH08_cast1_Latitude_29_07.32_Longitude_087_52.17,Gulf of Mexico / West Florida Shelf,global_augmentation,2011-09-25 01:05:01,29.122,-87.8695,400.0,,9.575,35.1378,0.7059,2.70462,1494.9819746504206,1518.19,-23.20802534957943,direct_CTD_depth,400.0,FIO_CTD_Data_Daly_2/Daly_CTD_WB0911/WB0911_DSH08_Cast1.csv,https://data.gulfresearchinitiative.org/data/Y1.x030.000:0007
GRIIDC_Y1x030x0007,GRIIDC_DSH08_cast1_Latitude_29_07.32_Longitude_087_52.21,Gulf of Mexico / West Florida Shelf,global_augmentation,2012-05-11 09:38:50,29.122,-87.87016666666666,1.0,,24.3353,23.86785,1.2798500000000002,5.23421,1520.5699969690654,1493.415,27.15499696906545,direct_CTD_depth,1077.0,FIO_CTD_Data_Daly_2/Daly_CTD_WB0512/WB0512_DSH08_Cast1.csv,https://data.gulfresearchinitiative.org/data/Y1.x030.000:0007
GRIIDC_Y1x030x0007,GRIIDC_DSH08_cast1_Latitude_29_07.32_Longitude_087_52.21,Gulf of Mexico / West Florida Shelf,global_augmentation,2012-05-11 09:38:50,29.122,-87.87016666666666,2.0,,25.51995,32.6799,1.09775,5.2206600000000005,1533.055065691396,1493.415,39.6400656913961,direct_CTD_depth,1077.0,FIO_CTD_Data_Daly_2/Daly_CTD_WB0512/WB0512_DSH08_Cast1.csv,https://data.gulfresearchinitiative.org/data/Y1.x030.000:0007
GRIIDC_Y1x030x0007,GRIIDC_DSH08_cast1_Latitude_29_07.32_Longitude_087_52.21,Gulf of Mexico / West Florida Shelf,global_augmentation,2012-05-11 09:38:50,29.122,-87.87016666666666,5.0,,25.4631,32.952799999999996,1.1491,4.65381,1533.2634990935758,1493.415,39.84849909357581,direct_CTD_depth,1077.0,FIO_CTD_Data_Daly_2/Daly_CTD_WB0512/WB0512_DSH08_Cast1.csv,https://data.gulfresearchinitiative.org/data/Y1.x030.000:0007
GRIIDC_Y1x030x0007,GRIIDC_DSH08_cast1_Latitude_29_07.32_Longitude_087_52.21,Gulf of Mexico / West Florida Shelf,global_augmentation,2012-05-11 09:38:50,29.122,-87.87016666666666,10.0,,24.5453,34.1171,1.1614,4.5048,1532.405065082113,1487.07,45.33506508211303,direct_CTD_depth,1077.0,FIO_CTD_Data_Daly_2/Daly_CTD_WB0512/WB0512_DSH08_Cast1.csv,https://data.gulfresearchinitiative.org/data/Y1.x030.000:0007
GRIIDC_Y1x030x0007,GRIIDC_DSH08_cast1_Latitude_29_07.32_Longitude_087_52.21,Gulf of Mexico / West Florida Shelf,global_augmentation,2012-05-11 09:38:50,29.122,-87.87016666666666,20.0,,22.634050000000002,35.80465,1.18485,4.4103449999999995,1529.6708945708172,1493.415,36.25589457081719,direct_CTD_depth,1077.0,FIO_CTD_Data_Daly_2/Daly_CTD_WB0512/WB0512_DSH08_Cast1.csv,https://data.gulfresearchinitiative.org/data/Y1.x030.000:0007
GRIIDC_Y1x030x0007,GRIIDC_DSH08_cast1_Latitude_29_07.32_Longitude_087_52.21,Gulf of Mexico / West Florida Shelf,global_augmentation,2012-05-11 09:38:50,29.122,-87.87016666666666,30.0,,22.4673,36.328199999999995,1.20065,4.35754,1529.9892947918916,1493.415,36.57429479189159,direct_CTD_depth,1077.0,FIO_CTD_Data_Daly_2/Daly_CTD_WB0512/WB0512_DSH08_Cast1.csv,https://data.gulfresearchinitiative.org/data/Y1.x030.000:0007
GRIIDC_Y1x030x0007,GRIIDC_DSH08_cast1_Latitude_29_07.32_Longitude_087_52.21,Gulf of Mexico / West Florida Shelf,global_augmentation,2012-05-11 09:38:50,29.122,-87.87016666666666,50.0,,21.0054,36.3063,1.0847,4.61931,1526.4779837474193,1499.76,26.71798374741934,direct_CTD_depth,1077.0,FIO_CTD_Data_Daly_2/Daly_CTD_WB0512/WB0512_DSH08_Cast1.csv,https://data.gulfresearchinitiative.org/data/Y1.x030.000:0007
GRIIDC_Y1x030x0007,GRIIDC_DSH08_cast1_Latitude_29_07.32_Longitude_087_52.21,Gulf of Mexico / West Florida Shelf,global_augmentation,2012-05-11 09:38:50,29.122,-87.87016666666666,75.0,,20.05245,36.2856,1.15645,3.99115,1524.2894562859037,1503.1950000000002,21.09445628590356,direct_CTD_depth,1077.0,FIO_CTD_Data_Daly_2/Daly_CTD_WB0512/WB0512_DSH08_Cast1.csv,https://data.gulfresearchinitiative.org/data/Y1.x030.000:0007
GRIIDC_Y1x030x0007,GRIIDC_DSH08_cast1_Latitude_29_07.32_Longitude_087_52.21,Gulf of Mexico / West Florida Shelf,global_augmentation,2012-05-11 09:38:50,29.122,-87.87016666666666,100.0,,19.2377,36.47835,1.13695,2.857,1522.6621025032484,1503.1950000000002,19.46710250324827,direct_CTD_depth,1077.0,FIO_CTD_Data_Daly_2/Daly_CTD_WB0512/WB0512_DSH08_Cast1.csv,https://data.gulfresearchinitiative.org/data/Y1.x030.000:0007
GRIIDC_Y1x030x0007,GRIIDC_DSH08_cast1_Latitude_29_07.32_Longitude_087_52.21,Gulf of Mexico / West Florida Shelf,global_augmentation,2012-05-11 09:38:50,29.122,-87.87016666666666,150.0,,16.4961,36.192,1.11925,2.970725,1515.1704146531201,1503.1950000000002,11.97541465311997,direct_CTD_depth,1077.0,FIO_CTD_Data_Daly_2/Daly_CTD_WB0512/WB0512_DSH08_Cast1.csv,https://data.gulfresearchinitiative.org/data/Y1.x030.000:0007
GRIIDC_Y1x030x0007,GRIIDC_DSH08_cast1_Latitude_29_07.32_Longitude_087_52.21,Gulf of Mexico / West Florida Shelf,global_augmentation,2012-05-11 09:38:50,29.122,-87.87016666666666,200.0,,14.681899999999999,35.90015,1.08615,2.8183100000000003,1510.020075088336,1503.1950000000002,6.82507508833578,direct_CTD_depth,1077.0,FIO_CTD_Data_Daly_2/Daly_CTD_WB0512/WB0512_DSH08_Cast1.csv,https://data.gulfresearchinitiative.org/data/Y1.x030.000:0007
GRIIDC_Y1x030x0007,GRIIDC_DSH08_cast1_Latitude_29_07.32_Longitude_087_52.21,Gulf of Mexico / West Florida Shelf,global_augmentation,2012-05-11 09:38:50,29.122,-87.87016666666666,300.0,,11.6301,35.42085,1.0364499999999999,2.6698399999999998,1500.971709465234,1503.1950000000002,-2.2232905347661926,direct_CTD_depth,1077.0,FIO_CTD_Data_Daly_2/Daly_CTD_WB0512/WB0512_DSH08_Cast1.csv,https://data.gulfresearchinitiative.org/data/Y1.x030.000:0007
GRIIDC_Y1x030x0007,GRIIDC_DSH08_cast1_Latitude_29_07.32_Longitude_087_52.21,Gulf of Mexico / West Florida Shelf,global_augmentation,2012-05-11 09:38:50,29.122,-87.87016666666666,400.0,,9.5484,35.13535,1.03805,2.629965,1494.882098112919,1503.1950000000002,-8.312901887081125,direct_CTD_depth,1077.0,FIO_CTD_Data_Daly_2/Daly_CTD_WB0512/WB0512_DSH08_Cast1.csv,https://data.gulfresearchinitiative.org/data/Y1.x030.000:0007
GRIIDC_Y1x030x0007,GRIIDC_DSH08_cast1_Latitude_29_07.32_Longitude_087_52.21,Gulf of Mexico / West Florida Shelf,global_augmentation,2012-05-11 09:38:50,29.122,-87.87016666666666,500.0,,8.2101,34.9898,1.01275,2.71672,1491.3870802922459,1504.4,-13.012919707754236,direct_CTD_depth,1077.0,FIO_CTD_Data_Daly_2/Daly_CTD_WB0512/WB0512_DSH08_Cast1.csv,https://data.gulfresearchinitiative.org/data/Y1.x030.000:0007
GRIIDC_Y1x030x0007,GRIIDC_DSH08_cast1_Latitude_29_07.32_Longitude_087_52.21,Gulf of Mexico / West Florida Shelf,global_augmentation,2012-05-11 09:38:50,29.122,-87.87016666666666,750.0,,6.2075,34.90045,0.9485,3.27783,1487.6619100913342,1504.4,-16.73808990866587,direct_CTD_depth,1077.0,FIO_CTD_Data_Daly_2/Daly_CTD_WB0512/WB0512_DSH08_Cast1.csv,https://data.gulfresearchinitiative.org/data/Y1.x030.000:0007
GRIIDC_Y1x030x0007,GRIIDC_DSH08_cast1_Latitude_29_07.32_Longitude_087_52.21,Gulf of Mexico / West Florida Shelf,global_augmentation,2012-05-11 09:38:50,29.122,-87.87016666666666,1000.0,,5.08655,34.9292,0.9414,3.9750300000000003,1487.3439784855905,1500.25,-12.906021514409531,direct_CTD_depth,1077.0,FIO_CTD_Data_Daly_2/Daly_CTD_WB0512/WB0512_DSH08_Cast1.csv,https://data.gulfresearchinitiative.org/data/Y1.x030.000:0007
GRIIDC_Y1x030x0007,GRIIDC_DSH08_cast1_Latitude_29_07.405_Longitude_87_52.079,Gulf of Mexico / West Florida Shelf,global_augmentation,2011-05-08 03:32:39,29.123416666666667,-87.86798333333333,1.0,,24.282049999999998,29.51085,2.26195,5.19623,1526.5914819122831,1493.795,32.79648191228307,direct_CTD_depth,1006.0,FIO_CTD_Data_Daly_2/Daly_CTD_WB0511/WB0511_DSH08.csv,https://data.gulfresearchinitiative.org/data/Y1.x030.000:0007
GRIIDC_Y1x030x0007,GRIIDC_DSH08_cast1_Latitude_29_07.405_Longitude_87_52.079,Gulf of Mexico / West Florida Shelf,global_augmentation,2011-05-08 03:32:39,29.123416666666667,-87.86798333333333,2.0,,24.64855,35.8131,1.1959,5.32499,1534.368838713897,1493.795,40.573838713896976,direct_CTD_depth,1006.0,FIO_CTD_Data_Daly_2/Daly_CTD_WB0511/WB0511_DSH08.csv,https://data.gulfresearchinitiative.org/data/Y1.x030.000:0007
GRIIDC_Y1x030x0007,GRIIDC_DSH08_cast1_Latitude_29_07.405_Longitude_87_52.079,Gulf of Mexico / West Florida Shelf,global_augmentation,2011-05-08 03:32:39,29.123416666666667,-87.86798333333333,5.0,,24.69465,36.627849999999995,0.6321,4.6800250000000005,1535.4138719382809,1493.795,41.61887193828079,direct_CTD_depth,1006.0,FIO_CTD_Data_Daly_2/Daly_CTD_WB0511/WB0511_DSH08.csv,https://data.gulfresearchinitiative.org/data/Y1.x030.000:0007
GRIIDC_Y1x030x0007,GRIIDC_DSH08_cast1_Latitude_29_07.405_Longitude_87_52.079,Gulf of Mexico / West Florida Shelf,global_augmentation,2011-05-08 03:32:39,29.123416666666667,-87.86798333333333,10.0,,24.6943,36.6305,0.5783,4.72423,1535.497428563704,1493.795,41.70242856370396,direct_CTD_depth,1006.0,FIO_CTD_Data_Daly_2/Daly_CTD_WB0511/WB0511_DSH08.csv,https://data.gulfresearchinitiative.org/data/Y1.x030.000:0007
GRIIDC_Y1x030x0007,GRIIDC_DSH08_cast1_Latitude_29_07.405_Longitude_87_52.079,Gulf of Mexico / West Florida Shelf,global_augmentation,2011-05-08 03:32:39,29.123416666666667,-87.86798333333333,20.0,,24.685200000000002,36.62985,0.6065,4.734935,1535.6380291228186,1493.795,41.84302912281851,direct_CTD_depth,1006.0,FIO_CTD_Data_Daly_2/Daly_CTD_WB0511/WB0511_DSH08.csv,https://data.gulfresearchinitiative.org/data/Y1.x030.000:0007
GRIIDC_Y1x030x0007,GRIIDC_DSH08_cast1_Latitude_29_07.405_Longitude_87_52.079,Gulf of Mexico / West Florida Shelf,global_augmentation,2011-05-08 03:32:39,29.123416666666667,-87.86798333333333,30.0,,24.6224,36.6268,0.5734,4.734035,1535.6475838924541,1505.275,30.37258389245403,direct_CTD_depth,1006.0,FIO_CTD_Data_Daly_2/Daly_CTD_WB0511/WB0511_DSH08.csv,https://data.gulfresearchinitiative.org/data/Y1.x030.000:0007
GRIIDC_Y1x030x0007,GRIIDC_DSH08_cast1_Latitude_29_07.405_Longitude_87_52.079,Gulf of Mexico / West Florida Shelf,global_augmentation,2011-05-08 03:32:39,29.123416666666667,-87.86798333333333,50.0,,21.7625,36.5035,0.6622,4.90386,1528.6931297786437,1505.275,23.41812977864356,direct_CTD_depth,1006.0,FIO_CTD_Data_Daly_2/Daly_CTD_WB0511/WB0511_DSH08.csv,https://data.gulfresearchinitiative.org/data/Y1.x030.000:0007
GRIIDC_Y1x030x0007,GRIIDC_DSH08_cast1_Latitude_29_07.405_Longitude_87_52.079,Gulf of Mexico / West Florida Shelf,global_augmentation,2011-05-08 03:32:39,29.123416666666667,-87.86798333333333,75.0,,19.74985,36.44445,0.6779,4.184185,1523.6383760946462,1505.275,18.363376094646128,direct_CTD_depth,1006.0,FIO_CTD_Data_Daly_2/Daly_CTD_WB0511/WB0511_DSH08.csv,https://data.gulfresearchinitiative.org/data/Y1.x030.000:0007
GRIIDC_Y1x030x0007,GRIIDC_DSH08_cast1_Latitude_29_07.405_Longitude_87_52.079,Gulf of Mexico / West Florida Shelf,global_augmentation,2011-05-08 03:32:39,29.123416666666667,-87.86798333333333,100.0,,18.80445,36.51285,0.6830499999999999,3.324395,1521.4817475743293,1505.275,16.206747574329256,direct_CTD_depth,1006.0,FIO_CTD_Data_Daly_2/Daly_CTD_WB0511/WB0511_DSH08.csv,https://data.gulfresearchinitiative.org/data/Y1.x030.000:0007
GRIIDC_Y1x030x0007,GRIIDC_DSH08_cast1_Latitude_29_07.405_Longitude_87_52.079,Gulf of Mexico / West Florida Shelf,global_augmentation,2011-05-08 03:32:39,29.123416666666667,-87.86798333333333,150.0,,16.42375,36.19235,0.73155,3.18901,1514.9519177410689,1511.17,3.78191774106881,direct_CTD_depth,1006.0,FIO_CTD_Data_Daly_2/Daly_CTD_WB0511/WB0511_DSH08.csv,https://data.gulfresearchinitiative.org/data/Y1.x030.000:0007
GRIIDC_Y1x030x0007,GRIIDC_DSH08_cast1_Latitude_29_07.405_Longitude_87_52.079,Gulf of Mexico / West Florida Shelf,global_augmentation,2011-05-08 03:32:39,29.123416666666667,-87.86798333333333,200.0,,14.610800000000001,35.89295,0.80345,2.97631,1509.7853461318457,1511.17,-1.3846538681543734,direct_CTD_depth,1006.0,FIO_CTD_Data_Daly_2/Daly_CTD_WB0511/WB0511_DSH08.csv,https://data.gulfresearchinitiative.org/data/Y1.x030.000:0007
GRIIDC_Y1x030x0007,GRIIDC_DSH08_cast1_Latitude_29_07.405_Longitude_87_52.079,Gulf of Mexico / West Florida Shelf,global_augmentation,2011-05-08 03:32:39,29.123416666666667,-87.86798333333333,300.0,,11.0365,35.33605,0.76075,2.744425,1498.8043589033625,1508.385,-9.580641096637464,direct_CTD_depth,1006.0,FIO_CTD_Data_Daly_2/Daly_CTD_WB0511/WB0511_DSH08.csv,https://data.gulfresearchinitiative.org/data/Y1.x030.000:0007
GRIIDC_Y1x030x0007,GRIIDC_DSH08_cast1_Latitude_29_07.405_Longitude_87_52.079,Gulf of Mexico / West Florida Shelf,global_augmentation,2011-05-08 03:32:39,29.123416666666667,-87.86798333333333,400.0,,9.350750000000001,35.1153,0.7882,2.650795,1494.1355813015184,1505.7350000000001,-11.599418698481713,direct_CTD_depth,1006.0,FIO_CTD_Data_Daly_2/Daly_CTD_WB0511/WB0511_DSH08.csv,https://data.gulfresearchinitiative.org/data/Y1.x030.000:0007
GRIIDC_Y1x030x0007,GRIIDC_DSH08_cast1_Latitude_29_07.405_Longitude_87_52.079,Gulf of Mexico / West Florida Shelf,global_augmentation,2011-05-08 03:32:39,29.123416666666667,-87.86798333333333,500.0,,8.0482,34.975049999999996,0.83415,2.75145,1490.7572396106866,1503.49,-12.732760389313398,direct_CTD_depth,1006.0,FIO_CTD_Data_Daly_2/Daly_CTD_WB0511/WB0511_DSH08.csv,https://data.gulfresearchinitiative.org/data/Y1.x030.000:0007
GRIIDC_Y1x030x0007,GRIIDC_DSH08_cast1_Latitude_29_07.405_Longitude_87_52.079,Gulf of Mexico / West Florida Shelf,global_augmentation,2011-05-08 03:32:39,29.123416666666667,-87.86798333333333,750.0,,5.9961,34.90365,0.77805,3.4185999999999996,1486.8265405759853,1500.32,-13.493459424014645,direct_CTD_depth,1006.0,FIO_CTD_Data_Daly_2/Daly_CTD_WB0511/WB0511_DSH08.csv,https://data.gulfresearchinitiative.org/data/Y1.x030.000:0007
GRIIDC_Y1x030x0007,GRIIDC_DSH08_cast1_Latitude_29_07.405_Longitude_87_52.079,Gulf of Mexico / West Florida Shelf,global_augmentation,2011-05-08 03:32:39,29.123416666666667,-87.86798333333333,1000.0,,4.9669,34.93535,0.86285,4.07762,1486.8642400846645,1497.77,-10.905759915335466,direct_CTD_depth,1006.0,FIO_CTD_Data_Daly_2/Daly_CTD_WB0511/WB0511_DSH08.csv,https://data.gulfresearchinitiative.org/data/Y1.x030.000:0007
GRIIDC_Y1x030x0007,GRIIDC_DSH08_cast1_Latitude_29_07.506_Longitude_87_52.069,Gulf of Mexico / West Florida Shelf,global_augmentation,2011-02-20 12:19:55,29.1251,-87.86781666666667,1.0,,19.4071,24.5677,8.23395,5.81564,1507.9287401678594,1479.13,28.79874016785925,direct_CTD_depth,396.0,FIO_CTD_Data_Daly_2/Daly_CTD_WB0211/WB0211_dsh08_cast1.csv,https://data.gulfresearchinitiative.org/data/Y1.x030.000:0007
GRIIDC_Y1x030x0007,GRIIDC_DSH08_cast1_Latitude_29_07.506_Longitude_87_52.069,Gulf of Mexico / West Florida Shelf,global_augmentation,2011-02-20 12:19:55,29.1251,-87.86781666666667,2.0,,19.799100000000003,36.2226,0.52215,5.70848,1522.3310666634325,1479.13,43.20106666343236,direct_CTD_depth,396.0,FIO_CTD_Data_Daly_2/Daly_CTD_WB0211/WB0211_dsh08_cast1.csv,https://data.gulfresearchinitiative.org/data/Y1.x030.000:0007
GRIIDC_Y1x030x0007,GRIIDC_DSH08_cast1_Latitude_29_07.506_Longitude_87_52.069,Gulf of Mexico / West Florida Shelf,global_augmentation,2011-02-20 12:19:55,29.1251,-87.86781666666667,5.0,,19.8277,36.4161,0.52895,5.12396,1522.6787632181058,1479.13,43.548763218105705,direct_CTD_depth,396.0,FIO_CTD_Data_Daly_2/Daly_CTD_WB0211/WB0211_dsh08_cast1.csv,https://data.gulfresearchinitiative.org/data/Y1.x030.000:0007
GRIIDC_Y1x030x0007,GRIIDC_DSH08_cast1_Latitude_29_07.506_Longitude_87_52.069,Gulf of Mexico / West Florida Shelf,global_augmentation,2011-02-20 12:19:55,29.1251,-87.86781666666667,10.0,,19.80395,36.41445,0.6116,5.106635,1522.692990310303,1479.13,43.562990310302894,direct_CTD_depth,396.0,FIO_CTD_Data_Daly_2/Daly_CTD_WB0211/WB0211_dsh08_cast1.csv,https://data.gulfresearchinitiative.org/data/Y1.x030.000:0007
GRIIDC_Y1x030x0007,GRIIDC_DSH08_cast1_Latitude_29_07.506_Longitude_87_52.069,Gulf of Mexico / West Florida Shelf,global_augmentation,2011-02-20 12:19:55,29.1251,-87.86781666666667,20.0,,19.53775,36.40675,0.8314999999999999,5.107279999999999,1522.111114291807,1479.13,42.98111429180699,direct_CTD_depth,396.0,FIO_CTD_Data_Daly_2/Daly_CTD_WB0211/WB0211_dsh08_cast1.csv,https://data.gulfresearchinitiative.org/data/Y1.x030.000:0007
GRIIDC_Y1x030x0007,GRIIDC_DSH08_cast1_Latitude_29_07.506_Longitude_87_52.069,Gulf of Mexico / West Florida Shelf,global_augmentation,2011-02-20 12:19:55,29.1251,-87.86781666666667,30.0,,19.43195,36.41845,0.919,4.916535,1521.993419074743,1496.815,25.178419074743033,direct_CTD_depth,396.0,FIO_CTD_Data_Daly_2/Daly_CTD_WB0211/WB0211_dsh08_cast1.csv,https://data.gulfresearchinitiative.org/data/Y1.x030.000:0007
GRIIDC_Y1x030x0007,GRIIDC_DSH08_cast1_Latitude_29_07.506_Longitude_87_52.069,Gulf of Mexico / West Florida Shelf,global_augmentation,2011-02-20 12:19:55,29.1251,-87.86781666666667,50.0,,19.3846,36.41865,0.9804999999999999,4.780275,1522.1880014495828,1496.815,25.373001449582716,direct_CTD_depth,396.0,FIO_CTD_Data_Daly_2/Daly_CTD_WB0211/WB0211_dsh08_cast1.csv,https://data.gulfresearchinitiative.org/data/Y1.x030.000:0007
GRIIDC_Y1x030x0007,GRIIDC_DSH08_cast1_Latitude_29_07.506_Longitude_87_52.069,Gulf of Mexico / West Florida Shelf,global_augmentation,2011-02-20 12:19:55,29.1251,-87.86781666666667,75.0,,18.702550000000002,36.265100000000004,1.0161,4.87782,1520.4999820802975,1496.815,23.68498208029746,direct_CTD_depth,396.0,FIO_CTD_Data_Daly_2/Daly_CTD_WB0211/WB0211_dsh08_cast1.csv,https://data.gulfresearchinitiative.org/data/Y1.x030.000:0007
GRIIDC_Y1x030x0007,GRIIDC_DSH08_cast1_Latitude_29_07.506_Longitude_87_52.069,Gulf of Mexico / West Florida Shelf,global_augmentation,2011-02-20 12:19:55,29.1251,-87.86781666666667,100.0,,18.4083,36.2076,0.9883500000000001,4.6912,1520.0019549389083,1509.54,10.46195493890832,direct_CTD_depth,396.0,FIO_CTD_Data_Daly_2/Daly_CTD_WB0211/WB0211_dsh08_cast1.csv,https://data.gulfresearchinitiative.org/data/Y1.x030.000:0007
GRIIDC_Y1x030x0007,GRIIDC_DSH08_cast1_Latitude_29_07.506_Longitude_87_52.069,Gulf of Mexico / West Florida Shelf,global_augmentation,2011-02-20 12:19:55,29.1251,-87.86781666666667,150.0,,16.29725,36.14035,1.00555,2.879725,1514.5071374938905,1510.7350000000001,3.772137493890341,direct_CTD_depth,396.0,FIO_CTD_Data_Daly_2/Daly_CTD_WB0211/WB0211_dsh08_cast1.csv,https://data.gulfresearchinitiative.org/data/Y1.x030.000:0007
GRIIDC_Y1x030x0007,GRIIDC_DSH08_cast1_Latitude_29_07.506_Longitude_87_52.069,Gulf of Mexico / West Florida Shelf,global_augmentation,2011-02-20 12:19:55,29.1251,-87.86781666666667,200.0,,13.638449999999999,35.7446,1.00295,2.785615,1506.4708397427178,1510.24,-3.7691602572822376,direct_CTD_depth,396.0,FIO_CTD_Data_Daly_2/Daly_CTD_WB0211/WB0211_dsh08_cast1.csv,https://data.gulfresearchinitiative.org/data/Y1.x030.000:0007
GRIIDC_Y1x030x0007,GRIIDC_DSH08_cast1_Latitude_29_07.506_Longitude_87_52.069,Gulf of Mexico / West Florida Shelf,global_augmentation,2011-02-20 12:19:55,29.1251,-87.86781666666667,300.0,,11.18595,35.356899999999996,1.0986,2.69651,1499.3525020711706,1509.2800000000002,-9.927497928829553,direct_CTD_depth,396.0,FIO_CTD_Data_Daly_2/Daly_CTD_WB0211/WB0211_dsh08_cast1.csv,https://data.gulfresearchinitiative.org/data/Y1.x030.000:0007
GRIIDC_Y1x030x0007,GRIIDC_DSH08_cast1_Latitude_29_07.88_Longitude_087_51.32,Gulf of Mexico / West Florida Shelf,global_augmentation,2012-02-23 03:05:01,29.131333333333334,-87.85533333333333,1.0,,20.29605,28.602600000000002,2.19095,5.591545,1515.0498746128903,1493.19,21.85987461289028,direct_CTD_depth,1000.0,FIO_CTD_Data_Daly_2/Daly_CTD_WB0212/WB0212_dsh08.csv,https://data.gulfresearchinitiative.org/data/Y1.x030.000:0007
GRIIDC_Y1x030x0007,GRIIDC_DSH08_cast1_Latitude_29_07.88_Longitude_087_51.32,Gulf of Mexico / West Florida Shelf,global_augmentation,2012-02-23 03:05:01,29.131333333333334,-87.85533333333333,2.0,,20.165799999999997,34.7457,1.0956,5.7768,1521.6631965579638,1493.19,28.473196557963774,direct_CTD_depth,1000.0,FIO_CTD_Data_Daly_2/Daly_CTD_WB0212/WB0212_dsh08.csv,https://data.gulfresearchinitiative.org/data/Y1.x030.000:0007
GRIIDC_Y1x030x0007,GRIIDC_DSH08_cast1_Latitude_29_07.88_Longitude_087_51.32,Gulf of Mexico / West Florida Shelf,global_augmentation,2012-02-23 03:05:01,29.131333333333334,-87.85533333333333,5.0,,20.1544,35.265299999999996,0.7501,5.1043400000000005,1522.269736655932,1493.19,29.079736655932038,direct_CTD_depth,1000.0,FIO_CTD_Data_Daly_2/Daly_CTD_WB0212/WB0212_dsh08.csv,https://data.gulfresearchinitiative.org/data/Y1.x030.000:0007
GRIIDC_Y1x030x0007,GRIIDC_DSH08_cast1_Latitude_29_07.88_Longitude_087_51.32,Gulf of Mexico / West Florida Shelf,global_augmentation,2012-02-23 03:05:01,29.131333333333334,-87.85533333333333,10.0,,20.16995,35.3138,0.7435,5.1605799999999995,1522.4488036062755,1493.19,29.258803606275478,direct_CTD_depth,1000.0,FIO_CTD_Data_Daly_2/Daly_CTD_WB0212/WB0212_dsh08.csv,https://data.gulfresearchinitiative.org/data/Y1.x030.000:0007
GRIIDC_Y1x030x0007,GRIIDC_DSH08_cast1_Latitude_29_07.88_Longitude_087_51.32,Gulf of Mexico / West Florida Shelf,global_augmentation,2012-02-23 03:05:01,29.131333333333334,-87.85533333333333,20.0,,20.16995,35.53645,0.7737499999999999,5.0113,1522.8641736519635,1493.19,29.67417365196343,direct_CTD_depth,1000.0,FIO_CTD_Data_Daly_2/Daly_CTD_WB0212/WB0212_dsh08.csv,https://data.gulfresearchinitiative.org/data/Y1.x030.000:0007
GRIIDC_Y1x030x0007,GRIIDC_DSH08_cast1_Latitude_29_07.88_Longitude_087_51.32,Gulf of Mexico / West Florida Shelf,global_augmentation,2012-02-23 03:05:01,29.131333333333334,-87.85533333333333,30.0,,20.02785,35.627,0.7591,4.915380000000001,1522.7404929910472,1501.6999999999998,21.04049299104736,direct_CTD_depth,1000.0,FIO_CTD_Data_Daly_2/Daly_CTD_WB0212/WB0212_dsh08.csv,https://data.gulfresearchinitiative.org/data/Y1.x030.000:0007
GRIIDC_Y1x030x0007,GRIIDC_DSH08_cast1_Latitude_29_07.88_Longitude_087_51.32,Gulf of Mexico / West Florida Shelf,global_augmentation,2012-02-23 03:05:01,29.131333333333334,-87.85533333333333,50.0,,21.015900000000002,36.28945,0.8469,4.589085,1526.486998050149,1501.6999999999998,24.786998050149123,direct_CTD_depth,1000.0,FIO_CTD_Data_Daly_2/Daly_CTD_WB0212/WB0212_dsh08.csv,https://data.gulfresearchinitiative.org/data/Y1.x030.000:0007
GRIIDC_Y1x030x0007,GRIIDC_DSH08_cast1_Latitude_29_07.88_Longitude_087_51.32,Gulf of Mexico / West Florida Shelf,global_augmentation,2012-02-23 03:05:01,29.131333333333334,-87.85533333333333,75.0,,20.53465,36.3672,0.81555,3.8441,1525.6924377478747,1501.6999999999998,23.992437747874874,direct_CTD_depth,1000.0,FIO_CTD_Data_Daly_2/Daly_CTD_WB0212/WB0212_dsh08.csv,https://data.gulfresearchinitiative.org/data/Y1.x030.000:0007
GRIIDC_Y1x030x0007,GRIIDC_DSH08_cast1_Latitude_29_07.88_Longitude_087_51.32,Gulf of Mexico / West Florida Shelf,global_augmentation,2012-02-23 03:05:01,29.131333333333334,-87.85533333333333,100.0,,19.102449999999997,36.46585,0.68125,3.031365,1522.2685571962566,1508.6799999999998,13.588557196256716,direct_CTD_depth,1000.0,FIO_CTD_Data_Daly_2/Daly_CTD_WB0212/WB0212_dsh08.csv,https://data.gulfresearchinitiative.org/data/Y1.x030.000:0007
GRIIDC_Y1x030x0007,GRIIDC_DSH08_cast1_Latitude_29_07.88_Longitude_087_51.32,Gulf of Mexico / West Florida Shelf,global_augmentation,2012-02-23 03:05:01,29.131333333333334,-87.85533333333333,150.0,,16.74895,36.2145,0.67275,2.9339,1515.9583500295341,1508.6799999999998,7.278350029534295,direct_CTD_depth,1000.0,FIO_CTD_Data_Daly_2/Daly_CTD_WB0212/WB0212_dsh08.csv,https://data.gulfresearchinitiative.org/data/Y1.x030.000:0007
GRIIDC_Y1x030x0007,GRIIDC_DSH08_cast1_Latitude_29_07.88_Longitude_087_51.32,Gulf of Mexico / West Florida Shelf,global_augmentation,2012-02-23 03:05:01,29.131333333333334,-87.85533333333333,200.0,,15.141649999999998,35.97375,0.6623,3.0242050000000003,1511.559306828241,1508.865,2.6943068282409968,direct_CTD_depth,1000.0,FIO_CTD_Data_Daly_2/Daly_CTD_WB0212/WB0212_dsh08.csv,https://data.gulfresearchinitiative.org/data/Y1.x030.000:0007
GRIIDC_Y1x030x0007,GRIIDC_DSH08_cast1_Latitude_29_07.88_Longitude_087_51.32,Gulf of Mexico / West Florida Shelf,global_augmentation,2012-02-23 03:05:01,29.131333333333334,-87.85533333333333,300.0,,10.9179,35.3235,0.6772499999999999,2.68206,1498.3727914075191,1506.885,-8.512208592480874,direct_CTD_depth,1000.0,FIO_CTD_Data_Daly_2/Daly_CTD_WB0212/WB0212_dsh08.csv,https://data.gulfresearchinitiative.org/data/Y1.x030.000:0007
GRIIDC_Y1x030x0007,GRIIDC_DSH08_cast1_Latitude_29_07.88_Longitude_087_51.32,Gulf of Mexico / West Florida Shelf,global_augmentation,2012-02-23 03:05:01,29.131333333333334,-87.85533333333333,400.0,,8.88475,35.0583,0.6649499999999999,2.773835,1492.3486817878338,1504.295,-11.946318212166261,direct_CTD_depth,1000.0,FIO_CTD_Data_Daly_2/Daly_CTD_WB0212/WB0212_dsh08.csv,https://data.gulfresearchinitiative.org/data/Y1.x030.000:0007
GRIIDC_Y1x030x0007,GRIIDC_DSH08_cast1_Latitude_29_07.88_Longitude_087_51.32,Gulf of Mexico / West Florida Shelf,global_augmentation,2012-02-23 03:05:01,29.131333333333334,-87.85533333333333,500.0,,8.107800000000001,34.9827,0.69045,2.753155,1490.9921861530142,1502.22,-11.227813846985782,direct_CTD_depth,1000.0,FIO_CTD_Data_Daly_2/Daly_CTD_WB0212/WB0212_dsh08.csv,https://data.gulfresearchinitiative.org/data/Y1.x030.000:0007
GRIIDC_Y1x030x0007,GRIIDC_DSH08_cast1_Latitude_29_07.88_Longitude_087_51.32,Gulf of Mexico / West Florida Shelf,global_augmentation,2012-02-23 03:05:01,29.131333333333334,-87.85533333333333,750.0,,6.06235,34.9024,0.62565,3.37508,1487.0884854888366,1499.52,-12.431514511163414,direct_CTD_depth,1000.0,FIO_CTD_Data_Daly_2/Daly_CTD_WB0212/WB0212_dsh08.csv,https://data.gulfresearchinitiative.org/data/Y1.x030.000:0007
GRIIDC_Y1x030x0007,GRIIDC_DSH08_cast1_Latitude_29_07.88_Longitude_087_51.32,Gulf of Mexico / West Florida Shelf,global_augmentation,2012-02-23 03:05:01,29.131333333333334,-87.85533333333333,1000.0,,5.1521,34.9274,0.63,3.95195,1487.6082284194024,1497.56,-9.951771580597551,direct_CTD_depth,1000.0,FIO_CTD_Data_Daly_2/Daly_CTD_WB0212/WB0212_dsh08.csv,https://data.gulfresearchinitiative.org/data/Y1.x030.000:0007
GRIIDC_Y1x030x0007,GRIIDC_DSH08_cast2_Latitude_29_07.31_Longitude_087_52.15,Gulf of Mexico / West Florida Shelf,global_augmentation,2011-09-25 03:10:26,29.121833333333335,-87.86916666666667,1.0,,28.31335,30.647349999999996,3.6001000000000003,4.787364999999999,1537.262570709143,1497.99,39.27257070914288,direct_CTD_depth,1099.0,FIO_CTD_Data_Daly_2/Daly_CTD_WB0911/WB0911_DSH08_Cast2.csv,https://data.gulfresearchinitiative.org/data/Y1.x030.000:0007
GRIIDC_Y1x030x0007,GRIIDC_DSH08_cast2_Latitude_29_07.31_Longitude_087_52.15,Gulf of Mexico / West Florida Shelf,global_augmentation,2011-09-25 03:10:26,29.121833333333335,-87.86916666666667,2.0,,28.47345,32.3743,0.7927,4.810405,1539.440838193184,1497.99,41.45083819318393,direct_CTD_depth,1099.0,FIO_CTD_Data_Daly_2/Daly_CTD_WB0911/WB0911_DSH08_Cast2.csv,https://data.gulfresearchinitiative.org/data/Y1.x030.000:0007
GRIIDC_Y1x030x0007,GRIIDC_DSH08_cast2_Latitude_29_07.31_Longitude_087_52.15,Gulf of Mexico / West Florida Shelf,global_augmentation,2011-09-25 03:10:26,29.121833333333335,-87.86916666666667,5.0,,28.52185,32.722849999999994,0.7928999999999999,4.348575,1539.9600868377102,1497.99,41.97008683771014,direct_CTD_depth,1099.0,FIO_CTD_Data_Daly_2/Daly_CTD_WB0911/WB0911_DSH08_Cast2.csv,https://data.gulfresearchinitiative.org/data/Y1.x030.000:0007
GRIIDC_Y1x030x0007,GRIIDC_DSH08_cast2_Latitude_29_07.31_Longitude_087_52.15,Gulf of Mexico / West Florida Shelf,global_augmentation,2011-09-25 03:10:26,29.121833333333335,-87.86916666666667,10.0,,29.04235,34.7394,0.7968999999999999,4.2702,1543.2631523975926,1497.99,45.27315239759264,direct_CTD_depth,1099.0,FIO_CTD_Data_Daly_2/Daly_CTD_WB0911/WB0911_DSH08_Cast2.csv,https://data.gulfresearchinitiative.org/data/Y1.x030.000:0007
GRIIDC_Y1x030x0007,GRIIDC_DSH08_cast2_Latitude_29_07.31_Longitude_087_52.15,Gulf of Mexico / West Florida Shelf,global_augmentation,2011-09-25 03:10:26,29.121833333333335,-87.86916666666667,20.0,,28.8386,35.38835,0.78135,4.366854999999999,1543.6719836789853,1497.99,45.68198367898526,direct_CTD_depth,1099.0,FIO_CTD_Data_Daly_2/Daly_CTD_WB0911/WB0911_DSH08_Cast2.csv,https://data.gulfresearchinitiative.org/data/Y1.x030.000:0007
GRIIDC_Y1x030x0007,GRIIDC_DSH08_cast2_Latitude_29_07.31_Longitude_087_52.15,Gulf of Mexico / West Florida Shelf,global_augmentation,2011-09-25 03:10:26,29.121833333333335,-87.86916666666667,30.0,,28.8406,35.5739,0.7951,4.36134,1544.0330925960034,1521.08,22.953092596003444,direct_CTD_depth,1099.0,FIO_CTD_Data_Daly_2/Daly_CTD_WB0911/WB0911_DSH08_Cast2.csv,https://data.gulfresearchinitiative.org/data/Y1.x030.000:0007
GRIIDC_Y1x030x0007,GRIIDC_DSH08_cast2_Latitude_29_07.31_Longitude_087_52.15,Gulf of Mexico / West Florida Shelf,global_augmentation,2011-09-25 03:10:26,29.121833333333335,-87.86916666666667,50.0,,23.5472,36.289950000000005,0.8216,3.13746,1532.9882311483068,1509.385,23.603231148306804,direct_CTD_depth,1099.0,FIO_CTD_Data_Daly_2/Daly_CTD_WB0911/WB0911_DSH08_Cast2.csv,https://data.gulfresearchinitiative.org/data/Y1.x030.000:0007
GRIIDC_Y1x030x0007,GRIIDC_DSH08_cast2_Latitude_29_07.31_Longitude_087_52.15,Gulf of Mexico / West Florida Shelf,global_augmentation,2011-09-25 03:10:26,29.121833333333335,-87.86916666666667,75.0,,21.568350000000002,36.432249999999996,0.87105,3.1176250000000003,1528.5143786745389,1509.385,19.129378674538884,direct_CTD_depth,1099.0,FIO_CTD_Data_Daly_2/Daly_CTD_WB0911/WB0911_DSH08_Cast2.csv,https://data.gulfresearchinitiative.org/data/Y1.x030.000:0007
GRIIDC_Y1x030x0007,GRIIDC_DSH08_cast2_Latitude_29_07.31_Longitude_087_52.15,Gulf of Mexico / West Florida Shelf,global_augmentation,2011-09-25 03:10:26,29.121833333333335,-87.86916666666667,100.0,,19.3202,36.43015,0.8167500000000001,3.23585,1522.8376838272497,1514.7,8.137683827249703,direct_CTD_depth,1099.0,FIO_CTD_Data_Daly_2/Daly_CTD_WB0911/WB0911_DSH08_Cast2.csv,https://data.gulfresearchinitiative.org/data/Y1.x030.000:0007
GRIIDC_Y1x030x0007,GRIIDC_DSH08_cast2_Latitude_29_07.31_Longitude_087_52.15,Gulf of Mexico / West Florida Shelf,global_augmentation,2011-09-25 03:10:26,29.121833333333335,-87.86916666666667,150.0,,16.944200000000002,36.266000000000005,0.73355,3.216825,1516.6029148308658,1514.7,1.9029148308657113,direct_CTD_depth,1099.0,FIO_CTD_Data_Daly_2/Daly_CTD_WB0911/WB0911_DSH08_Cast2.csv,https://data.gulfresearchinitiative.org/data/Y1.x030.000:0007
GRIIDC_Y1x030x0007,GRIIDC_DSH08_cast2_Latitude_29_07.31_Longitude_087_52.15,Gulf of Mexico / West Florida Shelf,global_augmentation,2011-09-25 03:10:26,29.121833333333335,-87.86916666666667,200.0,,14.632950000000001,35.89815,0.7230000000000001,3.031795,1509.8620381083458,1511.38,-1.517961891654295,direct_CTD_depth,1099.0,FIO_CTD_Data_Daly_2/Daly_CTD_WB0911/WB0911_DSH08_Cast2.csv,https://data.gulfresearchinitiative.org/data/Y1.x030.000:0007
GRIIDC_Y1x030x0007,GRIIDC_DSH08_cast2_Latitude_29_07.31_Longitude_087_52.15,Gulf of Mexico / West Florida Shelf,global_augmentation,2011-09-25 03:10:26,29.121833333333335,-87.86916666666667,300.0,,11.4682,35.3985,0.70455,2.7674250000000002,1500.384775477425,1508.79,-8.405224522575054,direct_CTD_depth,1099.0,FIO_CTD_Data_Daly_2/Daly_CTD_WB0911/WB0911_DSH08_Cast2.csv,https://data.gulfresearchinitiative.org/data/Y1.x030.000:0007
GRIIDC_Y1x030x0007,GRIIDC_DSH08_cast2_Latitude_29_07.31_Longitude_087_52.15,Gulf of Mexico / West Florida Shelf,global_augmentation,2011-09-25 03:10:26,29.121833333333335,-87.86916666666667,400.0,,9.52185,35.13195,0.68825,2.7013,1494.7811567282529,1507.705,-12.923843271747046,direct_CTD_depth,1099.0,FIO_CTD_Data_Daly_2/Daly_CTD_WB0911/WB0911_DSH08_Cast2.csv,https://data.gulfresearchinitiative.org/data/Y1.x030.000:0007
GRIIDC_Y1x030x0007,GRIIDC_DSH08_cast2_Latitude_29_07.31_Longitude_087_52.15,Gulf of Mexico / West Florida Shelf,global_augmentation,2011-09-25 03:10:26,29.121833333333335,-87.86916666666667,500.0,,8.3269,34.995999999999995,0.68225,2.75393,1491.8343290921748,1504.835,-13.000670907825224,direct_CTD_depth,1099.0,FIO_CTD_Data_Daly_2/Daly_CTD_WB0911/WB0911_DSH08_Cast2.csv,https://data.gulfresearchinitiative.org/data/Y1.x030.000:0007
GRIIDC_Y1x030x0007,GRIIDC_DSH08_cast2_Latitude_29_07.31_Longitude_087_52.15,Gulf of Mexico / West Florida Shelf,global_augmentation,2011-09-25 03:10:26,29.121833333333335,-87.86916666666667,750.0,,6.18755,34.90105,0.6725000000000001,3.32716,1487.5836413019965,1501.0,-13.416358698003478,direct_CTD_depth,1099.0,FIO_CTD_Data_Daly_2/Daly_CTD_WB0911/WB0911_DSH08_Cast2.csv,https://data.gulfresearchinitiative.org/data/Y1.x030.000:0007
GRIIDC_Y1x030x0007,GRIIDC_DSH08_cast2_Latitude_29_07.31_Longitude_087_52.15,Gulf of Mexico / West Florida Shelf,global_augmentation,2011-09-25 03:10:26,29.121833333333335,-87.86916666666667,1000.0,,5.27445,34.92345,0.67915,3.8867149999999997,1488.0995673643263,1498.81,-10.71043263567367,direct_CTD_depth,1099.0,FIO_CTD_Data_Daly_2/Daly_CTD_WB0911/WB0911_DSH08_Cast2.csv,https://data.gulfresearchinitiative.org/data/Y1.x030.000:0007
GRIIDC_Y1x030x0007,GRIIDC_DSH08_cast2_Latitude_29_07.373_Longitude_87_51.971,Gulf of Mexico / West Florida Shelf,global_augmentation,2011-02-20 15:06:47,29.122883333333334,-87.86618333333334,1.0,,19.9825,23.64305,0.41695,5.70855,1508.539112982032,1467.415,41.1241129820321,direct_CTD_depth,1093.0,FIO_CTD_Data_Daly_2/Daly_CTD_WB0211/WB0211_dsh08_cast2.csv,https://data.gulfresearchinitiative.org/data/Y1.x030.000:0007
GRIIDC_Y1x030x0007,GRIIDC_DSH08_cast2_Latitude_29_07.373_Longitude_87_51.971,Gulf of Mexico / West Florida Shelf,global_augmentation,2011-02-20 15:06:47,29.122883333333334,-87.86618333333334,2.0,,19.8331,33.10815,0.56235,5.485965,1518.8845433628533,1467.415,51.4695433628533,direct_CTD_depth,1093.0,FIO_CTD_Data_Daly_2/Daly_CTD_WB0211/WB0211_dsh08_cast2.csv,https://data.gulfresearchinitiative.org/data/Y1.x030.000:0007
GRIIDC_Y1x030x0007,GRIIDC_DSH08_cast2_Latitude_29_07.373_Longitude_87_51.971,Gulf of Mexico / West Florida Shelf,global_augmentation,2011-02-20 15:06:47,29.122883333333334,-87.86618333333334,5.0,,19.743499999999997,36.4189,0.6145,5.17115,1522.4498568487754,1467.415,55.03485684877546,direct_CTD_depth,1093.0,FIO_CTD_Data_Daly_2/Daly_CTD_WB0211/WB0211_dsh08_cast2.csv,https://data.gulfresearchinitiative.org/data/Y1.x030.000:0007
GRIIDC_Y1x030x0007,GRIIDC_DSH08_cast2_Latitude_29_07.373_Longitude_87_51.971,Gulf of Mexico / West Florida Shelf,global_augmentation,2011-02-20 15:06:47,29.122883333333334,-87.86618333333334,10.0,,19.6597,36.42705,0.67395,5.1355450000000005,1522.3091125684275,1467.415,54.894112568427545,direct_CTD_depth,1093.0,FIO_CTD_Data_Daly_2/Daly_CTD_WB0211/WB0211_dsh08_cast2.csv,https://data.gulfresearchinitiative.org/data/Y1.x030.000:0007
GRIIDC_Y1x030x0007,GRIIDC_DSH08_cast2_Latitude_29_07.373_Longitude_87_51.971,Gulf of Mexico / West Florida Shelf,global_augmentation,2011-02-20 15:06:47,29.122883333333334,-87.86618333333334,20.0,,19.5821,36.429100000000005,0.71575,5.047195,1522.259610614958,1467.415,54.84461061495813,direct_CTD_depth,1093.0,FIO_CTD_Data_Daly_2/Daly_CTD_WB0211/WB0211_dsh08_cast2.csv,https://data.gulfresearchinitiative.org/data/Y1.x030.000:0007
GRIIDC_Y1x030x0007,GRIIDC_DSH08_cast2_Latitude_29_07.373_Longitude_87_51.971,Gulf of Mexico / West Florida Shelf,global_augmentation,2011-02-20 15:06:47,29.122883333333334,-87.86618333333334,30.0,,19.393349999999998,36.40375,0.79165,5.072945,1521.8691205396867,1487.995,33.87412053968683,direct_CTD_depth,1093.0,FIO_CTD_Data_Daly_2/Daly_CTD_WB0211/WB0211_dsh08_cast2.csv,https://data.gulfresearchinitiative.org/data/Y1.x030.000:0007
GRIIDC_Y1x030x0007,GRIIDC_DSH08_cast2_Latitude_29_07.373_Longitude_87_51.971,Gulf of Mexico / West Florida Shelf,global_augmentation,2011-02-20 15:06:47,29.122883333333334,-87.86618333333334,50.0,,19.13825,36.352199999999996,0.75625,4.892035,1521.4228448104934,1487.995,33.427844810493525,direct_CTD_depth,1093.0,FIO_CTD_Data_Daly_2/Daly_CTD_WB0211/WB0211_dsh08_cast2.csv,https://data.gulfresearchinitiative.org/data/Y1.x030.000:0007
GRIIDC_Y1x030x0007,GRIIDC_DSH08_cast2_Latitude_29_07.373_Longitude_87_51.971,Gulf of Mexico / West Florida Shelf,global_augmentation,2011-02-20 15:06:47,29.122883333333334,-87.86618333333334,75.0,,18.56645,36.22195,0.882,4.7834,1520.062679232708,1487.995,32.06767923270809,direct_CTD_depth,1093.0,FIO_CTD_Data_Daly_2/Daly_CTD_WB0211/WB0211_dsh08_cast2.csv,https://data.gulfresearchinitiative.org/data/Y1.x030.000:0007
GRIIDC_Y1x030x0007,GRIIDC_DSH08_cast2_Latitude_29_07.373_Longitude_87_51.971,Gulf of Mexico / West Florida Shelf,global_augmentation,2011-02-20 15:06:47,29.122883333333334,-87.86618333333334,100.0,,18.3532,36.191,0.9196500000000001,4.730675,1519.8247292570256,1502.705,17.11972925702571,direct_CTD_depth,1093.0,FIO_CTD_Data_Daly_2/Daly_CTD_WB0211/WB0211_dsh08_cast2.csv,https://data.gulfresearchinitiative.org/data/Y1.x030.000:0007
GRIIDC_Y1x030x0007,GRIIDC_DSH08_cast2_Latitude_29_07.373_Longitude_87_51.971,Gulf of Mexico / West Florida Shelf,global_augmentation,2011-02-20 15:06:47,29.122883333333334,-87.86618333333334,150.0,,16.132649999999998,36.1198,0.8617999999999999,2.8798199999999996,1513.9815474314846,1504.3899999999999,9.591547431484742,direct_CTD_depth,1093.0,FIO_CTD_Data_Daly_2/Daly_CTD_WB0211/WB0211_dsh08_cast2.csv,https://data.gulfresearchinitiative.org/data/Y1.x030.000:0007
GRIIDC_Y1x030x0007,GRIIDC_DSH08_cast2_Latitude_29_07.373_Longitude_87_51.971,Gulf of Mexico / West Florida Shelf,global_augmentation,2011-02-20 15:06:47,29.122883333333334,-87.86618333333334,200.0,,13.84595,35.770399999999995,0.83255,2.784135,1507.1782187954675,1504.1799999999998,2.9982187954676647,direct_CTD_depth,1093.0,FIO_CTD_Data_Daly_2/Daly_CTD_WB0211/WB0211_dsh08_cast2.csv,https://data.gulfresearchinitiative.org/data/Y1.x030.000:0007
GRIIDC_Y1x030x0007,GRIIDC_DSH08_cast2_Latitude_29_07.373_Longitude_87_51.971,Gulf of Mexico / West Florida Shelf,global_augmentation,2011-02-20 15:06:47,29.122883333333334,-87.86618333333334,300.0,,11.12505,35.34985,0.81475,2.670955,1499.1311610474413,1503.2649999999999,-4.133838952558563,direct_CTD_depth,1093.0,FIO_CTD_Data_Daly_2/Daly_CTD_WB0211/WB0211_dsh08_cast2.csv,https://data.gulfresearchinitiative.org/data/Y1.x030.000:0007
GRIIDC_Y1x030x0007,GRIIDC_DSH08_cast2_Latitude_29_07.373_Longitude_87_51.971,Gulf of Mexico / West Florida Shelf,global_augmentation,2011-02-20 15:06:47,29.122883333333334,-87.86618333333334,400.0,,9.34755,35.11345,0.8156,2.63306,1494.1215667043916,1501.3,-7.178433295608329,direct_CTD_depth,1093.0,FIO_CTD_Data_Daly_2/Daly_CTD_WB0211/WB0211_dsh08_cast2.csv,https://data.gulfresearchinitiative.org/data/Y1.x030.000:0007
GRIIDC_Y1x030x0007,GRIIDC_DSH08_cast2_Latitude_29_07.373_Longitude_87_51.971,Gulf of Mexico / West Florida Shelf,global_augmentation,2011-02-20 15:06:47,29.122883333333334,-87.86618333333334,500.0,,8.2288,34.9924,0.8084499999999999,2.7156900000000004,1491.4607918563627,1499.6399999999999,-8.179208143637197,direct_CTD_depth,1093.0,FIO_CTD_Data_Daly_2/Daly_CTD_WB0211/WB0211_dsh08_cast2.csv,https://data.gulfresearchinitiative.org/data/Y1.x030.000:0007
GRIIDC_Y1x030x0007,GRIIDC_DSH08_cast2_Latitude_29_07.373_Longitude_87_51.971,Gulf of Mexico / West Florida Shelf,global_augmentation,2011-02-20 15:06:47,29.122883333333334,-87.86618333333334,750.0,,5.919700000000001,34.90415,0.7253000000000001,3.4254249999999997,1486.5227297989672,1497.1599999999999,-10.637270201032607,direct_CTD_depth,1093.0,FIO_CTD_Data_Daly_2/Daly_CTD_WB0211/WB0211_dsh08_cast2.csv,https://data.gulfresearchinitiative.org/data/Y1.x030.000:0007
GRIIDC_Y1x030x0007,GRIIDC_DSH08_cast2_Latitude_29_07.373_Longitude_87_51.971,Gulf of Mexico / West Florida Shelf,global_augmentation,2011-02-20 15:06:47,29.122883333333334,-87.86618333333334,1000.0,,4.93885,34.9363,0.8401,4.05645,1486.7509363156494,1495.595,-8.844063684350658,direct_CTD_depth,1093.0,FIO_CTD_Data_Daly_2/Daly_CTD_WB0211/WB0211_dsh08_cast2.csv,https://data.gulfresearchinitiative.org/data/Y1.x030.000:0007
GRIIDC_Y1x030x0007,GRIIDC_DSH08_cast2_Latitude_29_08.53_Longitude_087_51.00,Gulf of Mexico / West Florida Shelf,global_augmentation,2012-05-11 11:57:36,29.142166666666668,-87.85,1.0,,24.43995,27.63715,1.0568,4.840535,1524.9425973696173,1499.2800000000002,25.66259736961706,direct_CTD_depth,500.0,FIO_CTD_Data_Daly_2/Daly_CTD_WB0512/WB0512_DSH08_Cast2.csv,https://data.gulfresearchinitiative.org/data/Y1.x030.000:0007
GRIIDC_Y1x030x0007,GRIIDC_DSH08_cast2_Latitude_29_08.53_Longitude_087_51.00,Gulf of Mexico / West Florida Shelf,global_augmentation,2012-05-11 11:57:36,29.142166666666668,-87.85,2.0,,25.40925,33.56655,1.0521,4.44844,1533.7493053610074,1499.2800000000002,34.46930536100717,direct_CTD_depth,500.0,FIO_CTD_Data_Daly_2/Daly_CTD_WB0512/WB0512_DSH08_Cast2.csv,https://data.gulfresearchinitiative.org/data/Y1.x030.000:0007
GRIIDC_Y1x030x0007,GRIIDC_DSH08_cast2_Latitude_29_08.53_Longitude_087_51.00,Gulf of Mexico / West Florida Shelf,global_augmentation,2012-05-11 11:57:36,29.142166666666668,-87.85,5.0,,25.22565,33.011849999999995,1.0389499999999998,4.596360000000001,1532.7620064806247,1499.2800000000002,33.48200648062448,direct_CTD_depth,500.0,FIO_CTD_Data_Daly_2/Daly_CTD_WB0512/WB0512_DSH08_Cast2.csv,https://data.gulfresearchinitiative.org/data/Y1.x030.000:0007
GRIIDC_Y1x030x0007,GRIIDC_DSH08_cast2_Latitude_29_08.53_Longitude_087_51.00,Gulf of Mexico / West Florida Shelf,global_augmentation,2012-05-11 11:57:36,29.142166666666668,-87.85,10.0,,23.6924,35.16505,1.0756999999999999,4.74048,1531.4602187715786,1499.2800000000002,32.18021877157844,direct_CTD_depth,500.0,FIO_CTD_Data_Daly_2/Daly_CTD_WB0512/WB0512_DSH08_Cast2.csv,https://data.gulfresearchinitiative.org/data/Y1.x030.000:0007
GRIIDC_Y1x030x0007,GRIIDC_DSH08_cast2_Latitude_29_08.53_Longitude_087_51.00,Gulf of Mexico / West Florida Shelf,global_augmentation,2012-05-11 11:57:36,29.142166666666668,-87.85,20.0,,22.2635,35.6922,1.0659,5.02179,1528.5971514310268,1501.92,26.677151431026687,direct_CTD_depth,500.0,FIO_CTD_Data_Daly_2/Daly_CTD_WB0512/WB0512_DSH08_Cast2.csv,https://data.gulfresearchinitiative.org/data/Y1.x030.000:0007
GRIIDC_Y1x030x0007,GRIIDC_DSH08_cast2_Latitude_29_08.53_Longitude_087_51.00,Gulf of Mexico / West Florida Shelf,global_augmentation,2012-05-11 11:57:36,29.142166666666668,-87.85,30.0,,22.4726,36.2594,1.1147,4.65126,1529.926483290434,1496.64,33.28648329043381,direct_CTD_depth,500.0,FIO_CTD_Data_Daly_2/Daly_CTD_WB0512/WB0512_DSH08_Cast2.csv,https://data.gulfresearchinitiative.org/data/Y1.x030.000:0007
GRIIDC_Y1x030x0007,GRIIDC_DSH08_cast2_Latitude_29_08.53_Longitude_087_51.00,Gulf of Mexico / West Florida Shelf,global_augmentation,2012-05-11 11:57:36,29.142166666666668,-87.85,50.0,,20.9756,36.3207,1.1147,4.44878,1526.4147746683602,1496.64,29.774774668360124,direct_CTD_depth,500.0,FIO_CTD_Data_Daly_2/Daly_CTD_WB0512/WB0512_DSH08_Cast2.csv,https://data.gulfresearchinitiative.org/data/Y1.x030.000:0007
GRIIDC_Y1x030x0007,GRIIDC_DSH08_cast2_Latitude_29_08.53_Longitude_087_51.00,Gulf of Mexico / West Florida Shelf,global_augmentation,2012-05-11 11:57:36,29.142166666666668,-87.85,75.0,,19.7074,36.23915,1.0687,4.213765,1523.2875581135079,1499.2800000000002,24.007558113507685,direct_CTD_depth,500.0,FIO_CTD_Data_Daly_2/Daly_CTD_WB0512/WB0512_DSH08_Cast2.csv,https://data.gulfresearchinitiative.org/data/Y1.x030.000:0007
GRIIDC_Y1x030x0007,GRIIDC_DSH08_cast2_Latitude_29_08.53_Longitude_087_51.00,Gulf of Mexico / West Florida Shelf,global_augmentation,2012-05-11 11:57:36,29.142166666666668,-87.85,100.0,,19.2128,36.49825,1.04655,2.8504899999999997,1522.6151378360162,1499.2800000000002,23.335137836015974,direct_CTD_depth,500.0,FIO_CTD_Data_Daly_2/Daly_CTD_WB0512/WB0512_DSH08_Cast2.csv,https://data.gulfresearchinitiative.org/data/Y1.x030.000:0007
GRIIDC_Y1x030x0007,GRIIDC_DSH08_cast2_Latitude_29_08.53_Longitude_087_51.00,Gulf of Mexico / West Florida Shelf,global_augmentation,2012-05-11 11:57:36,29.142166666666668,-87.85,150.0,,16.46745,36.181,1.0436,2.9375150000000003,1515.0708977318923,1499.2800000000002,15.790897731892073,direct_CTD_depth,500.0,FIO_CTD_Data_Daly_2/Daly_CTD_WB0512/WB0512_DSH08_Cast2.csv,https://data.gulfresearchinitiative.org/data/Y1.x030.000:0007
GRIIDC_Y1x030x0007,GRIIDC_DSH08_cast2_Latitude_29_08.53_Longitude_087_51.00,Gulf of Mexico / West Florida Shelf,global_augmentation,2012-05-11 11:57:36,29.142166666666668,-87.85,200.0,,14.5197,35.8756,1.0497,2.7964849999999997,1509.474266046832,1499.2800000000002,10.194266046831899,direct_CTD_depth,500.0,FIO_CTD_Data_Daly_2/Daly_CTD_WB0512/WB0512_DSH08_Cast2.csv,https://data.gulfresearchinitiative.org/data/Y1.x030.000:0007
GRIIDC_Y1x030x0007,GRIIDC_DSH08_cast2_Latitude_29_08.53_Longitude_087_51.00,Gulf of Mexico / West Florida Shelf,global_augmentation,2012-05-11 11:57:36,29.142166666666668,-87.85,300.0,,11.59095,35.4156,1.00845,2.7164099999999998,1500.8301903698416,1502.4,-1.5698096301584883,direct_CTD_depth,500.0,FIO_CTD_Data_Daly_2/Daly_CTD_WB0512/WB0512_DSH08_Cast2.csv,https://data.gulfresearchinitiative.org/data/Y1.x030.000:0007
GRIIDC_Y1x030x0007,GRIIDC_DSH08_cast2_Latitude_29_08.53_Longitude_087_51.00,Gulf of Mexico / West Florida Shelf,global_augmentation,2012-05-11 11:57:36,29.142166666666668,-87.85,400.0,,9.494050000000001,35.127250000000004,0.98385,2.643205,1494.6739744787965,1502.4,-7.72602552120361,direct_CTD_depth,500.0,FIO_CTD_Data_Daly_2/Daly_CTD_WB0512/WB0512_DSH08_Cast2.csv,https://data.gulfresearchinitiative.org/data/Y1.x030.000:0007
GRIIDC_Y1x030x0007,GRIIDC_DSH08_cast2_Latitude_29_08.53_Longitude_087_51.00,Gulf of Mexico / West Florida Shelf,global_augmentation,2012-05-11 11:57:36,29.142166666666668,-87.85,500.0,,8.2607,34.9945,0.9756,2.71359,1491.5835251035694,1502.88,-11.29647489643071,direct_CTD_depth,500.0,FIO_CTD_Data_Daly_2/Daly_CTD_WB0512/WB0512_DSH08_Cast2.csv,https://data.gulfresearchinitiative.org/data/Y1.x030.000:0007
GRIIDC_Y1x030x0007,GRIIDC_DSH09_cast1_Latitude_28_38.104_Longitude_87_51.076,Gulf of Mexico / West Florida Shelf,global_augmentation,2011-02-19 15:40:28,28.635066666666667,-87.85126666666666,1.0,,20.8592,23.50715,1.1905000000000001,5.349755,1510.8743184404234,1487.495,23.379318440423503,direct_CTD_depth,426.0,FIO_CTD_Data_Daly_2/Daly_CTD_WB0211/WB0211_dsh09_cast1.csv,https://data.gulfresearchinitiative.org/data/Y1.x030.000:0007
GRIIDC_Y1x030x0007,GRIIDC_DSH09_cast1_Latitude_28_38.104_Longitude_87_51.076,Gulf of Mexico / West Florida Shelf,global_augmentation,2011-02-19 15:40:28,28.635066666666667,-87.85126666666666,2.0,,20.456899999999997,33.15355,0.7902,5.177795,1520.65908147598,1487.495,33.16408147598008,direct_CTD_depth,426.0,FIO_CTD_Data_Daly_2/Daly_CTD_WB0211/WB0211_dsh09_cast1.csv,https://data.gulfresearchinitiative.org/data/Y1.x030.000:0007
GRIIDC_Y1x030x0007,GRIIDC_DSH09_cast1_Latitude_28_38.104_Longitude_87_51.076,Gulf of Mexico / West Florida Shelf,global_augmentation,2011-02-19 15:40:28,28.635066666666667,-87.85126666666666,5.0,,20.2464,36.48955,0.4929,4.97818,1523.9078841516439,1487.495,36.41288415164399,direct_CTD_depth,426.0,FIO_CTD_Data_Daly_2/Daly_CTD_WB0211/WB0211_dsh09_cast1.csv,https://data.gulfresearchinitiative.org/data/Y1.x030.000:0007
GRIIDC_Y1x030x0007,GRIIDC_DSH09_cast1_Latitude_28_38.104_Longitude_87_51.076,Gulf of Mexico / West Florida Shelf,global_augmentation,2011-02-19 15:40:28,28.635066666666667,-87.85126666666666,10.0,,20.20865,36.4878,0.8832,4.987915,1523.8846815349648,1487.495,36.38968153496489,direct_CTD_depth,426.0,FIO_CTD_Data_Daly_2/Daly_CTD_WB0211/WB0211_dsh09_cast1.csv,https://data.gulfresearchinitiative.org/data/Y1.x030.000:0007
GRIIDC_Y1x030x0007,GRIIDC_DSH09_cast1_Latitude_28_38.104_Longitude_87_51.076,Gulf of Mexico / West Florida Shelf,global_augmentation,2011-02-19 15:40:28,28.635066666666667,-87.85126666666666,20.0,,20.003999999999998,36.47575,1.3721,5.009040000000001,1523.4751991292824,1487.495,35.98019912928248,direct_CTD_depth,426.0,FIO_CTD_Data_Daly_2/Daly_CTD_WB0211/WB0211_dsh09_cast1.csv,https://data.gulfresearchinitiative.org/data/Y1.x030.000:0007
GRIIDC_Y1x030x0007,GRIIDC_DSH09_cast1_Latitude_28_38.104_Longitude_87_51.076,Gulf of Mexico / West Florida Shelf,global_augmentation,2011-02-19 15:40:28,28.635066666666667,-87.85126666666666,30.0,,19.70775,36.47165,1.6185,4.8355250000000005,1522.818823715133,1502.79,20.028823715133058,direct_CTD_depth,426.0,FIO_CTD_Data_Daly_2/Daly_CTD_WB0211/WB0211_dsh09_cast1.csv,https://data.gulfresearchinitiative.org/data/Y1.x030.000:0007
GRIIDC_Y1x030x0007,GRIIDC_DSH09_cast1_Latitude_28_38.104_Longitude_87_51.076,Gulf of Mexico / West Florida Shelf,global_augmentation,2011-02-19 15:40:28,28.635066666666667,-87.85126666666666,50.0,,19.31025,36.3797,1.7685,4.83342,1521.9360309928682,1502.79,19.14603099286819,direct_CTD_depth,426.0,FIO_CTD_Data_Daly_2/Daly_CTD_WB0211/WB0211_dsh09_cast1.csv,https://data.gulfresearchinitiative.org/data/Y1.x030.000:0007
GRIIDC_Y1x030x0007,GRIIDC_DSH09_cast1_Latitude_28_38.104_Longitude_87_51.076,Gulf of Mexico / West Florida Shelf,global_augmentation,2011-02-19 15:40:28,28.635066666666667,-87.85126666666666,75.0,,19.25045,36.36035,1.8901,4.812635,1522.1547179382128,1513.02,9.134717938212816,direct_CTD_depth,426.0,FIO_CTD_Data_Daly_2/Daly_CTD_WB0211/WB0211_dsh09_cast1.csv,https://data.gulfresearchinitiative.org/data/Y1.x030.000:0007
GRIIDC_Y1x030x0007,GRIIDC_DSH09_cast1_Latitude_28_38.104_Longitude_87_51.076,Gulf of Mexico / West Florida Shelf,global_augmentation,2011-02-19 15:40:28,28.635066666666667,-87.85126666666666,100.0,,19.2072,36.34865,2.2904999999999998,4.808854999999999,1522.4284424359153,1513.02,9.408442435915276,direct_CTD_depth,426.0,FIO_CTD_Data_Daly_2/Daly_CTD_WB0211/WB0211_dsh09_cast1.csv,https://data.gulfresearchinitiative.org/data/Y1.x030.000:0007
GRIIDC_Y1x030x0007,GRIIDC_DSH09_cast1_Latitude_28_38.104_Longitude_87_51.076,Gulf of Mexico / West Florida Shelf,global_augmentation,2011-02-19 15:40:28,28.635066666666667,-87.85126666666666,150.0,,18.965200000000003,36.323949999999996,2.68175,4.76509,1522.5367138592997,1514.835,7.701713859299616,direct_CTD_depth,426.0,FIO_CTD_Data_Daly_2/Daly_CTD_WB0211/WB0211_dsh09_cast1.csv,https://data.gulfresearchinitiative.org/data/Y1.x030.000:0007
GRIIDC_Y1x030x0007,GRIIDC_DSH09_cast1_Latitude_28_38.104_Longitude_87_51.076,Gulf of Mexico / West Florida Shelf,global_augmentation,2011-02-19 15:40:28,28.635066666666667,-87.85126666666666,200.0,,17.07195,36.2774,2.7435,3.06275,1517.8147437348953,1515.6,2.2147437348953645,direct_CTD_depth,426.0,FIO_CTD_Data_Daly_2/Daly_CTD_WB0211/WB0211_dsh09_cast1.csv,https://data.gulfresearchinitiative.org/data/Y1.x030.000:0007
GRIIDC_Y1x030x0007,GRIIDC_DSH09_cast1_Latitude_28_38.104_Longitude_87_51.076,Gulf of Mexico / West Florida Shelf,global_augmentation,2011-02-19 15:40:28,28.635066666666667,-87.85126666666666,300.0,,13.32575,35.68875,2.6561500000000002,2.8028250000000003,1507.0153415654302,1514.8400000000001,-7.824658434569983,direct_CTD_depth,426.0,FIO_CTD_Data_Daly_2/Daly_CTD_WB0211/WB0211_dsh09_cast1.csv,https://data.gulfresearchinitiative.org/data/Y1.x030.000:0007
GRIIDC_Y1x030x0007,GRIIDC_DSH09_cast1_Latitude_28_38.104_Longitude_87_51.076,Gulf of Mexico / West Florida Shelf,global_augmentation,2011-02-19 15:40:28,28.635066666666667,-87.85126666666666,400.0,,10.6218,35.2752,2.488,2.6809849999999997,1498.9101872331012,1513.23,-14.319812766898849,direct_CTD_depth,426.0,FIO_CTD_Data_Daly_2/Daly_CTD_WB0211/WB0211_dsh09_cast1.csv,https://data.gulfresearchinitiative.org/data/Y1.x030.000:0007
GRIIDC_Y1x030x0007,GRIIDC_DSH09_cast1_Latitude_28_38.16_Longitude_087_52.22,Gulf of Mexico / West Florida Shelf,global_augmentation,2012-05-10 01:27:02,28.636,-87.87033333333333,1.0,,26.26085,36.0071,1.0646,4.180155,1538.3395895940419,1517.98,20.359589594041836,direct_CTD_depth,2110.0,FIO_CTD_Data_Daly_2/Daly_CTD_WB0512/WB0512_DSH09_Cast1.csv,https://data.gulfresearchinitiative.org/data/Y1.x030.000:0007
GRIIDC_Y1x030x0007,GRIIDC_DSH09_cast1_Latitude_28_38.16_Longitude_087_52.22,Gulf of Mexico / West Florida Shelf,global_augmentation,2012-05-10 01:27:02,28.636,-87.87033333333333,2.0,,26.256050000000002,36.01265,0.92795,4.303369999999999,1538.3508594689813,1517.98,20.37085946898128,direct_CTD_depth,2110.0,FIO_CTD_Data_Daly_2/Daly_CTD_WB0512/WB0512_DSH09_Cast1.csv,https://data.gulfresearchinitiative.org/data/Y1.x030.000:0007
GRIIDC_Y1x030x0007,GRIIDC_DSH09_cast1_Latitude_28_38.16_Longitude_087_52.22,Gulf of Mexico / West Florida Shelf,global_augmentation,2012-05-10 01:27:02,28.636,-87.87033333333333,5.0,,26.25535,36.04965,0.937,4.37296,1538.437785177401,1517.98,20.457785177401092,direct_CTD_depth,2110.0,FIO_CTD_Data_Daly_2/Daly_CTD_WB0512/WB0512_DSH09_Cast1.csv,https://data.gulfresearchinitiative.org/data/Y1.x030.000:0007
GRIIDC_Y1x030x0007,GRIIDC_DSH09_cast1_Latitude_28_38.16_Longitude_087_52.22,Gulf of Mexico / West Florida Shelf,global_augmentation,2012-05-10 01:27:02,28.636,-87.87033333333333,10.0,,25.80425,36.2418,0.9334,4.40616,1537.687721018777,1517.98,19.707721018776965,direct_CTD_depth,2110.0,FIO_CTD_Data_Daly_2/Daly_CTD_WB0512/WB0512_DSH09_Cast1.csv,https://data.gulfresearchinitiative.org/data/Y1.x030.000:0007
GRIIDC_Y1x030x0007,GRIIDC_DSH09_cast1_Latitude_28_38.16_Longitude_087_52.22,Gulf of Mexico / West Florida Shelf,global_augmentation,2012-05-10 01:27:02,28.636,-87.87033333333333,20.0,,25.34465,36.2551,1.1178,4.4652449999999995,1536.7937356947243,1517.98,18.8137356947243,direct_CTD_depth,2110.0,FIO_CTD_Data_Daly_2/Daly_CTD_WB0512/WB0512_DSH09_Cast1.csv,https://data.gulfresearchinitiative.org/data/Y1.x030.000:0007
GRIIDC_Y1x030x0007,GRIIDC_DSH09_cast1_Latitude_28_38.16_Longitude_087_52.22,Gulf of Mexico / West Florida Shelf,global_augmentation,2012-05-10 01:27:02,28.636,-87.87033333333333,30.0,,24.7019,36.2387,1.1887,4.61856,1535.4159062170993,1497.38,38.03590621709918,direct_CTD_depth,2110.0,FIO_CTD_Data_Daly_2/Daly_CTD_WB0512/WB0512_DSH09_Cast1.csv,https://data.gulfresearchinitiative.org/data/Y1.x030.000:0007
GRIIDC_Y1x030x0007,GRIIDC_DSH09_cast1_Latitude_28_38.16_Longitude_087_52.22,Gulf of Mexico / West Florida Shelf,global_augmentation,2012-05-10 01:27:02,28.636,-87.87033333333333,50.0,,21.9565,36.380725,1.48,4.729822499999999,1529.060070299165,1517.98,11.080070299165072,direct_CTD_depth,2110.0,FIO_CTD_Data_Daly_2/Daly_CTD_WB0512/WB0512_DSH09_Cast1.csv,https://data.gulfresearchinitiative.org/data/Y1.x030.000:0007
GRIIDC_Y1x030x0007,GRIIDC_DSH09_cast1_Latitude_28_38.16_Longitude_087_52.22,Gulf of Mexico / West Florida Shelf,global_augmentation,2012-05-10 01:27:02,28.636,-87.87033333333333,75.0,,20.39065,36.4525,1.5289000000000001,3.38297,1525.399460577579,1517.98,7.419460577579002,direct_CTD_depth,2110.0,FIO_CTD_Data_Daly_2/Daly_CTD_WB0512/WB0512_DSH09_Cast1.csv,https://data.gulfresearchinitiative.org/data/Y1.x030.000:0007
GRIIDC_Y1x030x0007,GRIIDC_DSH09_cast1_Latitude_28_38.16_Longitude_087_52.22,Gulf of Mexico / West Florida Shelf,global_augmentation,2012-05-10 01:27:02,28.636,-87.87033333333333,100.0,,19.2179,36.5821,1.5622,3.020425,1522.7252610123255,1517.98,4.7452610123255,direct_CTD_depth,2110.0,FIO_CTD_Data_Daly_2/Daly_CTD_WB0512/WB0512_DSH09_Cast1.csv,https://data.gulfresearchinitiative.org/data/Y1.x030.000:0007
GRIIDC_Y1x030x0007,GRIIDC_DSH09_cast1_Latitude_28_38.16_Longitude_087_52.22,Gulf of Mexico / West Florida Shelf,global_augmentation,2012-05-10 01:27:02,28.636,-87.87033333333333,150.0,,17.0984,36.2873,1.9108,2.97372,1517.087046285672,1538.58,-21.492953714327996,direct_CTD_depth,2110.0,FIO_CTD_Data_Daly_2/Daly_CTD_WB0512/WB0512_DSH09_Cast1.csv,https://data.gulfresearchinitiative.org/data/Y1.x030.000:0007
GRIIDC_Y1x030x0007,GRIIDC_DSH09_cast1_Latitude_28_38.16_Longitude_087_52.22,Gulf of Mexico / West Florida Shelf,global_augmentation,2012-05-10 01:27:02,28.636,-87.87033333333333,200.0,,15.0389,35.95895,1.6636,2.7722100000000003,1511.2188728594338,1517.98,-6.761127140566259,direct_CTD_depth,2110.0,FIO_CTD_Data_Daly_2/Daly_CTD_WB0512/WB0512_DSH09_Cast1.csv,https://data.gulfresearchinitiative.org/data/Y1.x030.000:0007
GRIIDC_Y1x030x0007,GRIIDC_DSH09_cast1_Latitude_28_38.16_Longitude_087_52.22,Gulf of Mexico / West Florida Shelf,global_augmentation,2012-05-10 01:27:02,28.636,-87.87033333333333,300.0,,12.249500000000001,35.5187,1.697,2.6228249999999997,1503.20991032784,1509.93,-6.720089672160157,direct_CTD_depth,2110.0,FIO_CTD_Data_Daly_2/Daly_CTD_WB0512/WB0512_DSH09_Cast1.csv,https://data.gulfresearchinitiative.org/data/Y1.x030.000:0007
GRIIDC_Y1x030x0007,GRIIDC_DSH09_cast1_Latitude_28_38.16_Longitude_087_52.22,Gulf of Mexico / West Florida Shelf,global_augmentation,2012-05-10 01:27:02,28.636,-87.87033333333333,400.0,,10.1467,35.2157,1.9694,2.59932,1497.14368167591,1522.48,-25.336318324089916,direct_CTD_depth,2110.0,FIO_CTD_Data_Daly_2/Daly_CTD_WB0512/WB0512_DSH09_Cast1.csv,https://data.gulfresearchinitiative.org/data/Y1.x030.000:0007
GRIIDC_Y1x030x0007,GRIIDC_DSH09_cast1_Latitude_28_38.16_Longitude_087_52.22,Gulf of Mexico / West Florida Shelf,global_augmentation,2012-05-10 01:27:02,28.636,-87.87033333333333,500.0,,8.28185,34.9903,1.50655,2.697095,1491.6578257482975,1509.93,-18.27217425170261,direct_CTD_depth,2110.0,FIO_CTD_Data_Daly_2/Daly_CTD_WB0512/WB0512_DSH09_Cast1.csv,https://data.gulfresearchinitiative.org/data/Y1.x030.000:0007
GRIIDC_Y1x030x0007,GRIIDC_DSH09_cast1_Latitude_28_38.16_Longitude_087_52.22,Gulf of Mexico / West Florida Shelf,global_augmentation,2012-05-10 01:27:02,28.636,-87.87033333333333,750.0,,6.0723,34.901849999999996,1.37375,3.307105,1487.1273269587462,1502.12,-14.992673041253738,direct_CTD_depth,2110.0,FIO_CTD_Data_Daly_2/Daly_CTD_WB0512/WB0512_DSH09_Cast1.csv,https://data.gulfresearchinitiative.org/data/Y1.x030.000:0007
GRIIDC_Y1x030x0007,GRIIDC_DSH09_cast1_Latitude_28_38.16_Longitude_087_52.22,Gulf of Mexico / West Florida Shelf,global_augmentation,2012-05-10 01:27:02,28.636,-87.87033333333333,1000.0,,5.0511,34.9299,1.29765,3.947365,1487.2005416884547,1502.12,-14.919458311545213,direct_CTD_depth,2110.0,FIO_CTD_Data_Daly_2/Daly_CTD_WB0512/WB0512_DSH09_Cast1.csv,https://data.gulfresearchinitiative.org/data/Y1.x030.000:0007
GRIIDC_Y1x030x0007,GRIIDC_DSH09_cast1_Latitude_28_38.16_Longitude_087_52.22,Gulf of Mexico / West Florida Shelf,global_augmentation,2012-05-10 01:27:02,28.636,-87.87033333333333,1250.0,,4.49545,34.9537,1.2643,4.43297,1489.1188313716325,1498.475,-9.356168628367413,direct_CTD_depth,2110.0,FIO_CTD_Data_Daly_2/Daly_CTD_WB0512/WB0512_DSH09_Cast1.csv,https://data.gulfresearchinitiative.org/data/Y1.x030.000:0007
GRIIDC_Y1x030x0007,GRIIDC_DSH09_cast1_Latitude_28_38.16_Longitude_087_52.22,Gulf of Mexico / West Florida Shelf,global_augmentation,2012-05-10 01:27:02,28.636,-87.87033333333333,1500.0,,4.32285,34.96285,1.25315,4.64595,1492.6025461902605,1498.475,-5.872453809739454,direct_CTD_depth,2110.0,FIO_CTD_Data_Daly_2/Daly_CTD_WB0512/WB0512_DSH09_Cast1.csv,https://data.gulfresearchinitiative.org/data/Y1.x030.000:0007
GRIIDC_Y1x030x0007,GRIIDC_DSH09_cast1_Latitude_28_38.16_Longitude_087_52.22,Gulf of Mexico / West Florida Shelf,global_augmentation,2012-05-10 01:27:02,28.636,-87.87033333333333,2000.0,,4.27815,34.968,1.4141,4.723525,1500.8528970248124,1497.3000000000002,3.5528970248121823,direct_CTD_depth,2110.0,FIO_CTD_Data_Daly_2/Daly_CTD_WB0512/WB0512_DSH09_Cast1.csv,https://data.gulfresearchinitiative.org/data/Y1.x030.000:0007
GRIIDC_Y1x030x0007,GRIIDC_DSH09_cast1_Latitude_28_38.17_Longitude_087_52.15,Gulf of Mexico / West Florida Shelf,global_augmentation,2012-02-21 22:27:12,28.636166666666668,-87.86916666666667,1.0,,21.268250000000002,32.0512,0.86645,5.146465,1521.6021434270472,1491.3400000000001,30.26214342704702,direct_CTD_depth,2119.0,FIO_CTD_Data_Daly_2/Daly_CTD_WB0212/WB0212_dsh09_cast1.csv,https://data.gulfresearchinitiative.org/data/Y1.x030.000:0007
GRIIDC_Y1x030x0007,GRIIDC_DSH09_cast1_Latitude_28_38.17_Longitude_087_52.15,Gulf of Mexico / West Florida Shelf,global_augmentation,2012-02-21 22:27:12,28.636166666666668,-87.86916666666667,2.0,,21.43385,36.938649999999996,0.7,4.7432,1527.537838662223,1491.3400000000001,36.19783866222292,direct_CTD_depth,2119.0,FIO_CTD_Data_Daly_2/Daly_CTD_WB0212/WB0212_dsh09_cast1.csv,https://data.gulfresearchinitiative.org/data/Y1.x030.000:0007
GRIIDC_Y1x030x0007,GRIIDC_DSH09_cast1_Latitude_28_38.17_Longitude_087_52.15,Gulf of Mexico / West Florida Shelf,global_augmentation,2012-02-21 22:27:12,28.636166666666668,-87.86916666666667,5.0,,21.4167,36.304500000000004,0.6960500000000001,4.85846,1526.8311672245368,1491.3400000000001,35.49116722453664,direct_CTD_depth,2119.0,FIO_CTD_Data_Daly_2/Daly_CTD_WB0212/WB0212_dsh09_cast1.csv,https://data.gulfresearchinitiative.org/data/Y1.x030.000:0007
GRIIDC_Y1x030x0007,GRIIDC_DSH09_cast1_Latitude_28_38.17_Longitude_087_52.15,Gulf of Mexico / West Florida Shelf,global_augmentation,2012-02-21 22:27:12,28.636166666666668,-87.86916666666667,10.0,,21.36455,36.302350000000004,0.6928,4.860635,1526.772886420306,1491.3400000000001,35.43288642030575,direct_CTD_depth,2119.0,FIO_CTD_Data_Daly_2/Daly_CTD_WB0212/WB0212_dsh09_cast1.csv,https://data.gulfresearchinitiative.org/data/Y1.x030.000:0007
GRIIDC_Y1x030x0007,GRIIDC_DSH09_cast1_Latitude_28_38.17_Longitude_087_52.15,Gulf of Mexico / West Florida Shelf,global_augmentation,2012-02-21 22:27:12,28.636166666666668,-87.86916666666667,20.0,,21.3107,36.29945,0.6902999999999999,4.844625000000001,1526.7906053021925,1491.3400000000001,35.45060530219234,direct_CTD_depth,2119.0,FIO_CTD_Data_Daly_2/Daly_CTD_WB0212/WB0212_dsh09_cast1.csv,https://data.gulfresearchinitiative.org/data/Y1.x030.000:0007
GRIIDC_Y1x030x0007,GRIIDC_DSH09_cast1_Latitude_28_38.17_Longitude_087_52.15,Gulf of Mexico / West Florida Shelf,global_augmentation,2012-02-21 22:27:12,28.636166666666668,-87.86916666666667,30.0,,21.3033,36.29975,0.7012,4.8243,1526.934483598241,1501.6999999999998,25.23448359824124,direct_CTD_depth,2119.0,FIO_CTD_Data_Daly_2/Daly_CTD_WB0212/WB0212_dsh09_cast1.csv,https://data.gulfresearchinitiative.org/data/Y1.x030.000:0007
GRIIDC_Y1x030x0007,GRIIDC_DSH09_cast1_Latitude_28_38.17_Longitude_087_52.15,Gulf of Mexico / West Florida Shelf,global_augmentation,2012-02-21 22:27:12,28.636166666666668,-87.86916666666667,50.0,,21.30225,36.29995,0.6871499999999999,4.81896,1527.2582013028195,1501.6999999999998,25.558201302819725,direct_CTD_depth,2119.0,FIO_CTD_Data_Daly_2/Daly_CTD_WB0212/WB0212_dsh09_cast1.csv,https://data.gulfresearchinitiative.org/data/Y1.x030.000:0007
GRIIDC_Y1x030x0007,GRIIDC_DSH09_cast1_Latitude_28_38.17_Longitude_087_52.15,Gulf of Mexico / West Florida Shelf,global_augmentation,2012-02-21 22:27:12,28.636166666666668,-87.86916666666667,75.0,,21.3199,36.3117,0.6848000000000001,4.799340000000001,1527.7260014616134,1501.6999999999998,26.026001461613532,direct_CTD_depth,2119.0,FIO_CTD_Data_Daly_2/Daly_CTD_WB0212/WB0212_dsh09_cast1.csv,https://data.gulfresearchinitiative.org/data/Y1.x030.000:0007
GRIIDC_Y1x030x0007,GRIIDC_DSH09_cast1_Latitude_28_38.17_Longitude_087_52.15,Gulf of Mexico / West Florida Shelf,global_augmentation,2012-02-21 22:27:12,28.636166666666668,-87.86916666666667,100.0,,21.599249999999998,36.50855,0.6694500000000001,4.74836,1529.0888638494675,1509.63,19.458863849467434,direct_CTD_depth,2119.0,FIO_CTD_Data_Daly_2/Daly_CTD_WB0212/WB0212_dsh09_cast1.csv,https://data.gulfresearchinitiative.org/data/Y1.x030.000:0007
GRIIDC_Y1x030x0007,GRIIDC_DSH09_cast1_Latitude_28_38.17_Longitude_087_52.15,Gulf of Mexico / West Florida Shelf,global_augmentation,2012-02-21 22:27:12,28.636166666666668,-87.86916666666667,150.0,,17.51515,36.36895,0.6577,3.3048900000000003,1518.413391449749,1509.63,8.783391449748933,direct_CTD_depth,2119.0,FIO_CTD_Data_Daly_2/Daly_CTD_WB0212/WB0212_dsh09_cast1.csv,https://data.gulfresearchinitiative.org/data/Y1.x030.000:0007
GRIIDC_Y1x030x0007,GRIIDC_DSH09_cast1_Latitude_28_38.17_Longitude_087_52.15,Gulf of Mexico / West Florida Shelf,global_augmentation,2012-02-21 22:27:12,28.636166666666668,-87.86916666666667,200.0,,15.77695,36.088350000000005,0.66045,3.05361,1513.6709621952382,1509.8,3.870962195238235,direct_CTD_depth,2119.0,FIO_CTD_Data_Daly_2/Daly_CTD_WB0212/WB0212_dsh09_cast1.csv,https://data.gulfresearchinitiative.org/data/Y1.x030.000:0007
GRIIDC_Y1x030x0007,GRIIDC_DSH09_cast1_Latitude_28_38.17_Longitude_087_52.15,Gulf of Mexico / West Florida Shelf,global_augmentation,2012-02-21 22:27:12,28.636166666666668,-87.86916666666667,300.0,,13.518550000000001,35.72055,0.66005,2.745515,1507.6875521270765,1507.725,-0.03744787292339424,direct_CTD_depth,2119.0,FIO_CTD_Data_Daly_2/Daly_CTD_WB0212/WB0212_dsh09_cast1.csv,https://data.gulfresearchinitiative.org/data/Y1.x030.000:0007
GRIIDC_Y1x030x0007,GRIIDC_DSH09_cast1_Latitude_28_38.17_Longitude_087_52.15,Gulf of Mexico / West Florida Shelf,global_augmentation,2012-02-21 22:27:12,28.636166666666668,-87.86916666666667,400.0,,11.3095,35.3758,0.6367,2.6806200000000002,1501.4475444821778,1507.725,-6.277455517822091,direct_CTD_depth,2119.0,FIO_CTD_Data_Daly_2/Daly_CTD_WB0212/WB0212_dsh09_cast1.csv,https://data.gulfresearchinitiative.org/data/Y1.x030.000:0007
GRIIDC_Y1x030x0007,GRIIDC_DSH09_cast1_Latitude_28_38.17_Longitude_087_52.15,Gulf of Mexico / West Florida Shelf,global_augmentation,2012-02-21 22:27:12,28.636166666666668,-87.86916666666667,500.0,,9.12415,35.0838,0.6241,2.69055,1494.9092280796813,1505.755,-10.845771920318839,direct_CTD_depth,2119.0,FIO_CTD_Data_Daly_2/Daly_CTD_WB0212/WB0212_dsh09_cast1.csv,https://data.gulfresearchinitiative.org/data/Y1.x030.000:0007
GRIIDC_Y1x030x0007,GRIIDC_DSH09_cast1_Latitude_28_38.17_Longitude_087_52.15,Gulf of Mexico / West Florida Shelf,global_augmentation,2012-02-21 22:27:12,28.636166666666668,-87.86916666666667,750.0,,6.44445,34.901250000000005,0.6112,3.209485,1488.5986836343852,1502.25,-13.651316365614775,direct_CTD_depth,2119.0,FIO_CTD_Data_Daly_2/Daly_CTD_WB0212/WB0212_dsh09_cast1.csv,https://data.gulfresearchinitiative.org/data/Y1.x030.000:0007
GRIIDC_Y1x030x0007,GRIIDC_DSH09_cast1_Latitude_28_38.17_Longitude_087_52.15,Gulf of Mexico / West Florida Shelf,global_augmentation,2012-02-21 22:27:12,28.636166666666668,-87.86916666666667,1000.0,,5.26735,34.92295,0.6073500000000001,3.88841,1488.0701571454758,1499.775,-11.704842854524259,direct_CTD_depth,2119.0,FIO_CTD_Data_Daly_2/Daly_CTD_WB0212/WB0212_dsh09_cast1.csv,https://data.gulfresearchinitiative.org/data/Y1.x030.000:0007
GRIIDC_Y1x030x0007,GRIIDC_DSH09_cast1_Latitude_28_38.17_Longitude_087_52.15,Gulf of Mexico / West Florida Shelf,global_augmentation,2012-02-21 22:27:12,28.636166666666668,-87.86916666666667,1250.0,,4.54275,34.953149999999994,0.5954,4.4888200000000005,1489.3132437851796,1497.79,-8.476756214820398,direct_CTD_depth,2119.0,FIO_CTD_Data_Daly_2/Daly_CTD_WB0212/WB0212_dsh09_cast1.csv,https://data.gulfresearchinitiative.org/data/Y1.x030.000:0007
GRIIDC_Y1x030x0007,GRIIDC_DSH09_cast1_Latitude_28_38.17_Longitude_087_52.15,Gulf of Mexico / West Florida Shelf,global_augmentation,2012-02-21 22:27:12,28.636166666666668,-87.86916666666667,1500.0,,4.3445,34.963300000000004,0.5800000000000001,4.71189,1492.6928171080988,1497.21,-4.517182891901257,direct_CTD_depth,2119.0,FIO_CTD_Data_Daly_2/Daly_CTD_WB0212/WB0212_dsh09_cast1.csv,https://data.gulfresearchinitiative.org/data/Y1.x030.000:0007
GRIIDC_Y1x030x0007,GRIIDC_DSH09_cast1_Latitude_28_38.17_Longitude_087_52.15,Gulf of Mexico / West Florida Shelf,global_augmentation,2012-02-21 22:27:12,28.636166666666668,-87.86916666666667,2000.0,,4.28115,34.96895,0.59125,4.823745000000001,1500.866562364392,1497.155,3.711562364391966,direct_CTD_depth,2119.0,FIO_CTD_Data_Daly_2/Daly_CTD_WB0212/WB0212_dsh09_cast1.csv,https://data.gulfresearchinitiative.org/data/Y1.x030.000:0007
GRIIDC_Y1x030x0007,GRIIDC_DSH09_cast1_Latitude_28_38.20_Longitude_087_51.95,Gulf of Mexico / West Florida Shelf,global_augmentation,2011-09-22 03:25:43,28.636666666666667,-87.86583333333333,1.0,,28.1817,29.1119,2.0935,4.229,1535.3579974723636,1500.82,34.53799747236371,direct_CTD_depth,402.0,FIO_CTD_Data_Daly_2/Daly_CTD_WB0911/WB0911_DSH09_Cast1.csv,https://data.gulfresearchinitiative.org/data/Y1.x030.000:0007
GRIIDC_Y1x030x0007,GRIIDC_DSH09_cast1_Latitude_28_38.20_Longitude_087_51.95,Gulf of Mexico / West Florida Shelf,global_augmentation,2011-09-22 03:25:43,28.636666666666667,-87.86583333333333,2.0,,28.4431,34.2688,0.7331000000000001,4.28779,1541.3611052069807,1507.945,33.416105206980774,direct_CTD_depth,402.0,FIO_CTD_Data_Daly_2/Daly_CTD_WB0911/WB0911_DSH09_Cast1.csv,https://data.gulfresearchinitiative.org/data/Y1.x030.000:0007
GRIIDC_Y1x030x0007,GRIIDC_DSH09_cast1_Latitude_28_38.20_Longitude_087_51.95,Gulf of Mexico / West Florida Shelf,global_augmentation,2011-09-22 03:25:43,28.636666666666667,-87.86583333333333,5.0,,28.42225,33.81725,0.83665,4.39266,1540.8914842890695,1507.945,32.94648428906953,direct_CTD_depth,402.0,FIO_CTD_Data_Daly_2/Daly_CTD_WB0911/WB0911_DSH09_Cast1.csv,https://data.gulfresearchinitiative.org/data/Y1.x030.000:0007
GRIIDC_Y1x030x0007,GRIIDC_DSH09_cast1_Latitude_28_38.20_Longitude_087_51.95,Gulf of Mexico / West Florida Shelf,global_augmentation,2011-09-22 03:25:43,28.636666666666667,-87.86583333333333,10.0,,29.080750000000002,35.804,0.82525,4.35585,1544.4534962633975,1507.945,36.50849626339755,direct_CTD_depth,402.0,FIO_CTD_Data_Daly_2/Daly_CTD_WB0911/WB0911_DSH09_Cast1.csv,https://data.gulfresearchinitiative.org/data/Y1.x030.000:0007
GRIIDC_Y1x030x0007,GRIIDC_DSH09_cast1_Latitude_28_38.20_Longitude_087_51.95,Gulf of Mexico / West Florida Shelf,global_augmentation,2011-09-22 03:25:43,28.636666666666667,-87.86583333333333,20.0,,29.24485,36.114850000000004,0.8327,4.360025,1545.283674003294,1507.945,37.338674003294045,direct_CTD_depth,402.0,FIO_CTD_Data_Daly_2/Daly_CTD_WB0911/WB0911_DSH09_Cast1.csv,https://data.gulfresearchinitiative.org/data/Y1.x030.000:0007
GRIIDC_Y1x030x0007,GRIIDC_DSH09_cast1_Latitude_28_38.20_Longitude_087_51.95,Gulf of Mexico / West Florida Shelf,global_augmentation,2011-09-22 03:25:43,28.636666666666667,-87.86583333333333,30.0,,29.3575,36.267300000000006,0.8169,4.34807,1545.839790056395,1519.15,26.68979005639494,direct_CTD_depth,402.0,FIO_CTD_Data_Daly_2/Daly_CTD_WB0911/WB0911_DSH09_Cast1.csv,https://data.gulfresearchinitiative.org/data/Y1.x030.000:0007
GRIIDC_Y1x030x0007,GRIIDC_DSH09_cast1_Latitude_28_38.20_Longitude_087_51.95,Gulf of Mexico / West Florida Shelf,global_augmentation,2011-09-22 03:25:43,28.636666666666667,-87.86583333333333,50.0,,26.102249999999998,36.3344,0.8185,4.4967299999999994,1539.1262820480567,1519.15,19.976282048056646,direct_CTD_depth,402.0,FIO_CTD_Data_Daly_2/Daly_CTD_WB0911/WB0911_DSH09_Cast1.csv,https://data.gulfresearchinitiative.org/data/Y1.x030.000:0007
GRIIDC_Y1x030x0007,GRIIDC_DSH09_cast1_Latitude_28_38.20_Longitude_087_51.95,Gulf of Mexico / West Florida Shelf,global_augmentation,2011-09-22 03:25:43,28.636666666666667,-87.86583333333333,75.0,,21.2482,36.5001,0.8027500000000001,3.8531,1527.7479666076317,1519.15,8.597966607631633,direct_CTD_depth,402.0,FIO_CTD_Data_Daly_2/Daly_CTD_WB0911/WB0911_DSH09_Cast1.csv,https://data.gulfresearchinitiative.org/data/Y1.x030.000:0007
GRIIDC_Y1x030x0007,GRIIDC_DSH09_cast1_Latitude_28_38.20_Longitude_087_51.95,Gulf of Mexico / West Florida Shelf,global_augmentation,2011-09-22 03:25:43,28.636666666666667,-87.86583333333333,100.0,,19.3886,36.4039,0.7885,3.555635,1522.9985623088303,1523.865,-0.8664376911697218,direct_CTD_depth,402.0,FIO_CTD_Data_Daly_2/Daly_CTD_WB0911/WB0911_DSH09_Cast1.csv,https://data.gulfresearchinitiative.org/data/Y1.x030.000:0007
GRIIDC_Y1x030x0007,GRIIDC_DSH09_cast1_Latitude_28_38.20_Longitude_087_51.95,Gulf of Mexico / West Florida Shelf,global_augmentation,2011-09-22 03:25:43,28.636666666666667,-87.86583333333333,150.0,,17.622349999999997,36.37085,0.7813,3.33522,1518.7300227763014,1523.865,-5.13497722369857,direct_CTD_depth,402.0,FIO_CTD_Data_Daly_2/Daly_CTD_WB0911/WB0911_DSH09_Cast1.csv,https://data.gulfresearchinitiative.org/data/Y1.x030.000:0007
GRIIDC_Y1x030x0007,GRIIDC_DSH09_cast1_Latitude_28_38.20_Longitude_087_51.95,Gulf of Mexico / West Florida Shelf,global_augmentation,2011-09-22 03:25:43,28.636666666666667,-87.86583333333333,200.0,,15.710799999999999,36.07315,0.77405,3.0574500000000002,1513.4488857442745,1520.445,-6.996114255725388,direct_CTD_depth,402.0,FIO_CTD_Data_Daly_2/Daly_CTD_WB0911/WB0911_DSH09_Cast1.csv,https://data.gulfresearchinitiative.org/data/Y1.x030.000:0007
GRIIDC_Y1x030x0007,GRIIDC_DSH09_cast1_Latitude_28_38.20_Longitude_087_51.95,Gulf of Mexico / West Florida Shelf,global_augmentation,2011-09-22 03:25:43,28.636666666666667,-87.86583333333333,300.0,,12.49345,35.55275,0.74465,2.76921,1504.0762905406434,1520.445,-16.368709459356523,direct_CTD_depth,402.0,FIO_CTD_Data_Daly_2/Daly_CTD_WB0911/WB0911_DSH09_Cast1.csv,https://data.gulfresearchinitiative.org/data/Y1.x030.000:0007
GRIIDC_Y1x030x0007,GRIIDC_DSH09_cast1_Latitude_28_38.20_Longitude_087_51.95,Gulf of Mexico / West Florida Shelf,global_augmentation,2011-09-22 03:25:43,28.636666666666667,-87.86583333333333,400.0,,10.39845,35.248000000000005,0.71855,2.684495,1498.0833228037388,1515.07,-16.9866771962611,direct_CTD_depth,402.0,FIO_CTD_Data_Daly_2/Daly_CTD_WB0911/WB0911_DSH09_Cast1.csv,https://data.gulfresearchinitiative.org/data/Y1.x030.000:0007
GRIIDC_Y1x030x0007,GRIIDC_DSH09_cast1_Latitude_28_39.010_Longitude_87_51.541,Gulf of Mexico / West Florida Shelf,global_augmentation,2011-05-07 08:34:14,28.650166666666667,-87.85901666666666,1.0,,23.8315,29.98655,0.64185,5.27956,1525.9829635918186,1490.255,35.72796359181848,direct_CTD_depth,2002.0,FIO_CTD_Data_Daly_2/Daly_CTD_WB0511/WB0511_DSH09_Cast1.csv,https://data.gulfresearchinitiative.org/data/Y1.x030.000:0007
GRIIDC_Y1x030x0007,GRIIDC_DSH09_cast1_Latitude_28_39.010_Longitude_87_51.541,Gulf of Mexico / West Florida Shelf,global_augmentation,2011-05-07 08:34:14,28.650166666666667,-87.85901666666666,2.0,,24.486449999999998,36.482749999999996,0.63405,5.358245,1534.7080188107677,1490.255,44.45301881076762,direct_CTD_depth,2002.0,FIO_CTD_Data_Daly_2/Daly_CTD_WB0511/WB0511_DSH09_Cast1.csv,https://data.gulfresearchinitiative.org/data/Y1.x030.000:0007
GRIIDC_Y1x030x0007,GRIIDC_DSH09_cast1_Latitude_28_39.010_Longitude_87_51.541,Gulf of Mexico / West Florida Shelf,global_augmentation,2011-05-07 08:34:14,28.650166666666667,-87.85901666666666,5.0,,24.5098,36.56835,0.565,4.72952,1534.9062658807497,1490.255,44.651265880749634,direct_CTD_depth,2002.0,FIO_CTD_Data_Daly_2/Daly_CTD_WB0511/WB0511_DSH09_Cast1.csv,https://data.gulfresearchinitiative.org/data/Y1.x030.000:0007
GRIIDC_Y1x030x0007,GRIIDC_DSH09_cast1_Latitude_28_39.010_Longitude_87_51.541,Gulf of Mexico / West Florida Shelf,global_augmentation,2011-05-07 08:34:14,28.650166666666667,-87.85901666666666,10.0,,24.51715,36.566900000000004,0.5259,4.719715,1535.0038582141751,1490.255,44.748858214175016,direct_CTD_depth,2002.0,FIO_CTD_Data_Daly_2/Daly_CTD_WB0511/WB0511_DSH09_Cast1.csv,https://data.gulfresearchinitiative.org/data/Y1.x030.000:0007
GRIIDC_Y1x030x0007,GRIIDC_DSH09_cast1_Latitude_28_39.010_Longitude_87_51.541,Gulf of Mexico / West Florida Shelf,global_augmentation,2011-05-07 08:34:14,28.650166666666667,-87.85901666666666,20.0,,24.51125,36.558400000000006,0.66165,4.705755,1535.1434793309131,1490.255,44.888479330913015,direct_CTD_depth,2002.0,FIO_CTD_Data_Daly_2/Daly_CTD_WB0511/WB0511_DSH09_Cast1.csv,https://data.gulfresearchinitiative.org/data/Y1.x030.000:0007
GRIIDC_Y1x030x0007,GRIIDC_DSH09_cast1_Latitude_28_39.010_Longitude_87_51.541,Gulf of Mexico / West Florida Shelf,global_augmentation,2011-05-07 08:34:14,28.650166666666667,-87.85901666666666,30.0,,23.276449999999997,36.51235,0.68485,4.918255,1532.2342082806001,1502.815,29.41920828060006,direct_CTD_depth,2002.0,FIO_CTD_Data_Daly_2/Daly_CTD_WB0511/WB0511_DSH09_Cast1.csv,https://data.gulfresearchinitiative.org/data/Y1.x030.000:0007
GRIIDC_Y1x030x0007,GRIIDC_DSH09_cast1_Latitude_28_39.010_Longitude_87_51.541,Gulf of Mexico / West Florida Shelf,global_augmentation,2011-05-07 08:34:14,28.650166666666667,-87.85901666666666,50.0,,20.918100000000003,36.440650000000005,0.7049000000000001,5.068770000000001,1526.3963841024058,1502.815,23.581384102405764,direct_CTD_depth,2002.0,FIO_CTD_Data_Daly_2/Daly_CTD_WB0511/WB0511_DSH09_Cast1.csv,https://data.gulfresearchinitiative.org/data/Y1.x030.000:0007
GRIIDC_Y1x030x0007,GRIIDC_DSH09_cast1_Latitude_28_39.010_Longitude_87_51.541,Gulf of Mexico / West Florida Shelf,global_augmentation,2011-05-07 08:34:14,28.650166666666667,-87.85901666666666,75.0,,20.0771,36.43665,0.6757,4.76117,1524.5282230196426,1509.67,14.858223019642537,direct_CTD_depth,2002.0,FIO_CTD_Data_Daly_2/Daly_CTD_WB0511/WB0511_DSH09_Cast1.csv,https://data.gulfresearchinitiative.org/data/Y1.x030.000:0007
GRIIDC_Y1x030x0007,GRIIDC_DSH09_cast1_Latitude_28_39.010_Longitude_87_51.541,Gulf of Mexico / West Florida Shelf,global_augmentation,2011-05-07 08:34:14,28.650166666666667,-87.85901666666666,100.0,,19.2041,36.39335,0.6988000000000001,3.982705,1522.4708537227104,1509.67,12.800853722710372,direct_CTD_depth,2002.0,FIO_CTD_Data_Daly_2/Daly_CTD_WB0511/WB0511_DSH09_Cast1.csv,https://data.gulfresearchinitiative.org/data/Y1.x030.000:0007
GRIIDC_Y1x030x0007,GRIIDC_DSH09_cast1_Latitude_28_39.010_Longitude_87_51.541,Gulf of Mexico / West Florida Shelf,global_augmentation,2011-05-07 08:34:14,28.650166666666667,-87.85901666666666,150.0,,16.6164,36.18855,0.63395,2.8945499999999997,1515.5294102657215,1508.9650000000001,6.564410265721335,direct_CTD_depth,2002.0,FIO_CTD_Data_Daly_2/Daly_CTD_WB0511/WB0511_DSH09_Cast1.csv,https://data.gulfresearchinitiative.org/data/Y1.x030.000:0007
GRIIDC_Y1x030x0007,GRIIDC_DSH09_cast1_Latitude_28_39.010_Longitude_87_51.541,Gulf of Mexico / West Florida Shelf,global_augmentation,2011-05-07 08:34:14,28.650166666666667,-87.85901666666666,200.0,,14.782399999999999,35.917699999999996,0.6785,2.9481900000000003,1510.3598752060475,1507.8600000000001,2.4998752060473635,direct_CTD_depth,2002.0,FIO_CTD_Data_Daly_2/Daly_CTD_WB0511/WB0511_DSH09_Cast1.csv,https://data.gulfresearchinitiative.org/data/Y1.x030.000:0007
GRIIDC_Y1x030x0007,GRIIDC_DSH09_cast1_Latitude_28_39.010_Longitude_87_51.541,Gulf of Mexico / West Florida Shelf,global_augmentation,2011-05-07 08:34:14,28.650166666666667,-87.85901666666666,300.0,,11.872499999999999,35.45745,0.65725,2.7470749999999997,1501.8497779508323,1506.27,-4.420222049167705,direct_CTD_depth,2002.0,FIO_CTD_Data_Daly_2/Daly_CTD_WB0511/WB0511_DSH09_Cast1.csv,https://data.gulfresearchinitiative.org/data/Y1.x030.000:0007
GRIIDC_Y1x030x0007,GRIIDC_DSH09_cast1_Latitude_28_39.010_Longitude_87_51.541,Gulf of Mexico / West Florida Shelf,global_augmentation,2011-05-07 08:34:14,28.650166666666667,-87.85901666666666,400.0,,9.774000000000001,35.16225,0.6570499999999999,2.6602,1495.7346446888569,1504.2649999999999,-8.530355311143012,direct_CTD_depth,2002.0,FIO_CTD_Data_Daly_2/Daly_CTD_WB0511/WB0511_DSH09_Cast1.csv,https://data.gulfresearchinitiative.org/data/Y1.x030.000:0007
GRIIDC_Y1x030x0007,GRIIDC_DSH09_cast1_Latitude_28_39.010_Longitude_87_51.541,Gulf of Mexico / West Florida Shelf,global_augmentation,2011-05-07 08:34:14,28.650166666666667,-87.85901666666666,500.0,,8.16925,34.988299999999995,0.6718999999999999,2.7186,1491.2311904755586,1502.51,-11.278809524441385,direct_CTD_depth,2002.0,FIO_CTD_Data_Daly_2/Daly_CTD_WB0511/WB0511_DSH09_Cast1.csv,https://data.gulfresearchinitiative.org/data/Y1.x030.000:0007
GRIIDC_Y1x030x0007,GRIIDC_DSH09_cast1_Latitude_28_39.010_Longitude_87_51.541,Gulf of Mexico / West Florida Shelf,global_augmentation,2011-05-07 08:34:14,28.650166666666667,-87.85901666666666,750.0,,6.035,34.904849999999996,0.6773,3.379955,1486.9828702523566,1498.755,-11.772129747643476,direct_CTD_depth,2002.0,FIO_CTD_Data_Daly_2/Daly_CTD_WB0511/WB0511_DSH09_Cast1.csv,https://data.gulfresearchinitiative.org/data/Y1.x030.000:0007
GRIIDC_Y1x030x0007,GRIIDC_DSH09_cast1_Latitude_28_39.010_Longitude_87_51.541,Gulf of Mexico / West Florida Shelf,global_augmentation,2011-05-07 08:34:14,28.650166666666667,-87.85901666666666,1000.0,,4.95105,34.935649999999995,0.7044,4.095725,1486.799920586747,1496.655,-9.855079413252952,direct_CTD_depth,2002.0,FIO_CTD_Data_Daly_2/Daly_CTD_WB0511/WB0511_DSH09_Cast1.csv,https://data.gulfresearchinitiative.org/data/Y1.x030.000:0007
GRIIDC_Y1x030x0007,GRIIDC_DSH09_cast1_Latitude_28_39.010_Longitude_87_51.541,Gulf of Mexico / West Florida Shelf,global_augmentation,2011-05-07 08:34:14,28.650166666666667,-87.85901666666666,1250.0,,4.4308,34.957750000000004,0.70625,4.582525,1488.8570169997715,1495.77,-6.912983000228451,direct_CTD_depth,2002.0,FIO_CTD_Data_Daly_2/Daly_CTD_WB0511/WB0511_DSH09_Cast1.csv,https://data.gulfresearchinitiative.org/data/Y1.x030.000:0007
GRIIDC_Y1x030x0007,GRIIDC_DSH09_cast1_Latitude_28_39.010_Longitude_87_51.541,Gulf of Mexico / West Florida Shelf,global_augmentation,2011-05-07 08:34:14,28.650166666666667,-87.85901666666666,1500.0,,4.30865,34.965,0.71475,4.7366399999999995,1492.546481448128,1495.19,-2.6435185518721482,direct_CTD_depth,2002.0,FIO_CTD_Data_Daly_2/Daly_CTD_WB0511/WB0511_DSH09_Cast1.csv,https://data.gulfresearchinitiative.org/data/Y1.x030.000:0007
GRIIDC_Y1x030x0007,GRIIDC_DSH09_cast1_Latitude_28_39.010_Longitude_87_51.541,Gulf of Mexico / West Florida Shelf,global_augmentation,2011-05-07 08:34:14,28.650166666666667,-87.85901666666666,2000.0,,4.2698,34.96965,0.7023999999999999,4.815495,1500.8204230311376,1495.33,5.490423031137652,direct_CTD_depth,2002.0,FIO_CTD_Data_Daly_2/Daly_CTD_WB0511/WB0511_DSH09_Cast1.csv,https://data.gulfresearchinitiative.org/data/Y1.x030.000:0007
GRIIDC_Y1x030x0007,GRIIDC_DSH09_cast2_Latitude_28_37.97_Longitude_087_52.20,Gulf of Mexico / West Florida Shelf,global_augmentation,2012-05-10 04:15:30,28.632833333333334,-87.87,1.0,,25.71445,30.334500000000002,1.1937,4.78383,1530.974044894639,1502.24,28.734044894639055,direct_CTD_depth,201.0,FIO_CTD_Data_Daly_2/Daly_CTD_WB0512/WB0512_DSH09_Cast2.csv,https://data.gulfresearchinitiative.org/data/Y1.x030.000:0007
GRIIDC_Y1x030x0007,GRIIDC_DSH09_cast2_Latitude_28_37.97_Longitude_087_52.20,Gulf of Mexico / West Florida Shelf,global_augmentation,2012-05-10 04:15:30,28.632833333333334,-87.87,2.0,,26.19845,37.3033,1.1898499999999999,4.307544999999999,1539.601938883949,1502.24,37.36193888394905,direct_CTD_depth,201.0,FIO_CTD_Data_Daly_2/Daly_CTD_WB0512/WB0512_DSH09_Cast2.csv,https://data.gulfresearchinitiative.org/data/Y1.x030.000:0007
GRIIDC_Y1x030x0007,GRIIDC_DSH09_cast2_Latitude_28_37.97_Longitude_087_52.20,Gulf of Mexico / West Florida Shelf,global_augmentation,2012-05-10 04:15:30,28.632833333333334,-87.87,5.0,,26.1354,36.24105,1.2001,4.379615,1538.36828436509,1502.24,36.12828436508994,direct_CTD_depth,201.0,FIO_CTD_Data_Daly_2/Daly_CTD_WB0512/WB0512_DSH09_Cast2.csv,https://data.gulfresearchinitiative.org/data/Y1.x030.000:0007
GRIIDC_Y1x030x0007,GRIIDC_DSH09_cast2_Latitude_28_37.97_Longitude_087_52.20,Gulf of Mexico / West Florida Shelf,global_augmentation,2012-05-10 04:15:30,28.632833333333334,-87.87,10.0,,26.12165,36.2395,1.2084000000000001,4.41378,1538.4166091372338,1502.24,36.176609137233754,direct_CTD_depth,201.0,FIO_CTD_Data_Daly_2/Daly_CTD_WB0512/WB0512_DSH09_Cast2.csv,https://data.gulfresearchinitiative.org/data/Y1.x030.000:0007
GRIIDC_Y1x030x0007,GRIIDC_DSH09_cast2_Latitude_28_37.97_Longitude_087_52.20,Gulf of Mexico / West Florida Shelf,global_augmentation,2012-05-10 04:15:30,28.632833333333334,-87.87,20.0,,25.28365,36.269149999999996,1.27535,4.405329999999999,1536.6656207858937,1502.24,34.42562078589367,direct_CTD_depth,201.0,FIO_CTD_Data_Daly_2/Daly_CTD_WB0512/WB0512_DSH09_Cast2.csv,https://data.gulfresearchinitiative.org/data/Y1.x030.000:0007
GRIIDC_Y1x030x0007,GRIIDC_DSH09_cast2_Latitude_28_37.97_Longitude_087_52.20,Gulf of Mexico / West Florida Shelf,global_augmentation,2012-05-10 04:15:30,28.632833333333334,-87.87,30.0,,25.06,36.2597,1.271,4.43027,1536.2908711317398,1493.76,42.53087113173979,direct_CTD_depth,201.0,FIO_CTD_Data_Daly_2/Daly_CTD_WB0512/WB0512_DSH09_Cast2.csv,https://data.gulfresearchinitiative.org/data/Y1.x030.000:0007
GRIIDC_Y1x030x0007,GRIIDC_DSH09_cast2_Latitude_28_37.97_Longitude_087_52.20,Gulf of Mexico / West Florida Shelf,global_augmentation,2012-05-10 04:15:30,28.632833333333334,-87.87,50.0,,21.885199999999998,36.36905,1.4822000000000002,4.6592199999999995,1528.8621130391282,1502.24,26.62211303912818,direct_CTD_depth,201.0,FIO_CTD_Data_Daly_2/Daly_CTD_WB0512/WB0512_DSH09_Cast2.csv,https://data.gulfresearchinitiative.org/data/Y1.x030.000:0007
GRIIDC_Y1x030x0007,GRIIDC_DSH09_cast2_Latitude_28_37.97_Longitude_087_52.20,Gulf of Mexico / West Florida Shelf,global_augmentation,2012-05-10 04:15:30,28.632833333333334,-87.87,75.0,,20.5036,36.44495,1.4607999999999999,3.7161,1525.696442135101,1502.24,23.456442135101042,direct_CTD_depth,201.0,FIO_CTD_Data_Daly_2/Daly_CTD_WB0512/WB0512_DSH09_Cast2.csv,https://data.gulfresearchinitiative.org/data/Y1.x030.000:0007
GRIIDC_Y1x030x0007,GRIIDC_DSH09_cast2_Latitude_28_37.97_Longitude_087_52.20,Gulf of Mexico / West Florida Shelf,global_augmentation,2012-05-10 04:15:30,28.632833333333334,-87.87,100.0,,19.112650000000002,36.56695,1.45455,3.15662,1522.4128777341286,1509.5500000000002,12.86287773412846,direct_CTD_depth,201.0,FIO_CTD_Data_Daly_2/Daly_CTD_WB0512/WB0512_DSH09_Cast2.csv,https://data.gulfresearchinitiative.org/data/Y1.x030.000:0007
GRIIDC_Y1x030x0007,GRIIDC_DSH09_cast2_Latitude_28_37.97_Longitude_087_52.20,Gulf of Mexico / West Florida Shelf,global_augmentation,2012-05-10 04:15:30,28.632833333333334,-87.87,150.0,,17.031,36.27415,1.42295,3.07239,1516.8712075272772,1508.38,8.491207527277083,direct_CTD_depth,201.0,FIO_CTD_Data_Daly_2/Daly_CTD_WB0512/WB0512_DSH09_Cast2.csv,https://data.gulfresearchinitiative.org/data/Y1.x030.000:0007
GRIIDC_Y1x030x0007,GRIIDC_DSH09_cast2_Latitude_28_37.97_Longitude_087_52.20,Gulf of Mexico / West Florida Shelf,global_augmentation,2012-05-10 04:15:30,28.632833333333334,-87.87,200.0,,15.43475,36.02515,1.4499,2.863605,1512.5361960537696,1508.38,4.156196053769463,direct_CTD_depth,201.0,FIO_CTD_Data_Daly_2/Daly_CTD_WB0512/WB0512_DSH09_Cast2.csv,https://data.gulfresearchinitiative.org/data/Y1.x030.000:0007
GRIIDC_Y1x030x0007,GRIIDC_DSH09_cast2_Latitude_28_38.30_Longitude_087_52.42,Gulf of Mexico / West Florida Shelf,global_augmentation,2012-02-22 01:32:24,28.638333333333332,-87.87366666666667,1.0,,20.7077,30.041700000000002,1.93855,5.29407,1517.8176543437153,1499.355,18.462654343715258,direct_CTD_depth,122.0,FIO_CTD_Data_Daly_2/Daly_CTD_WB0212/WB0212_dsh09_cast2.csv,https://data.gulfresearchinitiative.org/data/Y1.x030.000:0007
GRIIDC_Y1x030x0007,GRIIDC_DSH09_cast2_Latitude_28_38.30_Longitude_087_52.42,Gulf of Mexico / West Florida Shelf,global_augmentation,2012-02-22 01:32:24,28.638333333333332,-87.87366666666667,2.0,,21.2274,35.53085,0.7936000000000001,5.2890999999999995,1525.4142325304874,1499.355,26.059232530487407,direct_CTD_depth,122.0,FIO_CTD_Data_Daly_2/Daly_CTD_WB0212/WB0212_dsh09_cast2.csv,https://data.gulfresearchinitiative.org/data/Y1.x030.000:0007
GRIIDC_Y1x030x0007,GRIIDC_DSH09_cast2_Latitude_28_38.30_Longitude_087_52.42,Gulf of Mexico / West Florida Shelf,global_augmentation,2012-02-22 01:32:24,28.638333333333332,-87.87366666666667,5.0,,21.366100000000003,36.30275,0.6783,4.81473,1526.6959085665073,1499.355,27.340908566507323,direct_CTD_depth,122.0,FIO_CTD_Data_Daly_2/Daly_CTD_WB0212/WB0212_dsh09_cast2.csv,https://data.gulfresearchinitiative.org/data/Y1.x030.000:0007
GRIIDC_Y1x030x0007,GRIIDC_DSH09_cast2_Latitude_28_38.30_Longitude_087_52.42,Gulf of Mexico / West Florida Shelf,global_augmentation,2012-02-22 01:32:24,28.638333333333332,-87.87366666666667,10.0,,21.367350000000002,36.30225,0.67855,4.844475,1526.7801558861179,1499.355,27.425155886117864,direct_CTD_depth,122.0,FIO_CTD_Data_Daly_2/Daly_CTD_WB0212/WB0212_dsh09_cast2.csv,https://data.gulfresearchinitiative.org/data/Y1.x030.000:0007
GRIIDC_Y1x030x0007,GRIIDC_DSH09_cast2_Latitude_28_38.30_Longitude_087_52.42,Gulf of Mexico / West Florida Shelf,global_augmentation,2012-02-22 01:32:24,28.638333333333332,-87.87366666666667,20.0,,21.3071,36.295649999999995,0.6839500000000001,4.827204999999999,1526.7768369795112,1499.355,27.421836979511227,direct_CTD_depth,122.0,FIO_CTD_Data_Daly_2/Daly_CTD_WB0212/WB0212_dsh09_cast2.csv,https://data.gulfresearchinitiative.org/data/Y1.x030.000:0007
GRIIDC_Y1x030x0007,GRIIDC_DSH09_cast2_Latitude_28_38.30_Longitude_087_52.42,Gulf of Mexico / West Florida Shelf,global_augmentation,2012-02-22 01:32:24,28.638333333333332,-87.87366666666667,30.0,,21.2974,36.2958,0.67725,4.81883,1526.9144694129031,1512.06,14.8544694129032,direct_CTD_depth,122.0,FIO_CTD_Data_Daly_2/Daly_CTD_WB0212/WB0212_dsh09_cast2.csv,https://data.gulfresearchinitiative.org/data/Y1.x030.000:0007
GRIIDC_Y1x030x0007,GRIIDC_DSH09_cast2_Latitude_28_38.30_Longitude_087_52.42,Gulf of Mexico / West Florida Shelf,global_augmentation,2012-02-22 01:32:24,28.638333333333332,-87.87366666666667,50.0,,21.298099999999998,36.29665,0.67605,4.81449,1527.2435384148728,1512.06,15.183538414872828,direct_CTD_depth,122.0,FIO_CTD_Data_Daly_2/Daly_CTD_WB0212/WB0212_dsh09_cast2.csv,https://data.gulfresearchinitiative.org/data/Y1.x030.000:0007
GRIIDC_Y1x030x0007,GRIIDC_DSH09_cast2_Latitude_28_38.30_Longitude_087_52.42,Gulf of Mexico / West Florida Shelf,global_augmentation,2012-02-22 01:32:24,28.638333333333332,-87.87366666666667,75.0,,21.30875,36.3005,0.6656500000000001,4.792755,1527.6840027698943,1512.06,15.624002769894332,direct_CTD_depth,122.0,FIO_CTD_Data_Daly_2/Daly_CTD_WB0212/WB0212_dsh09_cast2.csv,https://data.gulfresearchinitiative.org/data/Y1.x030.000:0007
GRIIDC_Y1x030x0007,GRIIDC_DSH09_cast2_Latitude_28_38.30_Longitude_087_52.42,Gulf of Mexico / West Florida Shelf,global_augmentation,2012-02-22 01:32:24,28.638333333333332,-87.87366666666667,100.0,,21.237650000000002,36.37905,0.6574,4.60799,1527.992444946022,1521.6599999999999,6.3324449460221786,direct_CTD_depth,122.0,FIO_CTD_Data_Daly_2/Daly_CTD_WB0212/WB0212_dsh09_cast2.csv,https://data.gulfresearchinitiative.org/data/Y1.x030.000:0007
GRIIDC_Y1x030x0007,GRIIDC_DSH09_cast2_Latitude_28_38.311_Longitude_87_52.208,Gulf of Mexico / West Florida Shelf,global_augmentation,2011-02-19 19:41:51,28.638516666666668,-87.87013333333333,1.0,,20.98865,23.90375,0.4415,5.62619,1511.6830300713332,1467.15,44.53303007133309,direct_CTD_depth,1495.0,FIO_CTD_Data_Daly_2/Daly_CTD_WB0211/WB0211_dsh09_cast2.csv,https://data.gulfresearchinitiative.org/data/Y1.x030.000:0007
GRIIDC_Y1x030x0007,GRIIDC_DSH09_cast2_Latitude_28_38.311_Longitude_87_52.208,Gulf of Mexico / West Florida Shelf,global_augmentation,2011-02-19 19:41:51,28.638516666666668,-87.87013333333333,2.0,,20.460900000000002,33.5274,0.8160000000000001,5.47123,1521.0925860709688,1467.15,53.94258607096867,direct_CTD_depth,1495.0,FIO_CTD_Data_Daly_2/Daly_CTD_WB0211/WB0211_dsh09_cast2.csv,https://data.gulfresearchinitiative.org/data/Y1.x030.000:0007
GRIIDC_Y1x030x0007,GRIIDC_DSH09_cast2_Latitude_28_38.311_Longitude_87_52.208,Gulf of Mexico / West Florida Shelf,global_augmentation,2011-02-19 19:41:51,28.638516666666668,-87.87013333333333,5.0,,20.19305,36.4672,0.7175,5.081405,1523.7373425463034,1467.15,56.58734254630326,direct_CTD_depth,1495.0,FIO_CTD_Data_Daly_2/Daly_CTD_WB0211/WB0211_dsh09_cast2.csv,https://data.gulfresearchinitiative.org/data/Y1.x030.000:0007
GRIIDC_Y1x030x0007,GRIIDC_DSH09_cast2_Latitude_28_38.311_Longitude_87_52.208,Gulf of Mexico / West Florida Shelf,global_augmentation,2011-02-19 19:41:51,28.638516666666668,-87.87013333333333,10.0,,19.958849999999998,36.4695,0.7375,5.074350000000001,1523.1813147198009,1467.15,56.031314719800775,direct_CTD_depth,1495.0,FIO_CTD_Data_Daly_2/Daly_CTD_WB0211/WB0211_dsh09_cast2.csv,https://data.gulfresearchinitiative.org/data/Y1.x030.000:0007
GRIIDC_Y1x030x0007,GRIIDC_DSH09_cast2_Latitude_28_38.311_Longitude_87_52.208,Gulf of Mexico / West Florida Shelf,global_augmentation,2011-02-19 19:41:51,28.638516666666668,-87.87013333333333,20.0,,19.4927,36.41565,0.8229500000000001,4.94089,1521.9961292548617,1467.15,54.84612925486158,direct_CTD_depth,1495.0,FIO_CTD_Data_Daly_2/Daly_CTD_WB0211/WB0211_dsh09_cast2.csv,https://data.gulfresearchinitiative.org/data/Y1.x030.000:0007
GRIIDC_Y1x030x0007,GRIIDC_DSH09_cast2_Latitude_28_38.311_Longitude_87_52.208,Gulf of Mexico / West Florida Shelf,global_augmentation,2011-02-19 19:41:51,28.638516666666668,-87.87013333333333,30.0,,19.29405,36.37325,0.95245,4.849685,1521.557123875462,1488.0349999999999,33.52212387546206,direct_CTD_depth,1495.0,FIO_CTD_Data_Daly_2/Daly_CTD_WB0211/WB0211_dsh09_cast2.csv,https://data.gulfresearchinitiative.org/data/Y1.x030.000:0007
GRIIDC_Y1x030x0007,GRIIDC_DSH09_cast2_Latitude_28_38.311_Longitude_87_52.208,Gulf of Mexico / West Florida Shelf,global_augmentation,2011-02-19 19:41:51,28.638516666666668,-87.87013333333333,50.0,,19.25105,36.359849999999994,1.1947,4.855105,1521.747806565431,1488.0349999999999,33.71280656543104,direct_CTD_depth,1495.0,FIO_CTD_Data_Daly_2/Daly_CTD_WB0211/WB0211_dsh09_cast2.csv,https://data.gulfresearchinitiative.org/data/Y1.x030.000:0007
GRIIDC_Y1x030x0007,GRIIDC_DSH09_cast2_Latitude_28_38.311_Longitude_87_52.208,Gulf of Mexico / West Florida Shelf,global_augmentation,2011-02-19 19:41:51,28.638516666666668,-87.87013333333333,75.0,,19.23385,36.3609,1.2996,4.838215,1522.1088740061439,1503.105,19.00387400614386,direct_CTD_depth,1495.0,FIO_CTD_Data_Daly_2/Daly_CTD_WB0211/WB0211_dsh09_cast2.csv,https://data.gulfresearchinitiative.org/data/Y1.x030.000:0007
GRIIDC_Y1x030x0007,GRIIDC_DSH09_cast2_Latitude_28_38.311_Longitude_87_52.208,Gulf of Mexico / West Florida Shelf,global_augmentation,2011-02-19 19:41:51,28.638516666666668,-87.87013333333333,100.0,,19.237499999999997,36.36055,1.3738000000000001,4.840105,1522.5269190833617,1503.105,19.421919083361672,direct_CTD_depth,1495.0,FIO_CTD_Data_Daly_2/Daly_CTD_WB0211/WB0211_dsh09_cast2.csv,https://data.gulfresearchinitiative.org/data/Y1.x030.000:0007
GRIIDC_Y1x030x0007,GRIIDC_DSH09_cast2_Latitude_28_38.311_Longitude_87_52.208,Gulf of Mexico / West Florida Shelf,global_augmentation,2011-02-19 19:41:51,28.638516666666668,-87.87013333333333,150.0,,18.98915,36.3333,1.4190999999999998,4.737,1522.6149815120534,1505.755,16.85998151205331,direct_CTD_depth,1495.0,FIO_CTD_Data_Daly_2/Daly_CTD_WB0211/WB0211_dsh09_cast2.csv,https://data.gulfresearchinitiative.org/data/Y1.x030.000:0007
GRIIDC_Y1x030x0007,GRIIDC_DSH09_cast2_Latitude_28_38.311_Longitude_87_52.208,Gulf of Mexico / West Florida Shelf,global_augmentation,2011-02-19 19:41:51,28.638516666666668,-87.87013333333333,200.0,,16.90155,36.24515,1.3726,3.08737,1517.2690761110211,1506.63,10.63907611102104,direct_CTD_depth,1495.0,FIO_CTD_Data_Daly_2/Daly_CTD_WB0211/WB0211_dsh09_cast2.csv,https://data.gulfresearchinitiative.org/data/Y1.x030.000:0007
GRIIDC_Y1x030x0007,GRIIDC_DSH09_cast2_Latitude_28_38.311_Longitude_87_52.208,Gulf of Mexico / West Florida Shelf,global_augmentation,2011-02-19 19:41:51,28.638516666666668,-87.87013333333333,300.0,,13.215,35.6632,1.35215,2.813015,1506.6189109010659,1505.8600000000001,0.7589109010657467,direct_CTD_depth,1495.0,FIO_CTD_Data_Daly_2/Daly_CTD_WB0211/WB0211_dsh09_cast2.csv,https://data.gulfresearchinitiative.org/data/Y1.x030.000:0007
GRIIDC_Y1x030x0007,GRIIDC_DSH09_cast2_Latitude_28_38.311_Longitude_87_52.208,Gulf of Mexico / West Florida Shelf,global_augmentation,2011-02-19 19:41:51,28.638516666666668,-87.87013333333333,400.0,,10.5429,35.2648,1.138,2.6508000000000003,1498.6176497752483,1504.99,-6.372350224751699,direct_CTD_depth,1495.0,FIO_CTD_Data_Daly_2/Daly_CTD_WB0211/WB0211_dsh09_cast2.csv,https://data.gulfresearchinitiative.org/data/Y1.x030.000:0007
GRIIDC_Y1x030x0007,GRIIDC_DSH09_cast2_Latitude_28_38.311_Longitude_87_52.208,Gulf of Mexico / West Florida Shelf,global_augmentation,2011-02-19 19:41:51,28.638516666666668,-87.87013333333333,500.0,,8.736550000000001,35.04245,1.0354999999999999,2.6609049999999996,1493.4235849157474,1503.15,-9.726415084252721,direct_CTD_depth,1495.0,FIO_CTD_Data_Daly_2/Daly_CTD_WB0211/WB0211_dsh09_cast2.csv,https://data.gulfresearchinitiative.org/data/Y1.x030.000:0007
GRIIDC_Y1x030x0007,GRIIDC_DSH09_cast2_Latitude_28_38.311_Longitude_87_52.208,Gulf of Mexico / West Florida Shelf,global_augmentation,2011-02-19 19:41:51,28.638516666666668,-87.87013333333333,750.0,,6.4843,34.89815,0.8839999999999999,3.15364,1488.7515745821172,1499.645,-10.893425417882781,direct_CTD_depth,1495.0,FIO_CTD_Data_Daly_2/Daly_CTD_WB0211/WB0211_dsh09_cast2.csv,https://data.gulfresearchinitiative.org/data/Y1.x030.000:0007
GRIIDC_Y1x030x0007,GRIIDC_DSH09_cast2_Latitude_28_38.311_Longitude_87_52.208,Gulf of Mexico / West Florida Shelf,global_augmentation,2011-02-19 19:41:51,28.638516666666668,-87.87013333333333,1000.0,,5.09865,34.929550000000006,0.8908,3.950265,1487.393667232982,1497.9299999999998,-10.536332767017939,direct_CTD_depth,1495.0,FIO_CTD_Data_Daly_2/Daly_CTD_WB0211/WB0211_dsh09_cast2.csv,https://data.gulfresearchinitiative.org/data/Y1.x030.000:0007
GRIIDC_Y1x030x0007,GRIIDC_DSH09_cast2_Latitude_28_38.311_Longitude_87_52.208,Gulf of Mexico / West Florida Shelf,global_augmentation,2011-02-19 19:41:51,28.638516666666668,-87.87013333333333,1250.0,,4.4558,34.957300000000004,0.94625,4.51263,1488.9597534122406,1496.595,-7.635246587759411,direct_CTD_depth,1495.0,FIO_CTD_Data_Daly_2/Daly_CTD_WB0211/WB0211_dsh09_cast2.csv,https://data.gulfresearchinitiative.org/data/Y1.x030.000:0007
GRIIDC_Y1x030x0007,GRIIDC_DSH09_cast2_Latitude_28_38.31_Longitude_087_52.09,Gulf of Mexico / West Florida Shelf,global_augmentation,2011-09-22 05:49:26,28.6385,-87.86816666666667,1.0,,28.374200000000002,33.99975,0.8993,4.659765,1540.9137245410732,1518.9850000000001,21.928724541073052,direct_CTD_depth,1500.0,FIO_CTD_Data_Daly_2/Daly_CTD_WB0911/WB0911_DSH09_Cast2.csv,https://data.gulfresearchinitiative.org/data/Y1.x030.000:0007
GRIIDC_Y1x030x0007,GRIIDC_DSH09_cast2_Latitude_28_38.31_Longitude_087_52.09,Gulf of Mexico / West Florida Shelf,global_augmentation,2011-09-22 05:49:26,28.6385,-87.86816666666667,2.0,,28.3735,33.98645,0.83395,4.812905000000001,1540.914555750359,1518.9850000000001,21.929555750358986,direct_CTD_depth,1500.0,FIO_CTD_Data_Daly_2/Daly_CTD_WB0911/WB0911_DSH09_Cast2.csv,https://data.gulfresearchinitiative.org/data/Y1.x030.000:0007
GRIIDC_Y1x030x0007,GRIIDC_DSH09_cast2_Latitude_28_38.31_Longitude_087_52.09,Gulf of Mexico / West Florida Shelf,global_augmentation,2011-09-22 05:49:26,28.6385,-87.86816666666667,5.0,,28.459699999999998,34.1963,0.7738,4.3661449999999995,1541.3698121027678,1518.9850000000001,22.384812102767683,direct_CTD_depth,1500.0,FIO_CTD_Data_Daly_2/Daly_CTD_WB0911/WB0911_DSH09_Cast2.csv,https://data.gulfresearchinitiative.org/data/Y1.x030.000:0007
GRIIDC_Y1x030x0007,GRIIDC_DSH09_cast2_Latitude_28_38.31_Longitude_087_52.09,Gulf of Mexico / West Florida Shelf,global_augmentation,2011-09-22 05:49:26,28.6385,-87.86816666666667,10.0,,29.0438,35.853,0.78305,4.34479,1544.4269234546423,1518.9850000000001,25.441923454642165,direct_CTD_depth,1500.0,FIO_CTD_Data_Daly_2/Daly_CTD_WB0911/WB0911_DSH09_Cast2.csv,https://data.gulfresearchinitiative.org/data/Y1.x030.000:0007
GRIIDC_Y1x030x0007,GRIIDC_DSH09_cast2_Latitude_28_38.31_Longitude_087_52.09,Gulf of Mexico / West Florida Shelf,global_augmentation,2011-09-22 05:49:26,28.6385,-87.86816666666667,20.0,,29.08475,36.032650000000004,0.7736000000000001,4.355935000000001,1544.8631727067993,1518.9850000000001,25.878172706799205,direct_CTD_depth,1500.0,FIO_CTD_Data_Daly_2/Daly_CTD_WB0911/WB0911_DSH09_Cast2.csv,https://data.gulfresearchinitiative.org/data/Y1.x030.000:0007
GRIIDC_Y1x030x0007,GRIIDC_DSH09_cast2_Latitude_28_38.31_Longitude_087_52.09,Gulf of Mexico / West Florida Shelf,global_augmentation,2011-09-22 05:49:26,28.6385,-87.86816666666667,30.0,,29.30865,36.2459,0.757,4.349024999999999,1545.7159761654816,1520.03,25.685976165481634,direct_CTD_depth,1500.0,FIO_CTD_Data_Daly_2/Daly_CTD_WB0911/WB0911_DSH09_Cast2.csv,https://data.gulfresearchinitiative.org/data/Y1.x030.000:0007
GRIIDC_Y1x030x0007,GRIIDC_DSH09_cast2_Latitude_28_38.31_Longitude_087_52.09,Gulf of Mexico / West Florida Shelf,global_augmentation,2011-09-22 05:49:26,28.6385,-87.86816666666667,50.0,,25.5042,36.3738,0.7705500000000001,4.53341,1537.7846962525427,1520.03,17.75469625254277,direct_CTD_depth,1500.0,FIO_CTD_Data_Daly_2/Daly_CTD_WB0911/WB0911_DSH09_Cast2.csv,https://data.gulfresearchinitiative.org/data/Y1.x030.000:0007
GRIIDC_Y1x030x0007,GRIIDC_DSH09_cast2_Latitude_28_38.31_Longitude_087_52.09,Gulf of Mexico / West Florida Shelf,global_augmentation,2011-09-22 05:49:26,28.6385,-87.86816666666667,75.0,,20.9394,36.4964,0.7464500000000001,3.8190049999999998,1526.9239723075277,1520.03,6.893972307527747,direct_CTD_depth,1500.0,FIO_CTD_Data_Daly_2/Daly_CTD_WB0911/WB0911_DSH09_Cast2.csv,https://data.gulfresearchinitiative.org/data/Y1.x030.000:0007
GRIIDC_Y1x030x0007,GRIIDC_DSH09_cast2_Latitude_28_38.31_Longitude_087_52.09,Gulf of Mexico / West Florida Shelf,global_augmentation,2011-09-22 05:49:26,28.6385,-87.86816666666667,100.0,,19.38935,36.400800000000004,0.72975,3.75433,1522.9971150798247,1520.03,2.96711507982468,direct_CTD_depth,1500.0,FIO_CTD_Data_Daly_2/Daly_CTD_WB0911/WB0911_DSH09_Cast2.csv,https://data.gulfresearchinitiative.org/data/Y1.x030.000:0007
GRIIDC_Y1x030x0007,GRIIDC_DSH09_cast2_Latitude_28_38.31_Longitude_087_52.09,Gulf of Mexico / West Florida Shelf,global_augmentation,2011-09-22 05:49:26,28.6385,-87.86816666666667,150.0,,17.5912,36.3667,0.7257,3.28917,1518.6339405403587,1520.03,-1.3960594596412648,direct_CTD_depth,1500.0,FIO_CTD_Data_Daly_2/Daly_CTD_WB0911/WB0911_DSH09_Cast2.csv,https://data.gulfresearchinitiative.org/data/Y1.x030.000:0007
GRIIDC_Y1x030x0007,GRIIDC_DSH09_cast2_Latitude_28_38.31_Longitude_087_52.09,Gulf of Mexico / West Florida Shelf,global_augmentation,2011-09-22 05:49:26,28.6385,-87.86816666666667,200.0,,15.5299,36.0393,0.72075,3.03508,1512.8487105756838,1515.12,-2.2712894243161372,direct_CTD_depth,1500.0,FIO_CTD_Data_Daly_2/Daly_CTD_WB0911/WB0911_DSH09_Cast2.csv,https://data.gulfresearchinitiative.org/data/Y1.x030.000:0007
GRIIDC_Y1x030x0007,GRIIDC_DSH09_cast2_Latitude_28_38.31_Longitude_087_52.09,Gulf of Mexico / West Florida Shelf,global_augmentation,2011-09-22 05:49:26,28.6385,-87.86816666666667,300.0,,12.22775,35.51505,0.70665,2.7910250000000003,1503.1316558443064,1510.13,-6.998344155693758,direct_CTD_depth,1500.0,FIO_CTD_Data_Daly_2/Daly_CTD_WB0911/WB0911_DSH09_Cast2.csv,https://data.gulfresearchinitiative.org/data/Y1.x030.000:0007
GRIIDC_Y1x030x0007,GRIIDC_DSH09_cast2_Latitude_28_38.31_Longitude_087_52.09,Gulf of Mexico / West Florida Shelf,global_augmentation,2011-09-22 05:49:26,28.6385,-87.86816666666667,400.0,,10.35735,35.242999999999995,0.6890000000000001,2.6767149999999997,1497.930663793927,1510.13,-12.199336206073212,direct_CTD_depth,1500.0,FIO_CTD_Data_Daly_2/Daly_CTD_WB0911/WB0911_DSH09_Cast2.csv,https://data.gulfresearchinitiative.org/data/Y1.x030.000:0007
GRIIDC_Y1x030x0007,GRIIDC_DSH09_cast2_Latitude_28_38.31_Longitude_087_52.09,Gulf of Mexico / West Florida Shelf,global_augmentation,2011-09-22 05:49:26,28.6385,-87.86816666666667,500.0,,8.72155,35.0399,0.68015,2.7127800000000004,1493.364614399449,1506.555,-13.190385600551053,direct_CTD_depth,1500.0,FIO_CTD_Data_Daly_2/Daly_CTD_WB0911/WB0911_DSH09_Cast2.csv,https://data.gulfresearchinitiative.org/data/Y1.x030.000:0007
GRIIDC_Y1x030x0007,GRIIDC_DSH09_cast2_Latitude_28_38.31_Longitude_087_52.09,Gulf of Mexico / West Florida Shelf,global_augmentation,2011-09-22 05:49:26,28.6385,-87.86816666666667,750.0,,6.23565,34.9018,0.6635,3.30792,1487.7750871685475,1501.96,-14.184912831452493,direct_CTD_depth,1500.0,FIO_CTD_Data_Daly_2/Daly_CTD_WB0911/WB0911_DSH09_Cast2.csv,https://data.gulfresearchinitiative.org/data/Y1.x030.000:0007
GRIIDC_Y1x030x0007,GRIIDC_DSH09_cast2_Latitude_28_38.31_Longitude_087_52.09,Gulf of Mexico / West Florida Shelf,global_augmentation,2011-09-22 05:49:26,28.6385,-87.86816666666667,1000.0,,5.1196,34.92805,0.6448,4.004894999999999,1487.476952647171,1499.255,-11.778047352829162,direct_CTD_depth,1500.0,FIO_CTD_Data_Daly_2/Daly_CTD_WB0911/WB0911_DSH09_Cast2.csv,https://data.gulfresearchinitiative.org/data/Y1.x030.000:0007
GRIIDC_Y1x030x0007,GRIIDC_DSH09_cast2_Latitude_28_38.31_Longitude_087_52.09,Gulf of Mexico / West Florida Shelf,global_augmentation,2011-09-22 05:49:26,28.6385,-87.86816666666667,1250.0,,4.4832,34.95575,0.6355,4.56407,1489.0709136405005,1497.7649999999999,-8.694086359499352,direct_CTD_depth,1500.0,FIO_CTD_Data_Daly_2/Daly_CTD_WB0911/WB0911_DSH09_Cast2.csv,https://data.gulfresearchinitiative.org/data/Y1.x030.000:0007
GRIIDC_Y1x030x0007,GRIIDC_DSH09_cast2_Latitude_28_38.31_Longitude_087_52.09,Gulf of Mexico / West Florida Shelf,global_augmentation,2011-09-22 05:49:26,28.6385,-87.86816666666667,1500.0,,4.3198,34.9649,0.6183,4.76105,1492.5925636330198,1497.09,-4.497436366980082,direct_CTD_depth,1500.0,FIO_CTD_Data_Daly_2/Daly_CTD_WB0911/WB0911_DSH09_Cast2.csv,https://data.gulfresearchinitiative.org/data/Y1.x030.000:0007
GRIIDC_Y1x030x0007,GRIIDC_DSH09_cast2_Latitude_28_38.614_Longitude_87_51.590,Gulf of Mexico / West Florida Shelf,global_augmentation,2011-05-07 12:27:52,28.643566666666665,-87.85983333333333,1.0,,22.884349999999998,27.42315,0.619,5.184855000000001,1520.7310237474667,1464.98,55.75102374746666,direct_CTD_depth,499.0,FIO_CTD_Data_Daly_2/Daly_CTD_WB0511/WB0511_DSH09_Cast2.csv,https://data.gulfresearchinitiative.org/data/Y1.x030.000:0007
GRIIDC_Y1x030x0007,GRIIDC_DSH09_cast2_Latitude_28_38.614_Longitude_87_51.590,Gulf of Mexico / West Florida Shelf,global_augmentation,2011-05-07 12:27:52,28.643566666666665,-87.85983333333333,2.0,,24.520400000000002,36.562,0.5741,4.767329999999999,1534.875914647303,1464.98,69.89591464730302,direct_CTD_depth,499.0,FIO_CTD_Data_Daly_2/Daly_CTD_WB0511/WB0511_DSH09_Cast2.csv,https://data.gulfresearchinitiative.org/data/Y1.x030.000:0007
GRIIDC_Y1x030x0007,GRIIDC_DSH09_cast2_Latitude_28_38.614_Longitude_87_51.590,Gulf of Mexico / West Florida Shelf,global_augmentation,2011-05-07 12:27:52,28.643566666666665,-87.85983333333333,5.0,,24.49475,36.574650000000005,0.55505,4.68793,1534.8769564591412,1464.98,69.89695645914117,direct_CTD_depth,499.0,FIO_CTD_Data_Daly_2/Daly_CTD_WB0511/WB0511_DSH09_Cast2.csv,https://data.gulfresearchinitiative.org/data/Y1.x030.000:0007
GRIIDC_Y1x030x0007,GRIIDC_DSH09_cast2_Latitude_28_38.614_Longitude_87_51.590,Gulf of Mexico / West Florida Shelf,global_augmentation,2011-05-07 12:27:52,28.643566666666665,-87.85983333333333,10.0,,24.4907,36.574600000000004,0.4924,4.70146,1534.948678698931,1464.98,69.96867869893094,direct_CTD_depth,499.0,FIO_CTD_Data_Daly_2/Daly_CTD_WB0511/WB0511_DSH09_Cast2.csv,https://data.gulfresearchinitiative.org/data/Y1.x030.000:0007
GRIIDC_Y1x030x0007,GRIIDC_DSH09_cast2_Latitude_28_38.614_Longitude_87_51.590,Gulf of Mexico / West Florida Shelf,global_augmentation,2011-05-07 12:27:52,28.643566666666665,-87.85983333333333,20.0,,24.48885,36.573449999999994,0.58575,4.71499,1535.1060288551948,1464.98,70.12602885519482,direct_CTD_depth,499.0,FIO_CTD_Data_Daly_2/Daly_CTD_WB0511/WB0511_DSH09_Cast2.csv,https://data.gulfresearchinitiative.org/data/Y1.x030.000:0007
GRIIDC_Y1x030x0007,GRIIDC_DSH09_cast2_Latitude_28_38.614_Longitude_87_51.590,Gulf of Mexico / West Florida Shelf,global_augmentation,2011-05-07 12:27:52,28.643566666666665,-87.85983333333333,30.0,,24.472450000000002,36.568799999999996,0.68635,4.731865,1535.224609170821,1493.265,41.95960917082084,direct_CTD_depth,499.0,FIO_CTD_Data_Daly_2/Daly_CTD_WB0511/WB0511_DSH09_Cast2.csv,https://data.gulfresearchinitiative.org/data/Y1.x030.000:0007
GRIIDC_Y1x030x0007,GRIIDC_DSH09_cast2_Latitude_28_38.614_Longitude_87_51.590,Gulf of Mexico / West Florida Shelf,global_augmentation,2011-05-07 12:27:52,28.643566666666665,-87.85983333333333,50.0,,20.99635,36.4587,0.6352,5.028230000000001,1526.625292656839,1493.265,33.360292656838965,direct_CTD_depth,499.0,FIO_CTD_Data_Daly_2/Daly_CTD_WB0511/WB0511_DSH09_Cast2.csv,https://data.gulfresearchinitiative.org/data/Y1.x030.000:0007
GRIIDC_Y1x030x0007,GRIIDC_DSH09_cast2_Latitude_28_38.614_Longitude_87_51.590,Gulf of Mexico / West Florida Shelf,global_augmentation,2011-05-07 12:27:52,28.643566666666665,-87.85983333333333,75.0,,20.052349999999997,36.43845,0.6603,4.69861,1524.4625853146608,1493.265,31.197585314660728,direct_CTD_depth,499.0,FIO_CTD_Data_Daly_2/Daly_CTD_WB0511/WB0511_DSH09_Cast2.csv,https://data.gulfresearchinitiative.org/data/Y1.x030.000:0007
GRIIDC_Y1x030x0007,GRIIDC_DSH09_cast2_Latitude_28_38.614_Longitude_87_51.590,Gulf of Mexico / West Florida Shelf,global_augmentation,2011-05-07 12:27:52,28.643566666666665,-87.85983333333333,100.0,,19.2366,36.41005,0.6004499999999999,4.078695,1522.5809689611085,1493.265,29.31596896110841,direct_CTD_depth,499.0,FIO_CTD_Data_Daly_2/Daly_CTD_WB0511/WB0511_DSH09_Cast2.csv,https://data.gulfresearchinitiative.org/data/Y1.x030.000:0007
GRIIDC_Y1x030x0007,GRIIDC_DSH09_cast2_Latitude_28_38.614_Longitude_87_51.590,Gulf of Mexico / West Florida Shelf,global_augmentation,2011-05-07 12:27:52,28.643566666666665,-87.85983333333333,150.0,,16.681350000000002,36.20935,0.5844,2.8176550000000002,1515.7492326885395,1513.58,2.1692326885395232,direct_CTD_depth,499.0,FIO_CTD_Data_Daly_2/Daly_CTD_WB0511/WB0511_DSH09_Cast2.csv,https://data.gulfresearchinitiative.org/data/Y1.x030.000:0007
GRIIDC_Y1x030x0007,GRIIDC_DSH09_cast2_Latitude_28_38.614_Longitude_87_51.590,Gulf of Mexico / West Florida Shelf,global_augmentation,2011-05-07 12:27:52,28.643566666666665,-87.85983333333333,200.0,,14.831150000000001,35.928399999999996,0.6111,2.919725,1510.5269792370052,1513.58,-3.05302076299472,direct_CTD_depth,499.0,FIO_CTD_Data_Daly_2/Daly_CTD_WB0511/WB0511_DSH09_Cast2.csv,https://data.gulfresearchinitiative.org/data/Y1.x030.000:0007
GRIIDC_Y1x030x0007,GRIIDC_DSH09_cast2_Latitude_28_38.614_Longitude_87_51.590,Gulf of Mexico / West Florida Shelf,global_augmentation,2011-05-07 12:27:52,28.643566666666665,-87.85983333333333,300.0,,11.9052,35.46585,0.6855,2.738385,1501.9720321954828,1512.075,-10.10296780451722,direct_CTD_depth,499.0,FIO_CTD_Data_Daly_2/Daly_CTD_WB0511/WB0511_DSH09_Cast2.csv,https://data.gulfresearchinitiative.org/data/Y1.x030.000:0007
GRIIDC_Y1x030x0007,GRIIDC_DSH09_cast2_Latitude_28_38.614_Longitude_87_51.590,Gulf of Mexico / West Florida Shelf,global_augmentation,2011-05-07 12:27:52,28.643566666666665,-87.85983333333333,400.0,,9.845849999999999,35.17115,0.6382,2.64568,1496.0055678191536,1509.865,-13.859432180846397,direct_CTD_depth,499.0,FIO_CTD_Data_Daly_2/Daly_CTD_WB0511/WB0511_DSH09_Cast2.csv,https://data.gulfresearchinitiative.org/data/Y1.x030.000:0007
GRIIDC_Y1x030x0007,GRIIDC_DSH10_Latitude_28_58.254_Longitude_87_52.438,Gulf of Mexico / West Florida Shelf,global_augmentation,2010-12-08 15:48:51,28.9709,-87.87396666666666,1.0,,15.0892,10.4433,0.2619,5.36721,1477.8821311463894,1435.15,42.73213114638929,direct_CTD_depth,1509.0,FIO_CTD_Data_Daly_2/Daly_CTD_WB1210/WB1210_DSH10.csv,https://data.gulfresearchinitiative.org/data/Y1.x030.000:0007
GRIIDC_Y1x030x0007,GRIIDC_DSH10_Latitude_28_58.254_Longitude_87_52.438,Gulf of Mexico / West Florida Shelf,global_augmentation,2010-12-08 15:48:51,28.9709,-87.87396666666666,2.0,,21.62,33.5294,0.31355,4.86495,1524.2122156732235,1465.2800000000002,58.932215673223254,direct_CTD_depth,1509.0,FIO_CTD_Data_Daly_2/Daly_CTD_WB1210/WB1210_DSH10.csv,https://data.gulfresearchinitiative.org/data/Y1.x030.000:0007
GRIIDC_Y1x030x0007,GRIIDC_DSH10_Latitude_28_58.254_Longitude_87_52.438,Gulf of Mexico / West Florida Shelf,global_augmentation,2010-12-08 15:48:51,28.9709,-87.87396666666666,5.0,,22.1049,35.498599999999996,0.32355,4.693065,1527.7276660244381,1465.2800000000002,62.44766602443792,direct_CTD_depth,1509.0,FIO_CTD_Data_Daly_2/Daly_CTD_WB1210/WB1210_DSH10.csv,https://data.gulfresearchinitiative.org/data/Y1.x030.000:0007
GRIIDC_Y1x030x0007,GRIIDC_DSH10_Latitude_28_58.254_Longitude_87_52.438,Gulf of Mexico / West Florida Shelf,global_augmentation,2010-12-08 15:48:51,28.9709,-87.87396666666666,10.0,,22.10655,35.5369,0.34299999999999997,4.67745,1527.8560938450748,1465.2800000000002,62.57609384507464,direct_CTD_depth,1509.0,FIO_CTD_Data_Daly_2/Daly_CTD_WB1210/WB1210_DSH10.csv,https://data.gulfresearchinitiative.org/data/Y1.x030.000:0007
GRIIDC_Y1x030x0007,GRIIDC_DSH10_Latitude_28_58.254_Longitude_87_52.438,Gulf of Mexico / West Florida Shelf,global_augmentation,2010-12-08 15:48:51,28.9709,-87.87396666666666,20.0,,22.47945,35.7244,0.34530000000000005,4.660705,1529.1872638104344,1465.2800000000002,63.90726381043419,direct_CTD_depth,1509.0,FIO_CTD_Data_Daly_2/Daly_CTD_WB1210/WB1210_DSH10.csv,https://data.gulfresearchinitiative.org/data/Y1.x030.000:0007
GRIIDC_Y1x030x0007,GRIIDC_DSH10_Latitude_28_58.254_Longitude_87_52.438,Gulf of Mexico / West Florida Shelf,global_augmentation,2010-12-08 15:48:51,28.9709,-87.87396666666666,30.0,,23.06765,36.06625,0.35635,4.468019999999999,1531.219948986287,1488.5,42.71994898628691,direct_CTD_depth,1509.0,FIO_CTD_Data_Daly_2/Daly_CTD_WB1210/WB1210_DSH10.csv,https://data.gulfresearchinitiative.org/data/Y1.x030.000:0007
GRIIDC_Y1x030x0007,GRIIDC_DSH10_Latitude_28_58.254_Longitude_87_52.438,Gulf of Mexico / West Florida Shelf,global_augmentation,2010-12-08 15:48:51,28.9709,-87.87396666666666,50.0,,23.0533,36.1358,0.36645000000000005,4.5897950000000005,1531.5869228230104,1488.5,43.086922823010354,direct_CTD_depth,1509.0,FIO_CTD_Data_Daly_2/Daly_CTD_WB1210/WB1210_DSH10.csv,https://data.gulfresearchinitiative.org/data/Y1.x030.000:0007
GRIIDC_Y1x030x0007,GRIIDC_DSH10_Latitude_28_58.254_Longitude_87_52.438,Gulf of Mexico / West Florida Shelf,global_augmentation,2010-12-08 15:48:51,28.9709,-87.87396666666666,75.0,,21.34975,36.57695,0.3909,3.67277,1528.1021506762293,1488.5,39.60215067622926,direct_CTD_depth,1509.0,FIO_CTD_Data_Daly_2/Daly_CTD_WB1210/WB1210_DSH10.csv,https://data.gulfresearchinitiative.org/data/Y1.x030.000:0007
GRIIDC_Y1x030x0007,GRIIDC_DSH10_Latitude_28_58.254_Longitude_87_52.438,Gulf of Mexico / West Florida Shelf,global_augmentation,2010-12-08 15:48:51,28.9709,-87.87396666666666,100.0,,19.7676,36.528099999999995,0.37329999999999997,3.39381,1524.1907014604578,1505.68,18.510701460457767,direct_CTD_depth,1509.0,FIO_CTD_Data_Daly_2/Daly_CTD_WB1210/WB1210_DSH10.csv,https://data.gulfresearchinitiative.org/data/Y1.x030.000:0007
GRIIDC_Y1x030x0007,GRIIDC_DSH10_Latitude_28_58.254_Longitude_87_52.438,Gulf of Mexico / West Florida Shelf,global_augmentation,2010-12-08 15:48:51,28.9709,-87.87396666666666,150.0,,17.3247,36.302800000000005,0.3667,3.133545,1517.7755873057695,1507.095,10.68058730576945,direct_CTD_depth,1509.0,FIO_CTD_Data_Daly_2/Daly_CTD_WB1210/WB1210_DSH10.csv,https://data.gulfresearchinitiative.org/data/Y1.x030.000:0007
GRIIDC_Y1x030x0007,GRIIDC_DSH10_Latitude_28_58.254_Longitude_87_52.438,Gulf of Mexico / West Florida Shelf,global_augmentation,2010-12-08 15:48:51,28.9709,-87.87396666666666,200.0,,15.4792,36.03615,0.34635,3.05593,1512.687473308877,1507.095,5.592473308877061,direct_CTD_depth,1509.0,FIO_CTD_Data_Daly_2/Daly_CTD_WB1210/WB1210_DSH10.csv,https://data.gulfresearchinitiative.org/data/Y1.x030.000:0007
GRIIDC_Y1x030x0007,GRIIDC_DSH10_Latitude_28_58.254_Longitude_87_52.438,Gulf of Mexico / West Florida Shelf,global_augmentation,2010-12-08 15:48:51,28.9709,-87.87396666666666,300.0,,12.3066,35.5216,0.3337,2.77362,1503.407032244658,1505.77,-2.3629677553419697,direct_CTD_depth,1509.0,FIO_CTD_Data_Daly_2/Daly_CTD_WB1210/WB1210_DSH10.csv,https://data.gulfresearchinitiative.org/data/Y1.x030.000:0007
GRIIDC_Y1x030x0007,GRIIDC_DSH10_Latitude_28_58.254_Longitude_87_52.438,Gulf of Mexico / West Florida Shelf,global_augmentation,2010-12-08 15:48:51,28.9709,-87.87396666666666,400.0,,10.17715,35.21315,0.32585,2.672615,1497.2496729684688,1503.44,-6.190327031531297,direct_CTD_depth,1509.0,FIO_CTD_Data_Daly_2/Daly_CTD_WB1210/WB1210_DSH10.csv,https://data.gulfresearchinitiative.org/data/Y1.x030.000:0007
GRIIDC_Y1x030x0007,GRIIDC_DSH10_Latitude_28_58.254_Longitude_87_52.438,Gulf of Mexico / West Florida Shelf,global_augmentation,2010-12-08 15:48:51,28.9709,-87.87396666666666,500.0,,8.77335,35.0349,0.3238,2.675295,1493.5509081812088,1502.35,-8.799091818791112,direct_CTD_depth,1509.0,FIO_CTD_Data_Daly_2/Daly_CTD_WB1210/WB1210_DSH10.csv,https://data.gulfresearchinitiative.org/data/Y1.x030.000:0007
GRIIDC_Y1x030x0007,GRIIDC_DSH10_Latitude_28_58.254_Longitude_87_52.438,Gulf of Mexico / West Florida Shelf,global_augmentation,2010-12-08 15:48:51,28.9709,-87.87396666666666,750.0,,6.4140999999999995,34.901849999999996,0.309,3.1807749999999997,1488.4798955080532,1499.0500000000002,-10.57010449194695,direct_CTD_depth,1509.0,FIO_CTD_Data_Daly_2/Daly_CTD_WB1210/WB1210_DSH10.csv,https://data.gulfresearchinitiative.org/data/Y1.x030.000:0007
GRIIDC_Y1x030x0007,GRIIDC_DSH10_Latitude_28_58.254_Longitude_87_52.438,Gulf of Mexico / West Florida Shelf,global_augmentation,2010-12-08 15:48:51,28.9709,-87.87396666666666,1000.0,,5.03985,34.930350000000004,0.29945,3.99513,1487.1552899435062,1497.0300000000002,-9.874710056493996,direct_CTD_depth,1509.0,FIO_CTD_Data_Daly_2/Daly_CTD_WB1210/WB1210_DSH10.csv,https://data.gulfresearchinitiative.org/data/Y1.x030.000:0007
GRIIDC_Y1x030x0007,GRIIDC_DSH10_Latitude_28_58.254_Longitude_87_52.438,Gulf of Mexico / West Florida Shelf,global_augmentation,2010-12-08 15:48:51,28.9709,-87.87396666666666,1250.0,,4.44095,34.958650000000006,0.30145,4.5390250000000005,1488.9001370068956,1495.88,-6.979862993104462,direct_CTD_depth,1509.0,FIO_CTD_Data_Daly_2/Daly_CTD_WB1210/WB1210_DSH10.csv,https://data.gulfresearchinitiative.org/data/Y1.x030.000:0007
GRIIDC_Y1x030x0007,GRIIDC_DSH10_Latitude_28_58.254_Longitude_87_52.438,Gulf of Mexico / West Florida Shelf,global_augmentation,2010-12-08 15:48:51,28.9709,-87.87396666666666,1500.0,,4.2936,34.96725,0.3092,4.690659999999999,1492.4870022116986,1495.47,-2.982997788301418,direct_CTD_depth,1509.0,FIO_CTD_Data_Daly_2/Daly_CTD_WB1210/WB1210_DSH10.csv,https://data.gulfresearchinitiative.org/data/Y1.x030.000:0007
GRIIDC_Y1x030x0007,GRIIDC_DSH10_cast1_Latitude_28_58.577_Longitude_87_52.015,Gulf of Mexico / West Florida Shelf,global_augmentation,2011-02-19 23:31:33,28.976283333333335,-87.86691666666667,1.0,,19.86705,23.28725,0.5396,5.58089,1507.8026996833921,1486.98,20.822699683392102,direct_CTD_depth,1403.0,FIO_CTD_Data_Daly_2/Daly_CTD_WB0211/WB0211_dsh10_cast1.csv,https://data.gulfresearchinitiative.org/data/Y1.x030.000:0007
GRIIDC_Y1x030x0007,GRIIDC_DSH10_cast1_Latitude_28_58.577_Longitude_87_52.015,Gulf of Mexico / West Florida Shelf,global_augmentation,2011-02-19 23:31:33,28.976283333333335,-87.86691666666667,2.0,,20.31105,33.2157,0.6481,5.525829999999999,1520.329281330586,1486.98,33.34928133058588,direct_CTD_depth,1403.0,FIO_CTD_Data_Daly_2/Daly_CTD_WB0211/WB0211_dsh10_cast1.csv,https://data.gulfresearchinitiative.org/data/Y1.x030.000:0007
GRIIDC_Y1x030x0007,GRIIDC_DSH10_cast1_Latitude_28_58.577_Longitude_87_52.015,Gulf of Mexico / West Florida Shelf,global_augmentation,2011-02-19 23:31:33,28.976283333333335,-87.86691666666667,5.0,,20.3246,36.4978,0.6573,5.015285,1524.1296834411125,1486.98,37.14968344111253,direct_CTD_depth,1403.0,FIO_CTD_Data_Daly_2/Daly_CTD_WB0211/WB0211_dsh10_cast1.csv,https://data.gulfresearchinitiative.org/data/Y1.x030.000:0007
GRIIDC_Y1x030x0007,GRIIDC_DSH10_cast1_Latitude_28_58.577_Longitude_87_52.015,Gulf of Mexico / West Florida Shelf,global_augmentation,2011-02-19 23:31:33,28.976283333333335,-87.86691666666667,10.0,,20.1801,36.487300000000005,0.73415,5.003185,1523.8063454699927,1486.98,36.8263454699927,direct_CTD_depth,1403.0,FIO_CTD_Data_Daly_2/Daly_CTD_WB0211/WB0211_dsh10_cast1.csv,https://data.gulfresearchinitiative.org/data/Y1.x030.000:0007
GRIIDC_Y1x030x0007,GRIIDC_DSH10_cast1_Latitude_28_58.577_Longitude_87_52.015,Gulf of Mexico / West Florida Shelf,global_augmentation,2011-02-19 23:31:33,28.976283333333335,-87.86691666666667,20.0,,20.1177,36.4848,1.0537999999999998,4.999885,1523.7963652761132,1486.98,36.816365276113174,direct_CTD_depth,1403.0,FIO_CTD_Data_Daly_2/Daly_CTD_WB0211/WB0211_dsh10_cast1.csv,https://data.gulfresearchinitiative.org/data/Y1.x030.000:0007
GRIIDC_Y1x030x0007,GRIIDC_DSH10_cast1_Latitude_28_58.577_Longitude_87_52.015,Gulf of Mexico / West Florida Shelf,global_augmentation,2011-02-19 23:31:33,28.976283333333335,-87.86691666666667,30.0,,20.0388,36.4879,1.2784,4.98086,1523.7473327987327,1501.45,22.29733279873267,direct_CTD_depth,1403.0,FIO_CTD_Data_Daly_2/Daly_CTD_WB0211/WB0211_dsh10_cast1.csv,https://data.gulfresearchinitiative.org/data/Y1.x030.000:0007
GRIIDC_Y1x030x0007,GRIIDC_DSH10_cast1_Latitude_28_58.577_Longitude_87_52.015,Gulf of Mexico / West Florida Shelf,global_augmentation,2011-02-19 23:31:33,28.976283333333335,-87.86691666666667,50.0,,19.889699999999998,36.4801,1.1912,4.75451,1523.6559344409511,1498.18,25.47593444095105,direct_CTD_depth,1403.0,FIO_CTD_Data_Daly_2/Daly_CTD_WB0211/WB0211_dsh10_cast1.csv,https://data.gulfresearchinitiative.org/data/Y1.x030.000:0007
GRIIDC_Y1x030x0007,GRIIDC_DSH10_cast1_Latitude_28_58.577_Longitude_87_52.015,Gulf of Mexico / West Florida Shelf,global_augmentation,2011-02-19 23:31:33,28.976283333333335,-87.86691666666667,75.0,,19.71565,36.466499999999996,1.14955,4.774315,1523.5690661685176,1498.18,25.389066168517502,direct_CTD_depth,1403.0,FIO_CTD_Data_Daly_2/Daly_CTD_WB0211/WB0211_dsh10_cast1.csv,https://data.gulfresearchinitiative.org/data/Y1.x030.000:0007
GRIIDC_Y1x030x0007,GRIIDC_DSH10_cast1_Latitude_28_58.577_Longitude_87_52.015,Gulf of Mexico / West Florida Shelf,global_augmentation,2011-02-19 23:31:33,28.976283333333335,-87.86691666666667,100.0,,19.4498,36.4206,1.0746,4.84013,1523.1880649363175,1506.365,16.82306493631745,direct_CTD_depth,1403.0,FIO_CTD_Data_Daly_2/Daly_CTD_WB0211/WB0211_dsh10_cast1.csv,https://data.gulfresearchinitiative.org/data/Y1.x030.000:0007
GRIIDC_Y1x030x0007,GRIIDC_DSH10_cast1_Latitude_28_58.577_Longitude_87_52.015,Gulf of Mexico / West Florida Shelf,global_augmentation,2011-02-19 23:31:33,28.976283333333335,-87.86691666666667,150.0,,18.623849999999997,36.4322,1.0887,3.491035,1521.6932802780732,1507.595,14.098280278073162,direct_CTD_depth,1403.0,FIO_CTD_Data_Daly_2/Daly_CTD_WB0211/WB0211_dsh10_cast1.csv,https://data.gulfresearchinitiative.org/data/Y1.x030.000:0007
GRIIDC_Y1x030x0007,GRIIDC_DSH10_cast1_Latitude_28_58.577_Longitude_87_52.015,Gulf of Mexico / West Florida Shelf,global_augmentation,2011-02-19 23:31:33,28.976283333333335,-87.86691666666667,200.0,,15.42005,36.01525,1.1307,2.841125,1512.4787270170684,1507.37,5.1087270170685315,direct_CTD_depth,1403.0,FIO_CTD_Data_Daly_2/Daly_CTD_WB0211/WB0211_dsh10_cast1.csv,https://data.gulfresearchinitiative.org/data/Y1.x030.000:0007
GRIIDC_Y1x030x0007,GRIIDC_DSH10_cast1_Latitude_28_58.577_Longitude_87_52.015,Gulf of Mexico / West Florida Shelf,global_augmentation,2011-02-19 23:31:33,28.976283333333335,-87.86691666666667,300.0,,11.27665,35.3783,0.9621500000000001,2.672345,1499.694861617415,1506.2,-6.5051383825850735,direct_CTD_depth,1403.0,FIO_CTD_Data_Daly_2/Daly_CTD_WB0211/WB0211_dsh10_cast1.csv,https://data.gulfresearchinitiative.org/data/Y1.x030.000:0007
GRIIDC_Y1x030x0007,GRIIDC_DSH10_cast1_Latitude_28_58.577_Longitude_87_52.015,Gulf of Mexico / West Florida Shelf,global_augmentation,2011-02-19 23:31:33,28.976283333333335,-87.86691666666667,400.0,,9.295950000000001,35.1122,0.94205,2.64092,1493.9310089354813,1503.37,-9.438991064518632,direct_CTD_depth,1403.0,FIO_CTD_Data_Daly_2/Daly_CTD_WB0211/WB0211_dsh10_cast1.csv,https://data.gulfresearchinitiative.org/data/Y1.x030.000:0007
GRIIDC_Y1x030x0007,GRIIDC_DSH10_cast1_Latitude_28_58.577_Longitude_87_52.015,Gulf of Mexico / West Florida Shelf,global_augmentation,2011-02-19 23:31:33,28.976283333333335,-87.86691666666667,500.0,,8.129,34.98355,0.9446,2.723515,1491.0733230873207,1501.095,-10.021676912679368,direct_CTD_depth,1403.0,FIO_CTD_Data_Daly_2/Daly_CTD_WB0211/WB0211_dsh10_cast1.csv,https://data.gulfresearchinitiative.org/data/Y1.x030.000:0007
GRIIDC_Y1x030x0007,GRIIDC_DSH10_cast1_Latitude_28_58.577_Longitude_87_52.015,Gulf of Mexico / West Florida Shelf,global_augmentation,2011-02-19 23:31:33,28.976283333333335,-87.86691666666667,750.0,,6.13045,34.902100000000004,0.81105,3.30732,1487.3585589755883,1498.08,-10.72144102441166,direct_CTD_depth,1403.0,FIO_CTD_Data_Daly_2/Daly_CTD_WB0211/WB0211_dsh10_cast1.csv,https://data.gulfresearchinitiative.org/data/Y1.x030.000:0007
GRIIDC_Y1x030x0007,GRIIDC_DSH10_cast1_Latitude_28_58.577_Longitude_87_52.015,Gulf of Mexico / West Florida Shelf,global_augmentation,2011-02-19 23:31:33,28.976283333333335,-87.86691666666667,1000.0,,4.9883500000000005,34.93495,0.75605,4.029605,1486.951252727613,1496.355,-9.403747272386909,direct_CTD_depth,1403.0,FIO_CTD_Data_Daly_2/Daly_CTD_WB0211/WB0211_dsh10_cast1.csv,https://data.gulfresearchinitiative.org/data/Y1.x030.000:0007
GRIIDC_Y1x030x0007,GRIIDC_DSH10_cast1_Latitude_28_58.577_Longitude_87_52.015,Gulf of Mexico / West Florida Shelf,global_augmentation,2011-02-19 23:31:33,28.976283333333335,-87.86691666666667,1250.0,,4.4359,34.95805,0.8341000000000001,4.532465,1488.8784874688786,1495.35,-6.471512531121334,direct_CTD_depth,1403.0,FIO_CTD_Data_Daly_2/Daly_CTD_WB0211/WB0211_dsh10_cast1.csv,https://data.gulfresearchinitiative.org/data/Y1.x030.000:0007
GRIIDC_Y1x030x0007,GRIIDC_DSH10_cast1_Latitude_28_58.57_Longitude_087_52.01,Gulf of Mexico / West Florida Shelf,global_augmentation,2012-02-22 22:54:58,28.976166666666668,-87.86683333333333,1.0,,21.3875,28.65315,2.48435,5.3496500000000005,1518.1135987949835,1493.47,24.643598794983518,direct_CTD_depth,1499.0,FIO_CTD_Data_Daly_2/Daly_CTD_WB0212/WB0212_dsh10_cast1.csv,https://data.gulfresearchinitiative.org/data/Y1.x030.000:0007
GRIIDC_Y1x030x0007,GRIIDC_DSH10_cast1_Latitude_28_58.57_Longitude_087_52.01,Gulf of Mexico / West Florida Shelf,global_augmentation,2012-02-22 22:54:58,28.976166666666668,-87.86683333333333,2.0,,21.19565,36.506,0.7021999999999999,5.006825,1526.4247527389082,1493.47,32.954752738908155,direct_CTD_depth,1499.0,FIO_CTD_Data_Daly_2/Daly_CTD_WB0212/WB0212_dsh10_cast1.csv,https://data.gulfresearchinitiative.org/data/Y1.x030.000:0007
GRIIDC_Y1x030x0007,GRIIDC_DSH10_cast1_Latitude_28_58.57_Longitude_087_52.01,Gulf of Mexico / West Florida Shelf,global_augmentation,2012-02-22 22:54:58,28.976166666666668,-87.86683333333333,5.0,,21.1964,36.18085,0.7629,4.988289999999999,1526.110583646838,1493.47,32.64058364683797,direct_CTD_depth,1499.0,FIO_CTD_Data_Daly_2/Daly_CTD_WB0212/WB0212_dsh10_cast1.csv,https://data.gulfresearchinitiative.org/data/Y1.x030.000:0007
GRIIDC_Y1x030x0007,GRIIDC_DSH10_cast1_Latitude_28_58.57_Longitude_087_52.01,Gulf of Mexico / West Florida Shelf,global_augmentation,2012-02-22 22:54:58,28.976166666666668,-87.86683333333333,10.0,,21.1943,36.186800000000005,0.721,5.004045,1526.193210675643,1493.47,32.72321067564303,direct_CTD_depth,1499.0,FIO_CTD_Data_Daly_2/Daly_CTD_WB0212/WB0212_dsh10_cast1.csv,https://data.gulfresearchinitiative.org/data/Y1.x030.000:0007
GRIIDC_Y1x030x0007,GRIIDC_DSH10_cast1_Latitude_28_58.57_Longitude_087_52.01,Gulf of Mexico / West Florida Shelf,global_augmentation,2012-02-22 22:54:58,28.976166666666668,-87.86683333333333,20.0,,21.17035,36.2227,0.729,4.996345,1526.333076302083,1493.47,32.86307630208307,direct_CTD_depth,1499.0,FIO_CTD_Data_Daly_2/Daly_CTD_WB0212/WB0212_dsh10_cast1.csv,https://data.gulfresearchinitiative.org/data/Y1.x030.000:0007
GRIIDC_Y1x030x0007,GRIIDC_DSH10_cast1_Latitude_28_58.57_Longitude_087_52.01,Gulf of Mexico / West Florida Shelf,global_augmentation,2012-02-22 22:54:58,28.976166666666668,-87.86683333333333,30.0,,21.1742,36.2628,0.7449,4.976850000000001,1526.551399941823,1502.2849999999999,24.266399941823238,direct_CTD_depth,1499.0,FIO_CTD_Data_Daly_2/Daly_CTD_WB0212/WB0212_dsh10_cast1.csv,https://data.gulfresearchinitiative.org/data/Y1.x030.000:0007
GRIIDC_Y1x030x0007,GRIIDC_DSH10_cast1_Latitude_28_58.57_Longitude_087_52.01,Gulf of Mexico / West Florida Shelf,global_augmentation,2012-02-22 22:54:58,28.976166666666668,-87.86683333333333,50.0,,21.21835,36.30495,0.7222,4.84917,1527.0419572710346,1502.2849999999999,24.756957271034707,direct_CTD_depth,1499.0,FIO_CTD_Data_Daly_2/Daly_CTD_WB0212/WB0212_dsh10_cast1.csv,https://data.gulfresearchinitiative.org/data/Y1.x030.000:0007
GRIIDC_Y1x030x0007,GRIIDC_DSH10_cast1_Latitude_28_58.57_Longitude_087_52.01,Gulf of Mexico / West Florida Shelf,global_augmentation,2012-02-22 22:54:58,28.976166666666668,-87.86683333333333,75.0,,21.29705,36.44835,0.70975,4.477025,1527.8189464409368,1502.2849999999999,25.533946440936916,direct_CTD_depth,1499.0,FIO_CTD_Data_Daly_2/Daly_CTD_WB0212/WB0212_dsh10_cast1.csv,https://data.gulfresearchinitiative.org/data/Y1.x030.000:0007
GRIIDC_Y1x030x0007,GRIIDC_DSH10_cast1_Latitude_28_58.57_Longitude_087_52.01,Gulf of Mexico / West Florida Shelf,global_augmentation,2012-02-22 22:54:58,28.976166666666668,-87.86683333333333,100.0,,20.42015,36.4315,0.7216,3.63511,1525.8638279593974,1509.0349999999999,16.828827959397586,direct_CTD_depth,1499.0,FIO_CTD_Data_Daly_2/Daly_CTD_WB0212/WB0212_dsh10_cast1.csv,https://data.gulfresearchinitiative.org/data/Y1.x030.000:0007
GRIIDC_Y1x030x0007,GRIIDC_DSH10_cast1_Latitude_28_58.57_Longitude_087_52.01,Gulf of Mexico / West Florida Shelf,global_augmentation,2012-02-22 22:54:58,28.976166666666668,-87.86683333333333,150.0,,17.24305,36.2888,0.6609499999999999,2.99641,1517.5178685126316,1509.365,8.152868512631585,direct_CTD_depth,1499.0,FIO_CTD_Data_Daly_2/Daly_CTD_WB0212/WB0212_dsh10_cast1.csv,https://data.gulfresearchinitiative.org/data/Y1.x030.000:0007
GRIIDC_Y1x030x0007,GRIIDC_DSH10_cast1_Latitude_28_58.57_Longitude_087_52.01,Gulf of Mexico / West Florida Shelf,global_augmentation,2012-02-22 22:54:58,28.976166666666668,-87.86683333333333,200.0,,15.18835,35.98555,0.64275,2.982315,1511.7197376701286,1509.365,2.354737670128543,direct_CTD_depth,1499.0,FIO_CTD_Data_Daly_2/Daly_CTD_WB0212/WB0212_dsh10_cast1.csv,https://data.gulfresearchinitiative.org/data/Y1.x030.000:0007
GRIIDC_Y1x030x0007,GRIIDC_DSH10_cast1_Latitude_28_58.57_Longitude_087_52.01,Gulf of Mexico / West Florida Shelf,global_augmentation,2012-02-22 22:54:58,28.976166666666668,-87.86683333333333,300.0,,12.2198,35.51335,0.6351,2.7158949999999997,1503.102597178811,1507.3249999999998,-4.22240282118878,direct_CTD_depth,1499.0,FIO_CTD_Data_Daly_2/Daly_CTD_WB0212/WB0212_dsh10_cast1.csv,https://data.gulfresearchinitiative.org/data/Y1.x030.000:0007
GRIIDC_Y1x030x0007,GRIIDC_DSH10_cast1_Latitude_28_58.57_Longitude_087_52.01,Gulf of Mexico / West Florida Shelf,global_augmentation,2012-02-22 22:54:58,28.976166666666668,-87.86683333333333,400.0,,10.257750000000001,35.22485,0.63615,2.6692850000000004,1497.5526086678103,1505.0349999999999,-7.482391332189536,direct_CTD_depth,1499.0,FIO_CTD_Data_Daly_2/Daly_CTD_WB0212/WB0212_dsh10_cast1.csv,https://data.gulfresearchinitiative.org/data/Y1.x030.000:0007
GRIIDC_Y1x030x0007,GRIIDC_DSH10_cast1_Latitude_28_58.57_Longitude_087_52.01,Gulf of Mexico / West Florida Shelf,global_augmentation,2012-02-22 22:54:58,28.976166666666668,-87.86683333333333,500.0,,8.5211,35.016450000000006,0.6332500000000001,2.71258,1492.5877835759195,1503.04,-10.452216424080461,direct_CTD_depth,1499.0,FIO_CTD_Data_Daly_2/Daly_CTD_WB0212/WB0212_dsh10_cast1.csv,https://data.gulfresearchinitiative.org/data/Y1.x030.000:0007
GRIIDC_Y1x030x0007,GRIIDC_DSH10_cast1_Latitude_28_58.57_Longitude_087_52.01,Gulf of Mexico / West Florida Shelf,global_augmentation,2012-02-22 22:54:58,28.976166666666668,-87.86683333333333,750.0,,6.1716,34.9015,0.6225499999999999,3.322045,1487.5209999141837,1499.97,-12.449000085816351,direct_CTD_depth,1499.0,FIO_CTD_Data_Daly_2/Daly_CTD_WB0212/WB0212_dsh10_cast1.csv,https://data.gulfresearchinitiative.org/data/Y1.x030.000:0007
GRIIDC_Y1x030x0007,GRIIDC_DSH10_cast1_Latitude_28_58.57_Longitude_087_52.01,Gulf of Mexico / West Florida Shelf,global_augmentation,2012-02-22 22:54:58,28.976166666666668,-87.86683333333333,1000.0,,5.2238,34.925,0.6021000000000001,3.906305,1487.8962329985638,1497.355,-9.458767001436172,direct_CTD_depth,1499.0,FIO_CTD_Data_Daly_2/Daly_CTD_WB0212/WB0212_dsh10_cast1.csv,https://data.gulfresearchinitiative.org/data/Y1.x030.000:0007
GRIIDC_Y1x030x0007,GRIIDC_DSH10_cast1_Latitude_28_58.57_Longitude_087_52.01,Gulf of Mexico / West Florida Shelf,global_augmentation,2012-02-22 22:54:58,28.976166666666668,-87.86683333333333,1250.0,,4.525499999999999,34.953900000000004,0.58985,4.5072849999999995,1489.24307935054,1496.38,-7.13692064946008,direct_CTD_depth,1499.0,FIO_CTD_Data_Daly_2/Daly_CTD_WB0212/WB0212_dsh10_cast1.csv,https://data.gulfresearchinitiative.org/data/Y1.x030.000:0007
GRIIDC_Y1x030x0007,GRIIDC_DSH10_cast1_Latitude_28_58.610_Longitude_87_52.266,Gulf of Mexico / West Florida Shelf,global_augmentation,2011-05-07 19:26:24,28.97683333333333,-87.8711,1.0,,23.899900000000002,25.41005,0.7323,5.25404,1521.143696258898,1490.5949999999998,30.54869625889819,direct_CTD_depth,1398.0,FIO_CTD_Data_Daly_2/Daly_CTD_WB0511/WB0511_DSH10_Cast1.csv,https://data.gulfresearchinitiative.org/data/Y1.x030.000:0007
GRIIDC_Y1x030x0007,GRIIDC_DSH10_cast1_Latitude_28_58.610_Longitude_87_52.266,Gulf of Mexico / West Florida Shelf,global_augmentation,2011-05-07 19:26:24,28.97683333333333,-87.8711,2.0,,24.607349999999997,34.773799999999994,0.78295,4.68866,1533.139347666921,1490.5949999999998,42.54434766692111,direct_CTD_depth,1398.0,FIO_CTD_Data_Daly_2/Daly_CTD_WB0511/WB0511_DSH10_Cast1.csv,https://data.gulfresearchinitiative.org/data/Y1.x030.000:0007
GRIIDC_Y1x030x0007,GRIIDC_DSH10_cast1_Latitude_28_58.610_Longitude_87_52.266,Gulf of Mexico / West Florida Shelf,global_augmentation,2011-05-07 19:26:24,28.97683333333333,-87.8711,5.0,,24.7935,36.6339,0.72055,4.71016,1535.656250261241,1490.5949999999998,45.061250261241184,direct_CTD_depth,1398.0,FIO_CTD_Data_Daly_2/Daly_CTD_WB0511/WB0511_DSH10_Cast1.csv,https://data.gulfresearchinitiative.org/data/Y1.x030.000:0007
GRIIDC_Y1x030x0007,GRIIDC_DSH10_cast1_Latitude_28_58.610_Longitude_87_52.266,Gulf of Mexico / West Florida Shelf,global_augmentation,2011-05-07 19:26:24,28.97683333333333,-87.8711,10.0,,24.63165,36.626400000000004,0.7132999999999999,4.7387049999999995,1535.3431582938201,1490.5949999999998,44.748158293820325,direct_CTD_depth,1398.0,FIO_CTD_Data_Daly_2/Daly_CTD_WB0511/WB0511_DSH10_Cast1.csv,https://data.gulfresearchinitiative.org/data/Y1.x030.000:0007
GRIIDC_Y1x030x0007,GRIIDC_DSH10_cast1_Latitude_28_58.610_Longitude_87_52.266,Gulf of Mexico / West Florida Shelf,global_augmentation,2011-05-07 19:26:24,28.97683333333333,-87.8711,20.0,,24.5608,36.624750000000006,0.7877000000000001,4.732475,1535.3346544460915,1490.5949999999998,44.73965444609166,direct_CTD_depth,1398.0,FIO_CTD_Data_Daly_2/Daly_CTD_WB0511/WB0511_DSH10_Cast1.csv,https://data.gulfresearchinitiative.org/data/Y1.x030.000:0007
GRIIDC_Y1x030x0007,GRIIDC_DSH10_cast1_Latitude_28_58.610_Longitude_87_52.266,Gulf of Mexico / West Florida Shelf,global_augmentation,2011-05-07 19:26:24,28.97683333333333,-87.8711,30.0,,24.53315,36.6219,0.763,4.746065,1535.4282881964155,1502.875,32.55328819641545,direct_CTD_depth,1398.0,FIO_CTD_Data_Daly_2/Daly_CTD_WB0511/WB0511_DSH10_Cast1.csv,https://data.gulfresearchinitiative.org/data/Y1.x030.000:0007
GRIIDC_Y1x030x0007,GRIIDC_DSH10_cast1_Latitude_28_58.610_Longitude_87_52.266,Gulf of Mexico / West Florida Shelf,global_augmentation,2011-05-07 19:26:24,28.97683333333333,-87.8711,50.0,,21.82425,36.469,0.61165,5.12,1528.8152913904855,1502.875,25.940291390485527,direct_CTD_depth,1398.0,FIO_CTD_Data_Daly_2/Daly_CTD_WB0511/WB0511_DSH10_Cast1.csv,https://data.gulfresearchinitiative.org/data/Y1.x030.000:0007
GRIIDC_Y1x030x0007,GRIIDC_DSH10_cast1_Latitude_28_58.610_Longitude_87_52.266,Gulf of Mexico / West Florida Shelf,global_augmentation,2011-05-07 19:26:24,28.97683333333333,-87.8711,75.0,,20.0512,36.46015,0.5992500000000001,4.39508,1524.4840575783055,1509.5549999999998,14.929057578305674,direct_CTD_depth,1398.0,FIO_CTD_Data_Daly_2/Daly_CTD_WB0511/WB0511_DSH10_Cast1.csv,https://data.gulfresearchinitiative.org/data/Y1.x030.000:0007
GRIIDC_Y1x030x0007,GRIIDC_DSH10_cast1_Latitude_28_58.610_Longitude_87_52.266,Gulf of Mexico / West Florida Shelf,global_augmentation,2011-05-07 19:26:24,28.97683333333333,-87.8711,100.0,,18.5213,36.394999999999996,0.56965,3.35468,1520.5409793911138,1509.5549999999998,10.985979391113915,direct_CTD_depth,1398.0,FIO_CTD_Data_Daly_2/Daly_CTD_WB0511/WB0511_DSH10_Cast1.csv,https://data.gulfresearchinitiative.org/data/Y1.x030.000:0007
GRIIDC_Y1x030x0007,GRIIDC_DSH10_cast1_Latitude_28_58.610_Longitude_87_52.266,Gulf of Mexico / West Florida Shelf,global_augmentation,2011-05-07 19:26:24,28.97683333333333,-87.8711,150.0,,16.52375,36.183099999999996,0.58475,2.98979,1515.2435415185246,1509.28,5.9635415185246075,direct_CTD_depth,1398.0,FIO_CTD_Data_Daly_2/Daly_CTD_WB0511/WB0511_DSH10_Cast1.csv,https://data.gulfresearchinitiative.org/data/Y1.x030.000:0007
GRIIDC_Y1x030x0007,GRIIDC_DSH10_cast1_Latitude_28_58.610_Longitude_87_52.266,Gulf of Mexico / West Florida Shelf,global_augmentation,2011-05-07 19:26:24,28.97683333333333,-87.8711,200.0,,14.655850000000001,35.8922,0.6424000000000001,2.927345,1509.9278049229415,1507.33,2.5978049229415774,direct_CTD_depth,1398.0,FIO_CTD_Data_Daly_2/Daly_CTD_WB0511/WB0511_DSH10_Cast1.csv,https://data.gulfresearchinitiative.org/data/Y1.x030.000:0007
GRIIDC_Y1x030x0007,GRIIDC_DSH10_cast1_Latitude_28_58.610_Longitude_87_52.266,Gulf of Mexico / West Florida Shelf,global_augmentation,2011-05-07 19:26:24,28.97683333333333,-87.8711,300.0,,11.56025,35.405649999999994,0.62005,2.7868899999999996,1500.7119920585558,1505.73,-5.018007941444239,direct_CTD_depth,1398.0,FIO_CTD_Data_Daly_2/Daly_CTD_WB0511/WB0511_DSH10_Cast1.csv,https://data.gulfresearchinitiative.org/data/Y1.x030.000:0007
GRIIDC_Y1x030x0007,GRIIDC_DSH10_cast1_Latitude_28_58.610_Longitude_87_52.266,Gulf of Mexico / West Florida Shelf,global_augmentation,2011-05-07 19:26:24,28.97683333333333,-87.8711,400.0,,9.3474,35.1029,0.5812999999999999,2.719545,1494.107891442862,1504.05,-9.942108557137999,direct_CTD_depth,1398.0,FIO_CTD_Data_Daly_2/Daly_CTD_WB0511/WB0511_DSH10_Cast1.csv,https://data.gulfresearchinitiative.org/data/Y1.x030.000:0007
GRIIDC_Y1x030x0007,GRIIDC_DSH10_cast1_Latitude_28_58.610_Longitude_87_52.266,Gulf of Mexico / West Florida Shelf,global_augmentation,2011-05-07 19:26:24,28.97683333333333,-87.8711,500.0,,7.95565,34.9683,0.59705,2.75515,1490.3981725332383,1501.135,-10.736827466761724,direct_CTD_depth,1398.0,FIO_CTD_Data_Daly_2/Daly_CTD_WB0511/WB0511_DSH10_Cast1.csv,https://data.gulfresearchinitiative.org/data/Y1.x030.000:0007
GRIIDC_Y1x030x0007,GRIIDC_DSH10_cast1_Latitude_28_58.610_Longitude_87_52.266,Gulf of Mexico / West Florida Shelf,global_augmentation,2011-05-07 19:26:24,28.97683333333333,-87.8711,750.0,,6.0206,34.9026,0.6188,3.39148,1486.922709139314,1498.25,-11.327290860685935,direct_CTD_depth,1398.0,FIO_CTD_Data_Daly_2/Daly_CTD_WB0511/WB0511_DSH10_Cast1.csv,https://data.gulfresearchinitiative.org/data/Y1.x030.000:0007
GRIIDC_Y1x030x0007,GRIIDC_DSH10_cast1_Latitude_28_58.610_Longitude_87_52.266,Gulf of Mexico / West Florida Shelf,global_augmentation,2011-05-07 19:26:24,28.97683333333333,-87.8711,1000.0,,5.0541,34.9315,0.5833,4.00413,1487.2148224204304,1496.34,-9.125177579569481,direct_CTD_depth,1398.0,FIO_CTD_Data_Daly_2/Daly_CTD_WB0511/WB0511_DSH10_Cast1.csv,https://data.gulfresearchinitiative.org/data/Y1.x030.000:0007
GRIIDC_Y1x030x0007,GRIIDC_DSH10_cast1_Latitude_28_58.610_Longitude_87_52.266,Gulf of Mexico / West Florida Shelf,global_augmentation,2011-05-07 19:26:24,28.97683333333333,-87.8711,1250.0,,4.423,34.9589,0.5263,4.581245,1488.8262576179343,1495.2649999999999,-6.438742382065584,direct_CTD_depth,1398.0,FIO_CTD_Data_Daly_2/Daly_CTD_WB0511/WB0511_DSH10_Cast1.csv,https://data.gulfresearchinitiative.org/data/Y1.x030.000:0007
GRIIDC_Y1x030x0007,GRIIDC_DSH10_cast1_Latitude_28_58.68_Longitude_087_52.18,Gulf of Mexico / West Florida Shelf,global_augmentation,2012-05-10 23:15:11,28.978,-87.86966666666666,1.0,,24.785600000000002,28.768250000000002,3.1825,4.97142,1527.0305428115803,1491.3400000000001,35.690542811580144,direct_CTD_depth,1515.0,FIO_CTD_Data_Daly_2/Daly_CTD_WB0512/WB0512_DSH10_Cast1.csv,https://data.gulfresearchinitiative.org/data/Y1.x030.000:0007
GRIIDC_Y1x030x0007,GRIIDC_DSH10_cast1_Latitude_28_58.68_Longitude_087_52.18,Gulf of Mexico / West Florida Shelf,global_augmentation,2012-05-10 23:15:11,28.978,-87.86966666666666,2.0,,25.253,32.5978,2.38685,4.950934999999999,1532.3307530374123,1491.3400000000001,40.990753037412105,direct_CTD_depth,1515.0,FIO_CTD_Data_Daly_2/Daly_CTD_WB0512/WB0512_DSH10_Cast1.csv,https://data.gulfresearchinitiative.org/data/Y1.x030.000:0007
GRIIDC_Y1x030x0007,GRIIDC_DSH10_cast1_Latitude_28_58.68_Longitude_087_52.18,Gulf of Mexico / West Florida Shelf,global_augmentation,2012-05-10 23:15:11,28.978,-87.86966666666666,5.0,,25.51445,34.7411,1.2687,4.53277,1535.3138816952867,1491.3400000000001,43.973881695286536,direct_CTD_depth,1515.0,FIO_CTD_Data_Daly_2/Daly_CTD_WB0512/WB0512_DSH10_Cast1.csv,https://data.gulfresearchinitiative.org/data/Y1.x030.000:0007
GRIIDC_Y1x030x0007,GRIIDC_DSH10_cast1_Latitude_28_58.68_Longitude_087_52.18,Gulf of Mexico / West Florida Shelf,global_augmentation,2012-05-10 23:15:11,28.978,-87.86966666666666,10.0,,25.11615,35.26705,1.2492999999999999,4.572705,1535.0229303781455,1491.3400000000001,43.68293037814533,direct_CTD_depth,1515.0,FIO_CTD_Data_Daly_2/Daly_CTD_WB0512/WB0512_DSH10_Cast1.csv,https://data.gulfresearchinitiative.org/data/Y1.x030.000:0007
GRIIDC_Y1x030x0007,GRIIDC_DSH10_cast1_Latitude_28_58.68_Longitude_087_52.18,Gulf of Mexico / West Florida Shelf,global_augmentation,2012-05-10 23:15:11,28.978,-87.86966666666666,20.0,,23.9668,35.79385,1.2711999999999999,4.525869999999999,1532.9880306801065,1491.3400000000001,41.64803068010633,direct_CTD_depth,1515.0,FIO_CTD_Data_Daly_2/Daly_CTD_WB0512/WB0512_DSH10_Cast1.csv,https://data.gulfresearchinitiative.org/data/Y1.x030.000:0007
GRIIDC_Y1x030x0007,GRIIDC_DSH10_cast1_Latitude_28_58.68_Longitude_087_52.18,Gulf of Mexico / West Florida Shelf,global_augmentation,2012-05-10 23:15:11,28.978,-87.86966666666666,30.0,,23.8141,36.2094,1.3367,4.36492,1533.231630546334,1489.05,44.18163054633396,direct_CTD_depth,1515.0,FIO_CTD_Data_Daly_2/Daly_CTD_WB0512/WB0512_DSH10_Cast1.csv,https://data.gulfresearchinitiative.org/data/Y1.x030.000:0007
GRIIDC_Y1x030x0007,GRIIDC_DSH10_cast1_Latitude_28_58.68_Longitude_087_52.18,Gulf of Mexico / West Florida Shelf,global_augmentation,2012-05-10 23:15:11,28.978,-87.86966666666666,50.0,,22.3392,36.4437,1.4618,4.60579,1530.1161652408387,1489.05,41.0661652408387,direct_CTD_depth,1515.0,FIO_CTD_Data_Daly_2/Daly_CTD_WB0512/WB0512_DSH10_Cast1.csv,https://data.gulfresearchinitiative.org/data/Y1.x030.000:0007
GRIIDC_Y1x030x0007,GRIIDC_DSH10_cast1_Latitude_28_58.68_Longitude_087_52.18,Gulf of Mexico / West Florida Shelf,global_augmentation,2012-05-10 23:15:11,28.978,-87.86966666666666,75.0,,21.20495,36.45515,1.5067,3.7193050000000003,1527.5831157990451,1491.3400000000001,36.24311579904497,direct_CTD_depth,1515.0,FIO_CTD_Data_Daly_2/Daly_CTD_WB0512/WB0512_DSH10_Cast1.csv,https://data.gulfresearchinitiative.org/data/Y1.x030.000:0007
GRIIDC_Y1x030x0007,GRIIDC_DSH10_cast1_Latitude_28_58.68_Longitude_087_52.18,Gulf of Mexico / West Florida Shelf,global_augmentation,2012-05-10 23:15:11,28.978,-87.86966666666666,100.0,,19.377450000000003,36.431700000000006,1.34715,3.3271550000000003,1522.9992061393193,1491.3400000000001,31.659206139319167,direct_CTD_depth,1515.0,FIO_CTD_Data_Daly_2/Daly_CTD_WB0512/WB0512_DSH10_Cast1.csv,https://data.gulfresearchinitiative.org/data/Y1.x030.000:0007
GRIIDC_Y1x030x0007,GRIIDC_DSH10_cast1_Latitude_28_58.68_Longitude_087_52.18,Gulf of Mexico / West Florida Shelf,global_augmentation,2012-05-10 23:15:11,28.978,-87.86966666666666,150.0,,16.7724,36.2467,1.5761,3.11843,1516.0663274940332,1489.05,27.01632749403325,direct_CTD_depth,1515.0,FIO_CTD_Data_Daly_2/Daly_CTD_WB0512/WB0512_DSH10_Cast1.csv,https://data.gulfresearchinitiative.org/data/Y1.x030.000:0007
GRIIDC_Y1x030x0007,GRIIDC_DSH10_cast1_Latitude_28_58.68_Longitude_087_52.18,Gulf of Mexico / West Florida Shelf,global_augmentation,2012-05-10 23:15:11,28.978,-87.86966666666666,200.0,,14.6588,35.89975,1.2863,2.7494500000000004,1509.9461685364151,1491.3400000000001,18.606168536414998,direct_CTD_depth,1515.0,FIO_CTD_Data_Daly_2/Daly_CTD_WB0512/WB0512_DSH10_Cast1.csv,https://data.gulfresearchinitiative.org/data/Y1.x030.000:0007
GRIIDC_Y1x030x0007,GRIIDC_DSH10_cast1_Latitude_28_58.68_Longitude_087_52.18,Gulf of Mexico / West Florida Shelf,global_augmentation,2012-05-10 23:15:11,28.978,-87.86966666666666,300.0,,11.9397,35.4615,1.20975,2.707165,1502.0848189784876,1496.49,5.594818978487638,direct_CTD_depth,1515.0,FIO_CTD_Data_Daly_2/Daly_CTD_WB0512/WB0512_DSH10_Cast1.csv,https://data.gulfresearchinitiative.org/data/Y1.x030.000:0007
GRIIDC_Y1x030x0007,GRIIDC_DSH10_cast1_Latitude_28_58.68_Longitude_087_52.18,Gulf of Mexico / West Florida Shelf,global_augmentation,2012-05-10 23:15:11,28.978,-87.86966666666666,400.0,,9.518,35.130449999999996,1.21365,2.6202199999999998,1494.7652626120882,1496.49,-1.7247373879117731,direct_CTD_depth,1515.0,FIO_CTD_Data_Daly_2/Daly_CTD_WB0512/WB0512_DSH10_Cast1.csv,https://data.gulfresearchinitiative.org/data/Y1.x030.000:0007
GRIIDC_Y1x030x0007,GRIIDC_DSH10_cast1_Latitude_28_58.68_Longitude_087_52.18,Gulf of Mexico / West Florida Shelf,global_augmentation,2012-05-10 23:15:11,28.978,-87.86966666666666,500.0,,8.15625,34.98335,1.13465,2.717815,1491.175927757953,1496.49,-5.314072242046905,direct_CTD_depth,1515.0,FIO_CTD_Data_Daly_2/Daly_CTD_WB0512/WB0512_DSH10_Cast1.csv,https://data.gulfresearchinitiative.org/data/Y1.x030.000:0007
GRIIDC_Y1x030x0007,GRIIDC_DSH10_cast1_Latitude_28_58.68_Longitude_087_52.18,Gulf of Mexico / West Florida Shelf,global_augmentation,2012-05-10 23:15:11,28.978,-87.86966666666666,750.0,,6.1118500000000004,34.90135,1.08945,3.270265,1487.2837765229917,1496.45,-9.166223477008316,direct_CTD_depth,1515.0,FIO_CTD_Data_Daly_2/Daly_CTD_WB0512/WB0512_DSH10_Cast1.csv,https://data.gulfresearchinitiative.org/data/Y1.x030.000:0007
GRIIDC_Y1x030x0007,GRIIDC_DSH10_cast1_Latitude_28_58.68_Longitude_087_52.18,Gulf of Mexico / West Florida Shelf,global_augmentation,2012-05-10 23:15:11,28.978,-87.86966666666666,1000.0,,5.2219,34.92465,1.03435,3.8693400000000002,1487.8880754915142,1496.45,-8.561924508485845,direct_CTD_depth,1515.0,FIO_CTD_Data_Daly_2/Daly_CTD_WB0512/WB0512_DSH10_Cast1.csv,https://data.gulfresearchinitiative.org/data/Y1.x030.000:0007
GRIIDC_Y1x030x0007,GRIIDC_DSH10_cast1_Latitude_28_58.68_Longitude_087_52.18,Gulf of Mexico / West Florida Shelf,global_augmentation,2012-05-10 23:15:11,28.978,-87.86966666666666,1250.0,,4.5367999999999995,34.9521,0.9515499999999999,4.452425,1489.287352663684,1494.24,-4.952647336315977,direct_CTD_depth,1515.0,FIO_CTD_Data_Daly_2/Daly_CTD_WB0512/WB0512_DSH10_Cast1.csv,https://data.gulfresearchinitiative.org/data/Y1.x030.000:0007
GRIIDC_Y1x030x0007,GRIIDC_DSH10_cast1_Latitude_28_58.68_Longitude_087_52.18,Gulf of Mexico / West Florida Shelf,global_augmentation,2012-05-10 23:15:11,28.978,-87.86966666666666,1500.0,,4.3241,34.964,0.9324,4.62959,1492.6092157823066,1494.85,-2.2407842176933173,direct_CTD_depth,1515.0,FIO_CTD_Data_Daly_2/Daly_CTD_WB0512/WB0512_DSH10_Cast1.csv,https://data.gulfresearchinitiative.org/data/Y1.x030.000:0007
GRIIDC_Y1x030x0007,GRIIDC_DSH10_cast2_Latitude_28_58.54_Longitude_087_52.09,Gulf of Mexico / West Florida Shelf,global_augmentation,2012-05-11 01:24:31,28.975666666666665,-87.86816666666667,1.0,,23.75645,25.2828,1.4321000000000002,5.070095,1520.6360773069216,1493.62,27.016077306921716,direct_CTD_depth,103.0,FIO_CTD_Data_Daly_2/Daly_CTD_WB0512/WB0512_DSH10_Cast2.csv,https://data.gulfresearchinitiative.org/data/Y1.x030.000:0007
GRIIDC_Y1x030x0007,GRIIDC_DSH10_cast2_Latitude_28_58.54_Longitude_087_52.09,Gulf of Mexico / West Florida Shelf,global_augmentation,2012-05-11 01:24:31,28.975666666666665,-87.86816666666667,2.0,,24.86595,31.92995,1.14325,4.647225,1530.6753650152864,1493.62,37.0553650152865,direct_CTD_depth,103.0,FIO_CTD_Data_Daly_2/Daly_CTD_WB0512/WB0512_DSH10_Cast2.csv,https://data.gulfresearchinitiative.org/data/Y1.x030.000:0007
GRIIDC_Y1x030x0007,GRIIDC_DSH10_cast2_Latitude_28_58.54_Longitude_087_52.09,Gulf of Mexico / West Florida Shelf,global_augmentation,2012-05-11 01:24:31,28.975666666666665,-87.86816666666667,5.0,,25.462699999999998,34.57605,1.03415,4.53641,1535.0140486775445,1493.62,41.39404867754456,direct_CTD_depth,103.0,FIO_CTD_Data_Daly_2/Daly_CTD_WB0512/WB0512_DSH10_Cast2.csv,https://data.gulfresearchinitiative.org/data/Y1.x030.000:0007
GRIIDC_Y1x030x0007,GRIIDC_DSH10_cast2_Latitude_28_58.54_Longitude_087_52.09,Gulf of Mexico / West Florida Shelf,global_augmentation,2012-05-11 01:24:31,28.975666666666665,-87.86816666666667,10.0,,25.36155,34.8977,1.06365,4.5477,1535.2042889698414,1493.62,41.58428896984151,direct_CTD_depth,103.0,FIO_CTD_Data_Daly_2/Daly_CTD_WB0512/WB0512_DSH10_Cast2.csv,https://data.gulfresearchinitiative.org/data/Y1.x030.000:0007
GRIIDC_Y1x030x0007,GRIIDC_DSH10_cast2_Latitude_28_58.54_Longitude_087_52.09,Gulf of Mexico / West Florida Shelf,global_augmentation,2012-05-11 01:24:31,28.975666666666665,-87.86816666666667,20.0,,24.379350000000002,35.9187,1.10865,4.546225,1534.1285907583524,1493.62,40.50859075835251,direct_CTD_depth,103.0,FIO_CTD_Data_Daly_2/Daly_CTD_WB0512/WB0512_DSH10_Cast2.csv,https://data.gulfresearchinitiative.org/data/Y1.x030.000:0007
GRIIDC_Y1x030x0007,GRIIDC_DSH10_cast2_Latitude_28_58.54_Longitude_087_52.09,Gulf of Mexico / West Florida Shelf,global_augmentation,2012-05-11 01:24:31,28.975666666666665,-87.86816666666667,30.0,,23.884500000000003,36.2679,1.1275499999999998,4.377245,1533.4684436327113,1493.62,39.84844363271145,direct_CTD_depth,103.0,FIO_CTD_Data_Daly_2/Daly_CTD_WB0512/WB0512_DSH10_Cast2.csv,https://data.gulfresearchinitiative.org/data/Y1.x030.000:0007
GRIIDC_Y1x030x0007,GRIIDC_DSH10_cast2_Latitude_28_58.54_Longitude_087_52.09,Gulf of Mexico / West Florida Shelf,global_augmentation,2012-05-11 01:24:31,28.975666666666665,-87.86816666666667,50.0,,22.48405,36.435100000000006,1.11945,4.6874649999999995,1530.4769326017545,1493.62,36.85693260175458,direct_CTD_depth,103.0,FIO_CTD_Data_Daly_2/Daly_CTD_WB0512/WB0512_DSH10_Cast2.csv,https://data.gulfresearchinitiative.org/data/Y1.x030.000:0007
GRIIDC_Y1x030x0007,GRIIDC_DSH10_cast2_Latitude_28_58.54_Longitude_087_52.09,Gulf of Mexico / West Florida Shelf,global_augmentation,2012-05-11 01:24:31,28.975666666666665,-87.86816666666667,75.0,,21.0947,36.4321,1.2511999999999999,3.7236849999999997,1527.2649300672158,1481.51,45.75493006721581,direct_CTD_depth,103.0,FIO_CTD_Data_Daly_2/Daly_CTD_WB0512/WB0512_DSH10_Cast2.csv,https://data.gulfresearchinitiative.org/data/Y1.x030.000:0007
GRIIDC_Y1x030x0007,GRIIDC_DSH10_cast2_Latitude_28_58.54_Longitude_087_52.09,Gulf of Mexico / West Florida Shelf,global_augmentation,2012-05-11 01:24:31,28.975666666666665,-87.86816666666667,100.0,,19.381500000000003,36.4758,1.0950000000000002,3.2194450000000003,1523.060830723586,1481.51,41.55083072358593,direct_CTD_depth,103.0,FIO_CTD_Data_Daly_2/Daly_CTD_WB0512/WB0512_DSH10_Cast2.csv,https://data.gulfresearchinitiative.org/data/Y1.x030.000:0007
GRIIDC_Y1x030x0007,GRIIDC_DSH10_cast2_Latitude_28_58.58_Longitude_087_52.08,Gulf of Mexico / West Florida Shelf,global_augmentation,2012-02-23 00:31:36,28.976333333333333,-87.868,1.0,,21.0317,24.5381,3.5123,5.65803,1512.5164341992152,1484.85,27.666434199215246,direct_CTD_depth,100.0,FIO_CTD_Data_Daly_2/Daly_CTD_WB0212/WB0212_dsh10_cast2.csv,https://data.gulfresearchinitiative.org/data/Y1.x030.000:0007
GRIIDC_Y1x030x0007,GRIIDC_DSH10_cast2_Latitude_28_58.58_Longitude_087_52.08,Gulf of Mexico / West Florida Shelf,global_augmentation,2012-02-23 00:31:36,28.976333333333333,-87.868,2.0,,21.0791,35.0879,1.0294,4.6669,1524.5218605179691,1484.85,39.67186051796921,direct_CTD_depth,100.0,FIO_CTD_Data_Daly_2/Daly_CTD_WB0212/WB0212_dsh10_cast2.csv,https://data.gulfresearchinitiative.org/data/Y1.x030.000:0007
GRIIDC_Y1x030x0007,GRIIDC_DSH10_cast2_Latitude_28_58.58_Longitude_087_52.08,Gulf of Mexico / West Florida Shelf,global_augmentation,2012-02-23 00:31:36,28.976333333333333,-87.868,5.0,,21.0877,36.0883,0.738,5.04099,1525.7180279546633,1484.85,40.868027954663376,direct_CTD_depth,100.0,FIO_CTD_Data_Daly_2/Daly_CTD_WB0212/WB0212_dsh10_cast2.csv,https://data.gulfresearchinitiative.org/data/Y1.x030.000:0007
GRIIDC_Y1x030x0007,GRIIDC_DSH10_cast2_Latitude_28_58.58_Longitude_087_52.08,Gulf of Mexico / West Florida Shelf,global_augmentation,2012-02-23 00:31:36,28.976333333333333,-87.868,10.0,,21.0899,36.0893,0.7183,5.02793,1525.8065152040424,1484.85,40.95651520404249,direct_CTD_depth,100.0,FIO_CTD_Data_Daly_2/Daly_CTD_WB0212/WB0212_dsh10_cast2.csv,https://data.gulfresearchinitiative.org/data/Y1.x030.000:0007
GRIIDC_Y1x030x0007,GRIIDC_DSH10_cast2_Latitude_28_58.58_Longitude_087_52.08,Gulf of Mexico / West Florida Shelf,global_augmentation,2012-02-23 00:31:36,28.976333333333333,-87.868,20.0,,21.1123,36.2355,0.7309,4.97386,1526.193386844092,1484.85,41.34338684409204,direct_CTD_depth,100.0,FIO_CTD_Data_Daly_2/Daly_CTD_WB0212/WB0212_dsh10_cast2.csv,https://data.gulfresearchinitiative.org/data/Y1.x030.000:0007
GRIIDC_Y1x030x0007,GRIIDC_DSH10_cast2_Latitude_28_58.58_Longitude_087_52.08,Gulf of Mexico / West Florida Shelf,global_augmentation,2012-02-23 00:31:36,28.976333333333333,-87.868,30.0,,21.1283,36.2529,0.74,5.00889,1526.4185074140687,1505.54,20.878507414068736,direct_CTD_depth,100.0,FIO_CTD_Data_Daly_2/Daly_CTD_WB0212/WB0212_dsh10_cast2.csv,https://data.gulfresearchinitiative.org/data/Y1.x030.000:0007
GRIIDC_Y1x030x0007,GRIIDC_DSH10_cast2_Latitude_28_58.58_Longitude_087_52.08,Gulf of Mexico / West Florida Shelf,global_augmentation,2012-02-23 00:31:36,28.976333333333333,-87.868,50.0,,21.333,36.3718,0.7356,4.78085,1527.4199479582896,1505.54,21.879947958289677,direct_CTD_depth,100.0,FIO_CTD_Data_Daly_2/Daly_CTD_WB0212/WB0212_dsh10_cast2.csv,https://data.gulfresearchinitiative.org/data/Y1.x030.000:0007
GRIIDC_Y1x030x0007,GRIIDC_DSH10_cast2_Latitude_28_58.58_Longitude_087_52.08,Gulf of Mexico / West Florida Shelf,global_augmentation,2012-02-23 00:31:36,28.976333333333333,-87.868,75.0,,21.401,36.4619,0.6952,4.64736,1528.1081492674587,1505.54,22.568149267458693,direct_CTD_depth,100.0,FIO_CTD_Data_Daly_2/Daly_CTD_WB0212/WB0212_dsh10_cast2.csv,https://data.gulfresearchinitiative.org/data/Y1.x030.000:0007
GRIIDC_Y1x030x0007,GRIIDC_DSH10_cast2_Latitude_28_58.58_Longitude_087_52.08,Gulf of Mexico / West Florida Shelf,global_augmentation,2012-02-23 00:31:36,28.976333333333333,-87.868,100.0,,20.7505,36.4444,0.6995,3.95334,1526.7684785955341,1521.63,5.138478595534025,direct_CTD_depth,100.0,FIO_CTD_Data_Daly_2/Daly_CTD_WB0212/WB0212_dsh10_cast2.csv,https://data.gulfresearchinitiative.org/data/Y1.x030.000:0007
GRIIDC_Y1x030x0007,GRIIDC_DSH10_cast2_Latitude_28_58.60_Longitude_087_52.11,Gulf of Mexico / West Florida Shelf,global_augmentation,2011-09-25 10:48:45,28.976666666666667,-87.8685,1.0,,27.99515,31.1199,0.8319000000000001,4.690935,1537.0558372441446,1505.38,31.67583724414453,direct_CTD_depth,1487.0,FIO_CTD_Data_Daly_2/Daly_CTD_WB0911/WB0911_DSH10_Cast2.csv,https://data.gulfresearchinitiative.org/data/Y1.x030.000:0007
GRIIDC_Y1x030x0007,GRIIDC_DSH10_cast2_Latitude_28_58.60_Longitude_087_52.11,Gulf of Mexico / West Florida Shelf,global_augmentation,2011-09-25 10:48:45,28.976666666666667,-87.8685,2.0,,28.13425,31.85705,0.8203499999999999,4.263975,1538.1553955597537,1505.38,32.77539555975363,direct_CTD_depth,1487.0,FIO_CTD_Data_Daly_2/Daly_CTD_WB0911/WB0911_DSH10_Cast2.csv,https://data.gulfresearchinitiative.org/data/Y1.x030.000:0007
GRIIDC_Y1x030x0007,GRIIDC_DSH10_cast2_Latitude_28_58.60_Longitude_087_52.11,Gulf of Mexico / West Florida Shelf,global_augmentation,2011-09-25 10:48:45,28.976666666666667,-87.8685,5.0,,28.40475,32.450900000000004,0.79965,4.36783,1539.420516343694,1505.38,34.04051634369398,direct_CTD_depth,1487.0,FIO_CTD_Data_Daly_2/Daly_CTD_WB0911/WB0911_DSH10_Cast2.csv,https://data.gulfresearchinitiative.org/data/Y1.x030.000:0007
GRIIDC_Y1x030x0007,GRIIDC_DSH10_cast2_Latitude_28_58.60_Longitude_087_52.11,Gulf of Mexico / West Florida Shelf,global_augmentation,2011-09-25 10:48:45,28.976666666666667,-87.8685,10.0,,28.853900000000003,34.07295,0.7888999999999999,4.2652,1542.1677607975496,1505.38,36.78776079754948,direct_CTD_depth,1487.0,FIO_CTD_Data_Daly_2/Daly_CTD_WB0911/WB0911_DSH10_Cast2.csv,https://data.gulfresearchinitiative.org/data/Y1.x030.000:0007
GRIIDC_Y1x030x0007,GRIIDC_DSH10_cast2_Latitude_28_58.60_Longitude_087_52.11,Gulf of Mexico / West Florida Shelf,global_augmentation,2011-09-25 10:48:45,28.976666666666667,-87.8685,20.0,,28.9008,35.3136,0.7652,4.2731650000000005,1543.7257086628988,1505.38,38.34570866289869,direct_CTD_depth,1487.0,FIO_CTD_Data_Daly_2/Daly_CTD_WB0911/WB0911_DSH10_Cast2.csv,https://data.gulfresearchinitiative.org/data/Y1.x030.000:0007
GRIIDC_Y1x030x0007,GRIIDC_DSH10_cast2_Latitude_28_58.60_Longitude_087_52.11,Gulf of Mexico / West Florida Shelf,global_augmentation,2011-09-25 10:48:45,28.976666666666667,-87.8685,30.0,,28.72265,35.643699999999995,0.77675,4.304045,1543.855792487166,1512.795,31.060792487165827,direct_CTD_depth,1487.0,FIO_CTD_Data_Daly_2/Daly_CTD_WB0911/WB0911_DSH10_Cast2.csv,https://data.gulfresearchinitiative.org/data/Y1.x030.000:0007
GRIIDC_Y1x030x0007,GRIIDC_DSH10_cast2_Latitude_28_58.60_Longitude_087_52.11,Gulf of Mexico / West Florida Shelf,global_augmentation,2011-09-25 10:48:45,28.976666666666667,-87.8685,50.0,,23.7579,36.250299999999996,0.81725,2.68447,1533.464584886746,1512.795,20.66958488674595,direct_CTD_depth,1487.0,FIO_CTD_Data_Daly_2/Daly_CTD_WB0911/WB0911_DSH10_Cast2.csv,https://data.gulfresearchinitiative.org/data/Y1.x030.000:0007
GRIIDC_Y1x030x0007,GRIIDC_DSH10_cast2_Latitude_28_58.60_Longitude_087_52.11,Gulf of Mexico / West Florida Shelf,global_augmentation,2011-09-25 10:48:45,28.976666666666667,-87.8685,75.0,,21.604100000000003,36.45015,0.829,3.34788,1528.6280055454401,1512.795,15.833005545440074,direct_CTD_depth,1487.0,FIO_CTD_Data_Daly_2/Daly_CTD_WB0911/WB0911_DSH10_Cast2.csv,https://data.gulfresearchinitiative.org/data/Y1.x030.000:0007
GRIIDC_Y1x030x0007,GRIIDC_DSH10_cast2_Latitude_28_58.60_Longitude_087_52.11,Gulf of Mexico / West Florida Shelf,global_augmentation,2011-09-25 10:48:45,28.976666666666667,-87.8685,100.0,,19.75395,36.4483,0.84075,3.013565,1524.0622911648304,1515.375,8.687291164830413,direct_CTD_depth,1487.0,FIO_CTD_Data_Daly_2/Daly_CTD_WB0911/WB0911_DSH10_Cast2.csv,https://data.gulfresearchinitiative.org/data/Y1.x030.000:0007
GRIIDC_Y1x030x0007,GRIIDC_DSH10_cast2_Latitude_28_58.60_Longitude_087_52.11,Gulf of Mexico / West Florida Shelf,global_augmentation,2011-09-25 10:48:45,28.976666666666667,-87.8685,150.0,,17.041600000000003,36.259550000000004,0.7564,3.041855,1516.8857545881865,1515.375,1.5107545881865008,direct_CTD_depth,1487.0,FIO_CTD_Data_Daly_2/Daly_CTD_WB0911/WB0911_DSH10_Cast2.csv,https://data.gulfresearchinitiative.org/data/Y1.x030.000:0007
GRIIDC_Y1x030x0007,GRIIDC_DSH10_cast2_Latitude_28_58.60_Longitude_087_52.11,Gulf of Mexico / West Florida Shelf,global_augmentation,2011-09-25 10:48:45,28.976666666666667,-87.8685,200.0,,15.138349999999999,35.97165,0.7052499999999999,3.042695,1511.5464625804664,1511.865,-0.3185374195336408,direct_CTD_depth,1487.0,FIO_CTD_Data_Daly_2/Daly_CTD_WB0911/WB0911_DSH10_Cast2.csv,https://data.gulfresearchinitiative.org/data/Y1.x030.000:0007
GRIIDC_Y1x030x0007,GRIIDC_DSH10_cast2_Latitude_28_58.60_Longitude_087_52.11,Gulf of Mexico / West Florida Shelf,global_augmentation,2011-09-25 10:48:45,28.976666666666667,-87.8685,300.0,,12.1838,35.50735,0.7018,2.779865,1502.973000545102,1508.33,-5.356999454897959,direct_CTD_depth,1487.0,FIO_CTD_Data_Daly_2/Daly_CTD_WB0911/WB0911_DSH10_Cast2.csv,https://data.gulfresearchinitiative.org/data/Y1.x030.000:0007
GRIIDC_Y1x030x0007,GRIIDC_DSH10_cast2_Latitude_28_58.60_Longitude_087_52.11,Gulf of Mexico / West Florida Shelf,global_augmentation,2011-09-25 10:48:45,28.976666666666667,-87.8685,400.0,,9.981449999999999,35.188050000000004,0.6871499999999999,2.7017550000000004,1496.5156694388852,1505.495,-8.979330561114693,direct_CTD_depth,1487.0,FIO_CTD_Data_Daly_2/Daly_CTD_WB0911/WB0911_DSH10_Cast2.csv,https://data.gulfresearchinitiative.org/data/Y1.x030.000:0007
GRIIDC_Y1x030x0007,GRIIDC_DSH10_cast2_Latitude_28_58.60_Longitude_087_52.11,Gulf of Mexico / West Florida Shelf,global_augmentation,2011-09-25 10:48:45,28.976666666666667,-87.8685,500.0,,8.524799999999999,35.017799999999994,0.66995,2.7361750000000002,1492.6033065545269,1505.495,-12.891693445473038,direct_CTD_depth,1487.0,FIO_CTD_Data_Daly_2/Daly_CTD_WB0911/WB0911_DSH10_Cast2.csv,https://data.gulfresearchinitiative.org/data/Y1.x030.000:0007
GRIIDC_Y1x030x0007,GRIIDC_DSH10_cast2_Latitude_28_58.60_Longitude_087_52.11,Gulf of Mexico / West Florida Shelf,global_augmentation,2011-09-25 10:48:45,28.976666666666667,-87.8685,750.0,,6.2428,34.90105,0.65235,3.31033,1487.802426806016,1500.02,-12.21757319398398,direct_CTD_depth,1487.0,FIO_CTD_Data_Daly_2/Daly_CTD_WB0911/WB0911_DSH10_Cast2.csv,https://data.gulfresearchinitiative.org/data/Y1.x030.000:0007
GRIIDC_Y1x030x0007,GRIIDC_DSH10_cast2_Latitude_28_58.60_Longitude_087_52.11,Gulf of Mexico / West Florida Shelf,global_augmentation,2011-09-25 10:48:45,28.976666666666667,-87.8685,1000.0,,5.15175,34.92745,0.64925,3.9662100000000002,1487.6068705830075,1498.2649999999999,-10.658129416992324,direct_CTD_depth,1487.0,FIO_CTD_Data_Daly_2/Daly_CTD_WB0911/WB0911_DSH10_Cast2.csv,https://data.gulfresearchinitiative.org/data/Y1.x030.000:0007
GRIIDC_Y1x030x0007,GRIIDC_DSH10_cast2_Latitude_28_58.60_Longitude_087_52.11,Gulf of Mexico / West Florida Shelf,global_augmentation,2011-09-25 10:48:45,28.976666666666667,-87.8685,1250.0,,4.492,34.955349999999996,0.63935,4.550940000000001,1489.1067256019508,1496.8449999999998,-7.738274398049043,direct_CTD_depth,1487.0,FIO_CTD_Data_Daly_2/Daly_CTD_WB0911/WB0911_DSH10_Cast2.csv,https://data.gulfresearchinitiative.org/data/Y1.x030.000:0007
GRIIDC_Y1x030x0007,GRIIDC_DSH10_cast2_Latitude_28_58.654_Longitude_87_52.128,Gulf of Mexico / West Florida Shelf,global_augmentation,2011-05-07 22:39:57,28.977566666666668,-87.8688,1.0,,23.7287,24.4389,0.7907,5.68572,1519.6390903660858,1487.06,32.57909036608589,direct_CTD_depth,302.0,FIO_CTD_Data_Daly_2/Daly_CTD_WB0511/WB0511_DSH10_Cast2.csv,https://data.gulfresearchinitiative.org/data/Y1.x030.000:0007
GRIIDC_Y1x030x0007,GRIIDC_DSH10_cast2_Latitude_28_58.654_Longitude_87_52.128,Gulf of Mexico / West Florida Shelf,global_augmentation,2011-05-07 22:39:57,28.977566666666668,-87.8688,2.0,,24.70615,36.4296,0.57545,5.199965000000001,1535.1769869510501,1501.375,33.80198695105014,direct_CTD_depth,302.0,FIO_CTD_Data_Daly_2/Daly_CTD_WB0511/WB0511_DSH10_Cast2.csv,https://data.gulfresearchinitiative.org/data/Y1.x030.000:0007
GRIIDC_Y1x030x0007,GRIIDC_DSH10_cast2_Latitude_28_58.654_Longitude_87_52.128,Gulf of Mexico / West Florida Shelf,global_augmentation,2011-05-07 22:39:57,28.977566666666668,-87.8688,5.0,,24.716900000000003,36.636799999999994,0.51535,4.7213,1535.4767357061248,1501.375,34.10173570612483,direct_CTD_depth,302.0,FIO_CTD_Data_Daly_2/Daly_CTD_WB0511/WB0511_DSH10_Cast2.csv,https://data.gulfresearchinitiative.org/data/Y1.x030.000:0007
GRIIDC_Y1x030x0007,GRIIDC_DSH10_cast2_Latitude_28_58.654_Longitude_87_52.128,Gulf of Mexico / West Florida Shelf,global_augmentation,2011-05-07 22:39:57,28.977566666666668,-87.8688,10.0,,24.6648,36.63325,0.50745,4.73723,1535.4299113283307,1501.375,34.05491132833072,direct_CTD_depth,302.0,FIO_CTD_Data_Daly_2/Daly_CTD_WB0511/WB0511_DSH10_Cast2.csv,https://data.gulfresearchinitiative.org/data/Y1.x030.000:0007
GRIIDC_Y1x030x0007,GRIIDC_DSH10_cast2_Latitude_28_58.654_Longitude_87_52.128,Gulf of Mexico / West Florida Shelf,global_augmentation,2011-05-07 22:39:57,28.977566666666668,-87.8688,20.0,,24.52395,36.6282,0.48355000000000004,4.75211,1535.249975031606,1501.375,33.87497503160603,direct_CTD_depth,302.0,FIO_CTD_Data_Daly_2/Daly_CTD_WB0511/WB0511_DSH10_Cast2.csv,https://data.gulfresearchinitiative.org/data/Y1.x030.000:0007
GRIIDC_Y1x030x0007,GRIIDC_DSH10_cast2_Latitude_28_58.654_Longitude_87_52.128,Gulf of Mexico / West Florida Shelf,global_augmentation,2011-05-07 22:39:57,28.977566666666668,-87.8688,30.0,,24.5028,36.6228,0.48150000000000004,4.74857,1535.3563785558524,1513.45,21.90637855585237,direct_CTD_depth,302.0,FIO_CTD_Data_Daly_2/Daly_CTD_WB0511/WB0511_DSH10_Cast2.csv,https://data.gulfresearchinitiative.org/data/Y1.x030.000:0007
GRIIDC_Y1x030x0007,GRIIDC_DSH10_cast2_Latitude_28_58.654_Longitude_87_52.128,Gulf of Mexico / West Florida Shelf,global_augmentation,2011-05-07 22:39:57,28.977566666666668,-87.8688,50.0,,21.945950000000003,36.48224999999999,0.56245,5.158815000000001,1529.145936470215,1513.45,15.695936470214974,direct_CTD_depth,302.0,FIO_CTD_Data_Daly_2/Daly_CTD_WB0511/WB0511_DSH10_Cast2.csv,https://data.gulfresearchinitiative.org/data/Y1.x030.000:0007
GRIIDC_Y1x030x0007,GRIIDC_DSH10_cast2_Latitude_28_58.654_Longitude_87_52.128,Gulf of Mexico / West Florida Shelf,global_augmentation,2011-05-07 22:39:57,28.977566666666668,-87.8688,75.0,,20.387349999999998,36.48545,0.6098,4.747455,1525.4277872619698,1513.45,11.977787261969752,direct_CTD_depth,302.0,FIO_CTD_Data_Daly_2/Daly_CTD_WB0511/WB0511_DSH10_Cast2.csv,https://data.gulfresearchinitiative.org/data/Y1.x030.000:0007
GRIIDC_Y1x030x0007,GRIIDC_DSH10_cast2_Latitude_28_58.654_Longitude_87_52.128,Gulf of Mexico / West Florida Shelf,global_augmentation,2011-05-07 22:39:57,28.977566666666668,-87.8688,100.0,,18.380200000000002,36.3934,0.591,3.33575,1520.1353226617878,1513.45,6.685322661787723,direct_CTD_depth,302.0,FIO_CTD_Data_Daly_2/Daly_CTD_WB0511/WB0511_DSH10_Cast2.csv,https://data.gulfresearchinitiative.org/data/Y1.x030.000:0007
GRIIDC_Y1x030x0007,GRIIDC_DSH10_cast2_Latitude_28_58.654_Longitude_87_52.128,Gulf of Mexico / West Florida Shelf,global_augmentation,2011-05-07 22:39:57,28.977566666666668,-87.8688,150.0,,16.3344,36.163,0.5971500000000001,3.138305,1514.646562356782,1519.975,-5.328437643217967,direct_CTD_depth,302.0,FIO_CTD_Data_Daly_2/Daly_CTD_WB0511/WB0511_DSH10_Cast2.csv,https://data.gulfresearchinitiative.org/data/Y1.x030.000:0007
GRIIDC_Y1x030x0007,GRIIDC_DSH10_cast2_Latitude_28_58.654_Longitude_87_52.128,Gulf of Mexico / West Florida Shelf,global_augmentation,2011-05-07 22:39:57,28.977566666666668,-87.8688,200.0,,14.569949999999999,35.88225,0.65605,2.910455,1509.642469955076,1519.975,-10.332530044923942,direct_CTD_depth,302.0,FIO_CTD_Data_Daly_2/Daly_CTD_WB0511/WB0511_DSH10_Cast2.csv,https://data.gulfresearchinitiative.org/data/Y1.x030.000:0007
GRIIDC_Y1x030x0007,GRIIDC_DSH10_cast2_Latitude_28_58.654_Longitude_87_52.128,Gulf of Mexico / West Florida Shelf,global_augmentation,2011-05-07 22:39:57,28.977566666666668,-87.8688,300.0,,11.751000000000001,35.43755,0.55855,2.797345,1501.4084398670034,1515.69,-14.281560132996674,direct_CTD_depth,302.0,FIO_CTD_Data_Daly_2/Daly_CTD_WB0511/WB0511_DSH10_Cast2.csv,https://data.gulfresearchinitiative.org/data/Y1.x030.000:0007
GRIIDC_Y1x030x0007,GRIIDC_DSH10_cast2_Latitude_28_59.076_Longitude_87_51.582,Gulf of Mexico / West Florida Shelf,global_augmentation,2011-02-20 04:00:01,28.9846,-87.8597,1.0,,19.5767,24.480800000000002,0.44689999999999996,5.510630000000001,1508.3217108898027,1470.26,38.061710889802725,direct_CTD_depth,502.0,FIO_CTD_Data_Daly_2/Daly_CTD_WB0211/WB0211_dsh10_cast2.csv,https://data.gulfresearchinitiative.org/data/Y1.x030.000:0007
GRIIDC_Y1x030x0007,GRIIDC_DSH10_cast2_Latitude_28_59.076_Longitude_87_51.582,Gulf of Mexico / West Florida Shelf,global_augmentation,2011-02-20 04:00:01,28.9846,-87.8597,2.0,,20.311799999999998,34.7209,0.5314000000000001,5.2797149999999995,1522.0349341421904,1470.26,51.77493414219043,direct_CTD_depth,502.0,FIO_CTD_Data_Daly_2/Daly_CTD_WB0211/WB0211_dsh10_cast2.csv,https://data.gulfresearchinitiative.org/data/Y1.x030.000:0007
GRIIDC_Y1x030x0007,GRIIDC_DSH10_cast2_Latitude_28_59.076_Longitude_87_51.582,Gulf of Mexico / West Florida Shelf,global_augmentation,2011-02-20 04:00:01,28.9846,-87.8597,5.0,,20.4159,36.46405,0.5740000000000001,4.794560000000001,1524.3389712044043,1470.26,54.0789712044043,direct_CTD_depth,502.0,FIO_CTD_Data_Daly_2/Daly_CTD_WB0211/WB0211_dsh10_cast2.csv,https://data.gulfresearchinitiative.org/data/Y1.x030.000:0007
GRIIDC_Y1x030x0007,GRIIDC_DSH10_cast2_Latitude_28_59.076_Longitude_87_51.582,Gulf of Mexico / West Florida Shelf,global_augmentation,2011-02-20 04:00:01,28.9846,-87.8597,10.0,,20.20715,36.49525,0.6479999999999999,4.8211200000000005,1523.889037072289,1470.26,53.629037072289066,direct_CTD_depth,502.0,FIO_CTD_Data_Daly_2/Daly_CTD_WB0211/WB0211_dsh10_cast2.csv,https://data.gulfresearchinitiative.org/data/Y1.x030.000:0007
GRIIDC_Y1x030x0007,GRIIDC_DSH10_cast2_Latitude_28_59.076_Longitude_87_51.582,Gulf of Mexico / West Florida Shelf,global_augmentation,2011-02-20 04:00:01,28.9846,-87.8597,20.0,,19.973599999999998,36.48805,0.8464499999999999,4.849225,1523.4058662666287,1470.26,53.14586626662867,direct_CTD_depth,502.0,FIO_CTD_Data_Daly_2/Daly_CTD_WB0211/WB0211_dsh10_cast2.csv,https://data.gulfresearchinitiative.org/data/Y1.x030.000:0007
GRIIDC_Y1x030x0007,GRIIDC_DSH10_cast2_Latitude_28_59.076_Longitude_87_51.582,Gulf of Mexico / West Florida Shelf,global_augmentation,2011-02-20 04:00:01,28.9846,-87.8597,30.0,,19.9262,36.47935,0.95715,4.79519,1523.4290544107155,1492.435,30.994054410715535,direct_CTD_depth,502.0,FIO_CTD_Data_Daly_2/Daly_CTD_WB0211/WB0211_dsh10_cast2.csv,https://data.gulfresearchinitiative.org/data/Y1.x030.000:0007
GRIIDC_Y1x030x0007,GRIIDC_DSH10_cast2_Latitude_28_59.076_Longitude_87_51.582,Gulf of Mexico / West Florida Shelf,global_augmentation,2011-02-20 04:00:01,28.9846,-87.8597,50.0,,19.7056,36.4464,1.0243,4.798954999999999,1523.110417056569,1492.435,30.67541705656913,direct_CTD_depth,502.0,FIO_CTD_Data_Daly_2/Daly_CTD_WB0211/WB0211_dsh10_cast2.csv,https://data.gulfresearchinitiative.org/data/Y1.x030.000:0007
GRIIDC_Y1x030x0007,GRIIDC_DSH10_cast2_Latitude_28_59.076_Longitude_87_51.582,Gulf of Mexico / West Florida Shelf,global_augmentation,2011-02-20 04:00:01,28.9846,-87.8597,75.0,,19.52895,36.4283,1.0652,4.91181,1523.0086162352013,1492.435,30.57361623520137,direct_CTD_depth,502.0,FIO_CTD_Data_Daly_2/Daly_CTD_WB0211/WB0211_dsh10_cast2.csv,https://data.gulfresearchinitiative.org/data/Y1.x030.000:0007
GRIIDC_Y1x030x0007,GRIIDC_DSH10_cast2_Latitude_28_59.076_Longitude_87_51.582,Gulf of Mexico / West Florida Shelf,global_augmentation,2011-02-20 04:00:01,28.9846,-87.8597,100.0,,19.442700000000002,36.4226,1.1292,4.83029,1523.1705877489755,1508.46,14.710587748975513,direct_CTD_depth,502.0,FIO_CTD_Data_Daly_2/Daly_CTD_WB0211/WB0211_dsh10_cast2.csv,https://data.gulfresearchinitiative.org/data/Y1.x030.000:0007
GRIIDC_Y1x030x0007,GRIIDC_DSH10_cast2_Latitude_28_59.076_Longitude_87_51.582,Gulf of Mexico / West Florida Shelf,global_augmentation,2011-02-20 04:00:01,28.9846,-87.8597,150.0,,18.942050000000002,36.3634,1.09365,4.218154999999999,1522.5165724262197,1510.995,11.521572426219791,direct_CTD_depth,502.0,FIO_CTD_Data_Daly_2/Daly_CTD_WB0211/WB0211_dsh10_cast2.csv,https://data.gulfresearchinitiative.org/data/Y1.x030.000:0007
GRIIDC_Y1x030x0007,GRIIDC_DSH10_cast2_Latitude_28_59.076_Longitude_87_51.582,Gulf of Mexico / West Florida Shelf,global_augmentation,2011-02-20 04:00:01,28.9846,-87.8597,200.0,,15.3903,36.006550000000004,1.1857,2.82597,1512.3757575249554,1511.35,1.025757524955452,direct_CTD_depth,502.0,FIO_CTD_Data_Daly_2/Daly_CTD_WB0211/WB0211_dsh10_cast2.csv,https://data.gulfresearchinitiative.org/data/Y1.x030.000:0007
GRIIDC_Y1x030x0007,GRIIDC_DSH10_cast2_Latitude_28_59.076_Longitude_87_51.582,Gulf of Mexico / West Florida Shelf,global_augmentation,2011-02-20 04:00:01,28.9846,-87.8597,300.0,,11.3596,35.39085,1.17005,2.672485,1499.9986933619198,1510.55,-10.551306638080177,direct_CTD_depth,502.0,FIO_CTD_Data_Daly_2/Daly_CTD_WB0211/WB0211_dsh10_cast2.csv,https://data.gulfresearchinitiative.org/data/Y1.x030.000:0007
GRIIDC_Y1x030x0007,GRIIDC_DSH10_cast2_Latitude_28_59.076_Longitude_87_51.582,Gulf of Mexico / West Florida Shelf,global_augmentation,2011-02-20 04:00:01,28.9846,-87.8597,400.0,,9.1023,35.08905,1.32575,2.64072,1493.1906326839048,1508.19,-14.999367316095231,direct_CTD_depth,502.0,FIO_CTD_Data_Daly_2/Daly_CTD_WB0211/WB0211_dsh10_cast2.csv,https://data.gulfresearchinitiative.org/data/Y1.x030.000:0007
GRIIDC_Y1x030x0007,GRIIDC_DSH10_cast2_Latitude_28_59.076_Longitude_87_51.582,Gulf of Mexico / West Florida Shelf,global_augmentation,2011-02-20 04:00:01,28.9846,-87.8597,500.0,,7.973800000000001,34.972300000000004,1.48795,2.74065,1490.472021648241,1506.52,-16.047978351758957,direct_CTD_depth,502.0,FIO_CTD_Data_Daly_2/Daly_CTD_WB0211/WB0211_dsh10_cast2.csv,https://data.gulfresearchinitiative.org/data/Y1.x030.000:0007
GRIIDC_Y1x030x0007,GRIIDC_DSH10_cast3_Latitude_28_58.67_Longitude_087_51.80,Gulf of Mexico / West Florida Shelf,global_augmentation,2012-02-23 00:46:44,28.977833333333333,-87.86333333333333,1.0,,21.106,32.393550000000005,1.9122000000000001,5.39007,1521.5498256322803,1505.135,16.414825632280326,direct_CTD_depth,102.0,FIO_CTD_Data_Daly_2/Daly_CTD_WB0212/WB0212_dsh10_cast3.csv,https://data.gulfresearchinitiative.org/data/Y1.x030.000:0007
GRIIDC_Y1x030x0007,GRIIDC_DSH10_cast3_Latitude_28_58.67_Longitude_087_51.80,Gulf of Mexico / West Florida Shelf,global_augmentation,2012-02-23 00:46:44,28.977833333333333,-87.86333333333333,2.0,,21.0745,36.019099999999995,0.7983,5.241425,1525.5562316230946,1505.135,20.421231623094627,direct_CTD_depth,102.0,FIO_CTD_Data_Daly_2/Daly_CTD_WB0212/WB0212_dsh10_cast3.csv,https://data.gulfresearchinitiative.org/data/Y1.x030.000:0007
GRIIDC_Y1x030x0007,GRIIDC_DSH10_cast3_Latitude_28_58.67_Longitude_087_51.80,Gulf of Mexico / West Florida Shelf,global_augmentation,2012-02-23 00:46:44,28.977833333333333,-87.86333333333333,5.0,,21.0777,36.07415,0.7276,5.05112,1525.6755245021643,1505.135,20.540524502164317,direct_CTD_depth,102.0,FIO_CTD_Data_Daly_2/Daly_CTD_WB0212/WB0212_dsh10_cast3.csv,https://data.gulfresearchinitiative.org/data/Y1.x030.000:0007
GRIIDC_Y1x030x0007,GRIIDC_DSH10_cast3_Latitude_28_58.67_Longitude_087_51.80,Gulf of Mexico / West Florida Shelf,global_augmentation,2012-02-23 00:46:44,28.977833333333333,-87.86333333333333,10.0,,21.117350000000002,36.1626,0.7346,5.0409749999999995,1525.9618429102954,1505.135,20.826842910295454,direct_CTD_depth,102.0,FIO_CTD_Data_Daly_2/Daly_CTD_WB0212/WB0212_dsh10_cast3.csv,https://data.gulfresearchinitiative.org/data/Y1.x030.000:0007
GRIIDC_Y1x030x0007,GRIIDC_DSH10_cast3_Latitude_28_58.67_Longitude_087_51.80,Gulf of Mexico / West Florida Shelf,global_augmentation,2012-02-23 00:46:44,28.977833333333333,-87.86333333333333,20.0,,21.1158,36.2335,0.7272000000000001,4.999185000000001,1526.200435923334,1505.135,21.065435923334007,direct_CTD_depth,102.0,FIO_CTD_Data_Daly_2/Daly_CTD_WB0212/WB0212_dsh10_cast3.csv,https://data.gulfresearchinitiative.org/data/Y1.x030.000:0007
GRIIDC_Y1x030x0007,GRIIDC_DSH10_cast3_Latitude_28_58.67_Longitude_087_51.80,Gulf of Mexico / West Florida Shelf,global_augmentation,2012-02-23 00:46:44,28.977833333333333,-87.86333333333333,30.0,,21.129150000000003,36.250550000000004,0.7306,5.017705,1526.4181239127893,1514.605,11.813123912789251,direct_CTD_depth,102.0,FIO_CTD_Data_Daly_2/Daly_CTD_WB0212/WB0212_dsh10_cast3.csv,https://data.gulfresearchinitiative.org/data/Y1.x030.000:0007
GRIIDC_Y1x030x0007,GRIIDC_DSH10_cast3_Latitude_28_58.67_Longitude_087_51.80,Gulf of Mexico / West Florida Shelf,global_augmentation,2012-02-23 00:46:44,28.977833333333333,-87.86333333333333,50.0,,21.19755,36.2864,0.72685,4.90939,1526.966047824396,1514.605,12.361047824395882,direct_CTD_depth,102.0,FIO_CTD_Data_Daly_2/Daly_CTD_WB0212/WB0212_dsh10_cast3.csv,https://data.gulfresearchinitiative.org/data/Y1.x030.000:0007
GRIIDC_Y1x030x0007,GRIIDC_DSH10_cast3_Latitude_28_58.67_Longitude_087_51.80,Gulf of Mexico / West Florida Shelf,global_augmentation,2012-02-23 00:46:44,28.977833333333333,-87.86333333333333,75.0,,21.40245,36.4619,0.6796,4.694485,1528.1119655687598,1514.605,13.506965568759824,direct_CTD_depth,102.0,FIO_CTD_Data_Daly_2/Daly_CTD_WB0212/WB0212_dsh10_cast3.csv,https://data.gulfresearchinitiative.org/data/Y1.x030.000:0007
GRIIDC_Y1x030x0007,GRIIDC_DSH10_cast3_Latitude_28_58.67_Longitude_087_51.80,Gulf of Mexico / West Florida Shelf,global_augmentation,2012-02-23 00:46:44,28.977833333333333,-87.86333333333333,100.0,,20.785600000000002,36.4444,0.70985,3.915375,1526.8625571203029,1521.94,4.922557120302827,direct_CTD_depth,102.0,FIO_CTD_Data_Daly_2/Daly_CTD_WB0212/WB0212_dsh10_cast3.csv,https://data.gulfresearchinitiative.org/data/Y1.x030.000:0007
GRIIDC_Y1x030x0007,GRIIDC_DSH_Wellhead_cast1_Latitude_28_45.00_Longitude_088_23.58,Gulf of Mexico / West Florida Shelf,global_augmentation,2011-09-22 20:02:42,28.75,-88.393,1.0,,27.920749999999998,27.66195,1.01055,4.692335,1533.2465138926073,1498.6599999999999,34.5865138926074,direct_CTD_depth,1405.0,FIO_CTD_Data_Daly_2/Daly_CTD_WB0911/WB0911_DWH_Cast1.csv,https://data.gulfresearchinitiative.org/data/Y1.x030.000:0007
GRIIDC_Y1x030x0007,GRIIDC_DSH_Wellhead_cast1_Latitude_28_45.00_Longitude_088_23.58,Gulf of Mexico / West Florida Shelf,global_augmentation,2011-09-22 20:02:42,28.75,-88.393,2.0,,28.20625,32.7384,0.84745,4.31653,1539.240000431555,1498.6599999999999,40.58000043155516,direct_CTD_depth,1405.0,FIO_CTD_Data_Daly_2/Daly_CTD_WB0911/WB0911_DWH_Cast1.csv,https://data.gulfresearchinitiative.org/data/Y1.x030.000:0007
GRIIDC_Y1x030x0007,GRIIDC_DSH_Wellhead_cast1_Latitude_28_45.00_Longitude_088_23.58,Gulf of Mexico / West Florida Shelf,global_augmentation,2011-09-22 20:02:42,28.75,-88.393,5.0,,28.520899999999997,34.182950000000005,0.80435,4.25221,1541.4877165967494,1498.6599999999999,42.8277165967495,direct_CTD_depth,1405.0,FIO_CTD_Data_Daly_2/Daly_CTD_WB0911/WB0911_DWH_Cast1.csv,https://data.gulfresearchinitiative.org/data/Y1.x030.000:0007
GRIIDC_Y1x030x0007,GRIIDC_DSH_Wellhead_cast1_Latitude_28_45.00_Longitude_088_23.58,Gulf of Mexico / West Florida Shelf,global_augmentation,2011-09-22 20:02:42,28.75,-88.393,10.0,,28.7895,35.02415,0.7923,4.332205,1543.0242013315699,1498.6599999999999,44.36420133157003,direct_CTD_depth,1405.0,FIO_CTD_Data_Daly_2/Daly_CTD_WB0911/WB0911_DWH_Cast1.csv,https://data.gulfresearchinitiative.org/data/Y1.x030.000:0007
GRIIDC_Y1x030x0007,GRIIDC_DSH_Wellhead_cast1_Latitude_28_45.00_Longitude_088_23.58,Gulf of Mexico / West Florida Shelf,global_augmentation,2011-09-22 20:02:42,28.75,-88.393,20.0,,28.497999999999998,35.5273,0.8046,4.3172999999999995,1543.0916918695211,1498.6599999999999,44.43169186952127,direct_CTD_depth,1405.0,FIO_CTD_Data_Daly_2/Daly_CTD_WB0911/WB0911_DWH_Cast1.csv,https://data.gulfresearchinitiative.org/data/Y1.x030.000:0007
GRIIDC_Y1x030x0007,GRIIDC_DSH_Wellhead_cast1_Latitude_28_45.00_Longitude_088_23.58,Gulf of Mexico / West Florida Shelf,global_augmentation,2011-09-22 20:02:42,28.75,-88.393,30.0,,28.46695,36.08565,0.7976,4.19697,1543.7735379174103,1509.295,34.47853791741022,direct_CTD_depth,1405.0,FIO_CTD_Data_Daly_2/Daly_CTD_WB0911/WB0911_DWH_Cast1.csv,https://data.gulfresearchinitiative.org/data/Y1.x030.000:0007
GRIIDC_Y1x030x0007,GRIIDC_DSH_Wellhead_cast1_Latitude_28_45.00_Longitude_088_23.58,Gulf of Mexico / West Florida Shelf,global_augmentation,2011-09-22 20:02:42,28.75,-88.393,50.0,,23.6729,36.43145,0.79375,4.07453,1533.4540144241937,1509.295,24.15901442419363,direct_CTD_depth,1405.0,FIO_CTD_Data_Daly_2/Daly_CTD_WB0911/WB0911_DWH_Cast1.csv,https://data.gulfresearchinitiative.org/data/Y1.x030.000:0007
GRIIDC_Y1x030x0007,GRIIDC_DSH_Wellhead_cast1_Latitude_28_45.00_Longitude_088_23.58,Gulf of Mexico / West Florida Shelf,global_augmentation,2011-09-22 20:02:42,28.75,-88.393,75.0,,20.4189,36.4598,0.75205,3.87643,1525.4842185868692,1509.295,16.189218586869174,direct_CTD_depth,1405.0,FIO_CTD_Data_Daly_2/Daly_CTD_WB0911/WB0911_DWH_Cast1.csv,https://data.gulfresearchinitiative.org/data/Y1.x030.000:0007
GRIIDC_Y1x030x0007,GRIIDC_DSH_Wellhead_cast1_Latitude_28_45.00_Longitude_088_23.58,Gulf of Mexico / West Florida Shelf,global_augmentation,2011-09-22 20:02:42,28.75,-88.393,100.0,,18.955599999999997,36.41005,0.74045,3.3848450000000003,1521.791204899708,1513.905,7.886204899707991,direct_CTD_depth,1405.0,FIO_CTD_Data_Daly_2/Daly_CTD_WB0911/WB0911_DWH_Cast1.csv,https://data.gulfresearchinitiative.org/data/Y1.x030.000:0007
GRIIDC_Y1x030x0007,GRIIDC_DSH_Wellhead_cast1_Latitude_28_45.00_Longitude_088_23.58,Gulf of Mexico / West Florida Shelf,global_augmentation,2011-09-22 20:02:42,28.75,-88.393,150.0,,17.03275,36.2592,0.7314,3.07063,1516.8589957238964,1513.905,2.953995723896469,direct_CTD_depth,1405.0,FIO_CTD_Data_Daly_2/Daly_CTD_WB0911/WB0911_DWH_Cast1.csv,https://data.gulfresearchinitiative.org/data/Y1.x030.000:0007
GRIIDC_Y1x030x0007,GRIIDC_DSH_Wellhead_cast1_Latitude_28_45.00_Longitude_088_23.58,Gulf of Mexico / West Florida Shelf,global_augmentation,2011-09-22 20:02:42,28.75,-88.393,200.0,,15.0691,35.9691,0.7245,2.998955,1511.325904364254,1511.0149999999999,0.31090436425415646,direct_CTD_depth,1405.0,FIO_CTD_Data_Daly_2/Daly_CTD_WB0911/WB0911_DWH_Cast1.csv,https://data.gulfresearchinitiative.org/data/Y1.x030.000:0007
GRIIDC_Y1x030x0007,GRIIDC_DSH_Wellhead_cast1_Latitude_28_45.00_Longitude_088_23.58,Gulf of Mexico / West Florida Shelf,global_augmentation,2011-09-22 20:02:42,28.75,-88.393,300.0,,11.91065,35.4647,0.6984,2.7433699999999996,1501.9892924037051,1507.625,-5.635707596294878,direct_CTD_depth,1405.0,FIO_CTD_Data_Daly_2/Daly_CTD_WB0911/WB0911_DWH_Cast1.csv,https://data.gulfresearchinitiative.org/data/Y1.x030.000:0007
GRIIDC_Y1x030x0007,GRIIDC_DSH_Wellhead_cast1_Latitude_28_45.00_Longitude_088_23.58,Gulf of Mexico / West Florida Shelf,global_augmentation,2011-09-22 20:02:42,28.75,-88.393,400.0,,10.04125,35.198949999999996,0.6891,2.68605,1496.7443381850735,1507.625,-10.880661814926498,direct_CTD_depth,1405.0,FIO_CTD_Data_Daly_2/Daly_CTD_WB0911/WB0911_DWH_Cast1.csv,https://data.gulfresearchinitiative.org/data/Y1.x030.000:0007
GRIIDC_Y1x030x0007,GRIIDC_DSH_Wellhead_cast1_Latitude_28_45.00_Longitude_088_23.58,Gulf of Mexico / West Florida Shelf,global_augmentation,2011-09-22 20:02:42,28.75,-88.393,500.0,,8.5433,35.02315,0.6709499999999999,2.71345,1492.6791472193813,1504.825,-12.145852780618725,direct_CTD_depth,1405.0,FIO_CTD_Data_Daly_2/Daly_CTD_WB0911/WB0911_DWH_Cast1.csv,https://data.gulfresearchinitiative.org/data/Y1.x030.000:0007
GRIIDC_Y1x030x0007,GRIIDC_DSH_Wellhead_cast1_Latitude_28_45.00_Longitude_088_23.58,Gulf of Mexico / West Florida Shelf,global_augmentation,2011-09-22 20:02:42,28.75,-88.393,750.0,,6.33495,34.90075,0.6618999999999999,3.26982,1488.1662908599792,1500.895,-12.728709140020783,direct_CTD_depth,1405.0,FIO_CTD_Data_Daly_2/Daly_CTD_WB0911/WB0911_DWH_Cast1.csv,https://data.gulfresearchinitiative.org/data/Y1.x030.000:0007
GRIIDC_Y1x030x0007,GRIIDC_DSH_Wellhead_cast1_Latitude_28_45.00_Longitude_088_23.58,Gulf of Mexico / West Florida Shelf,global_augmentation,2011-09-22 20:02:42,28.75,-88.393,1000.0,,5.0576,34.931200000000004,0.6698500000000001,4.0366,1487.2286910128005,1498.5900000000001,-11.361308987199664,direct_CTD_depth,1405.0,FIO_CTD_Data_Daly_2/Daly_CTD_WB0911/WB0911_DWH_Cast1.csv,https://data.gulfresearchinitiative.org/data/Y1.x030.000:0007
GRIIDC_Y1x030x0007,GRIIDC_DSH_Wellhead_cast1_Latitude_28_45.00_Longitude_088_23.58,Gulf of Mexico / West Florida Shelf,global_augmentation,2011-09-22 20:02:42,28.75,-88.393,1250.0,,4.556,34.952600000000004,0.639,4.489575,1489.3671519966865,1497.205,-7.837848003313411,direct_CTD_depth,1405.0,FIO_CTD_Data_Daly_2/Daly_CTD_WB0911/WB0911_DWH_Cast1.csv,https://data.gulfresearchinitiative.org/data/Y1.x030.000:0007
GRIIDC_Y1x030x0007,GRIIDC_DSH_Wellhead_cast2_Latitude_28_44.91_Longitude_088_23.72,Gulf of Mexico / West Florida Shelf,global_augmentation,2011-09-22 22:17:52,28.7485,-88.39533333333333,1.0,,27.67385,27.273500000000002,3.3423999999999996,4.8218250000000005,1532.2762598950765,1506.725,25.551259895076555,direct_CTD_depth,405.0,FIO_CTD_Data_Daly_2/Daly_CTD_WB0911/WB0911_DWH_Cast2.csv,https://data.gulfresearchinitiative.org/data/Y1.x030.000:0007
GRIIDC_Y1x030x0007,GRIIDC_DSH_Wellhead_cast2_Latitude_28_44.91_Longitude_088_23.72,Gulf of Mexico / West Florida Shelf,global_augmentation,2011-09-22 22:17:52,28.7485,-88.39533333333333,2.0,,28.2846,33.1799,0.86085,4.385965000000001,1539.874893188728,1506.725,33.14989318872813,direct_CTD_depth,405.0,FIO_CTD_Data_Daly_2/Daly_CTD_WB0911/WB0911_DWH_Cast2.csv,https://data.gulfresearchinitiative.org/data/Y1.x030.000:0007
GRIIDC_Y1x030x0007,GRIIDC_DSH_Wellhead_cast2_Latitude_28_44.91_Longitude_088_23.72,Gulf of Mexico / West Florida Shelf,global_augmentation,2011-09-22 22:17:52,28.7485,-88.39533333333333,5.0,,28.379800000000003,33.48095,0.81835,4.43475,1540.4467731464333,1506.725,33.72177314643341,direct_CTD_depth,405.0,FIO_CTD_Data_Daly_2/Daly_CTD_WB0911/WB0911_DWH_Cast2.csv,https://data.gulfresearchinitiative.org/data/Y1.x030.000:0007
GRIIDC_Y1x030x0007,GRIIDC_DSH_Wellhead_cast2_Latitude_28_44.91_Longitude_088_23.72,Gulf of Mexico / West Florida Shelf,global_augmentation,2011-09-22 22:17:52,28.7485,-88.39533333333333,10.0,,28.829900000000002,35.12905,0.8,4.2802500000000006,1543.2196487897595,1506.725,36.494648789759594,direct_CTD_depth,405.0,FIO_CTD_Data_Daly_2/Daly_CTD_WB0911/WB0911_DWH_Cast2.csv,https://data.gulfresearchinitiative.org/data/Y1.x030.000:0007
GRIIDC_Y1x030x0007,GRIIDC_DSH_Wellhead_cast2_Latitude_28_44.91_Longitude_088_23.72,Gulf of Mexico / West Florida Shelf,global_augmentation,2011-09-22 22:17:52,28.7485,-88.39533333333333,20.0,,28.6267,35.5557,0.78285,4.35106,1543.3964105534324,1506.725,36.67141055343245,direct_CTD_depth,405.0,FIO_CTD_Data_Daly_2/Daly_CTD_WB0911/WB0911_DWH_Cast2.csv,https://data.gulfresearchinitiative.org/data/Y1.x030.000:0007
GRIIDC_Y1x030x0007,GRIIDC_DSH_Wellhead_cast2_Latitude_28_44.91_Longitude_088_23.72,Gulf of Mexico / West Florida Shelf,global_augmentation,2011-09-22 22:17:52,28.7485,-88.39533333333333,30.0,,28.36285,36.10455,0.78425,4.15516,1543.570527132693,1518.17,25.400527132693014,direct_CTD_depth,405.0,FIO_CTD_Data_Daly_2/Daly_CTD_WB0911/WB0911_DWH_Cast2.csv,https://data.gulfresearchinitiative.org/data/Y1.x030.000:0007
GRIIDC_Y1x030x0007,GRIIDC_DSH_Wellhead_cast2_Latitude_28_44.91_Longitude_088_23.72,Gulf of Mexico / West Florida Shelf,global_augmentation,2011-09-22 22:17:52,28.7485,-88.39533333333333,50.0,,24.32725,36.36655,0.8087,3.5850150000000003,1534.980273966718,1518.17,16.810273966717887,direct_CTD_depth,405.0,FIO_CTD_Data_Daly_2/Daly_CTD_WB0911/WB0911_DWH_Cast2.csv,https://data.gulfresearchinitiative.org/data/Y1.x030.000:0007
GRIIDC_Y1x030x0007,GRIIDC_DSH_Wellhead_cast2_Latitude_28_44.91_Longitude_088_23.72,Gulf of Mexico / West Florida Shelf,global_augmentation,2011-09-22 22:17:52,28.7485,-88.39533333333333,75.0,,20.509,36.46125,0.7541,3.84733,1525.7294395740987,1518.17,7.559439574098633,direct_CTD_depth,405.0,FIO_CTD_Data_Daly_2/Daly_CTD_WB0911/WB0911_DWH_Cast2.csv,https://data.gulfresearchinitiative.org/data/Y1.x030.000:0007
GRIIDC_Y1x030x0007,GRIIDC_DSH_Wellhead_cast2_Latitude_28_44.91_Longitude_088_23.72,Gulf of Mexico / West Florida Shelf,global_augmentation,2011-09-22 22:17:52,28.7485,-88.39533333333333,100.0,,19.0721,36.41615,0.7342500000000001,3.4834300000000002,1522.1263712316509,1518.17,3.9563712316507917,direct_CTD_depth,405.0,FIO_CTD_Data_Daly_2/Daly_CTD_WB0911/WB0911_DWH_Cast2.csv,https://data.gulfresearchinitiative.org/data/Y1.x030.000:0007
GRIIDC_Y1x030x0007,GRIIDC_DSH_Wellhead_cast2_Latitude_28_44.91_Longitude_088_23.72,Gulf of Mexico / West Florida Shelf,global_augmentation,2011-09-22 22:17:52,28.7485,-88.39533333333333,150.0,,17.0032,36.25835,0.72195,3.06757,1516.7699728923153,1522.425,-5.655027107684646,direct_CTD_depth,405.0,FIO_CTD_Data_Daly_2/Daly_CTD_WB0911/WB0911_DWH_Cast2.csv,https://data.gulfresearchinitiative.org/data/Y1.x030.000:0007
GRIIDC_Y1x030x0007,GRIIDC_DSH_Wellhead_cast2_Latitude_28_44.91_Longitude_088_23.72,Gulf of Mexico / West Florida Shelf,global_augmentation,2011-09-22 22:17:52,28.7485,-88.39533333333333,200.0,,15.08765,35.97855,0.7063999999999999,2.9931400000000004,1511.3954173228647,1522.425,-11.029582677135295,direct_CTD_depth,405.0,FIO_CTD_Data_Daly_2/Daly_CTD_WB0911/WB0911_DWH_Cast2.csv,https://data.gulfresearchinitiative.org/data/Y1.x030.000:0007
GRIIDC_Y1x030x0007,GRIIDC_DSH_Wellhead_cast2_Latitude_28_44.91_Longitude_088_23.72,Gulf of Mexico / West Florida Shelf,global_augmentation,2011-09-22 22:17:52,28.7485,-88.39533333333333,300.0,,11.9057,35.4649,0.68865,2.76821,1501.9725872385707,1518.565,-16.592412761429387,direct_CTD_depth,405.0,FIO_CTD_Data_Daly_2/Daly_CTD_WB0911/WB0911_DWH_Cast2.csv,https://data.gulfresearchinitiative.org/data/Y1.x030.000:0007
GRIIDC_Y1x030x0007,GRIIDC_DSH_Wellhead_cast2_Latitude_28_44.91_Longitude_088_23.72,Gulf of Mexico / West Florida Shelf,global_augmentation,2011-09-22 22:17:52,28.7485,-88.39533333333333,400.0,,10.0158,35.19285,0.67555,2.68726,1496.645253999014,1515.57,-18.924746000986033,direct_CTD_depth,405.0,FIO_CTD_Data_Daly_2/Daly_CTD_WB0911/WB0911_DWH_Cast2.csv,https://data.gulfresearchinitiative.org/data/Y1.x030.000:0007
GRIIDC_Y1x030x0007,GRIIDC_DWH_cast1_Latitude_28_44.32_Longitude_088_23.28,Gulf of Mexico / West Florida Shelf,global_augmentation,2012-02-22 11:31:28,28.738666666666667,-88.388,1.0,,21.584899999999998,27.357999999999997,1.2128,5.24813,1517.1987276843802,1495.82,21.378727684380237,direct_CTD_depth,1464.0,FIO_CTD_Data_Daly_2/Daly_CTD_WB0212/WB0212_dwh_cast1.csv,https://data.gulfresearchinitiative.org/data/Y1.x030.000:0007
GRIIDC_Y1x030x0007,GRIIDC_DWH_cast1_Latitude_28_44.32_Longitude_088_23.28,Gulf of Mexico / West Florida Shelf,global_augmentation,2012-02-22 11:31:28,28.738666666666667,-88.388,2.0,,21.7299,36.728049999999996,0.6778,4.843875000000001,1528.076255368004,1495.82,32.256255368004076,direct_CTD_depth,1464.0,FIO_CTD_Data_Daly_2/Daly_CTD_WB0212/WB0212_dwh_cast1.csv,https://data.gulfresearchinitiative.org/data/Y1.x030.000:0007
GRIIDC_Y1x030x0007,GRIIDC_DWH_cast1_Latitude_28_44.32_Longitude_088_23.28,Gulf of Mexico / West Florida Shelf,global_augmentation,2012-02-22 11:31:28,28.738666666666667,-88.388,5.0,,21.728,36.433,0.6926,4.797505,1527.7905544261523,1495.82,31.970554426152376,direct_CTD_depth,1464.0,FIO_CTD_Data_Daly_2/Daly_CTD_WB0212/WB0212_dwh_cast1.csv,https://data.gulfresearchinitiative.org/data/Y1.x030.000:0007
GRIIDC_Y1x030x0007,GRIIDC_DWH_cast1_Latitude_28_44.32_Longitude_088_23.28,Gulf of Mexico / West Florida Shelf,global_augmentation,2012-02-22 11:31:28,28.738666666666667,-88.388,10.0,,21.73145,36.4333,0.68135,4.79255,1527.881398059659,1495.82,32.06139805965904,direct_CTD_depth,1464.0,FIO_CTD_Data_Daly_2/Daly_CTD_WB0212/WB0212_dwh_cast1.csv,https://data.gulfresearchinitiative.org/data/Y1.x030.000:0007
GRIIDC_Y1x030x0007,GRIIDC_DWH_cast1_Latitude_28_44.32_Longitude_088_23.28,Gulf of Mexico / West Florida Shelf,global_augmentation,2012-02-22 11:31:28,28.738666666666667,-88.388,20.0,,21.7321,36.432900000000004,0.6820999999999999,4.791315,1528.0456960819274,1495.82,32.22569608192748,direct_CTD_depth,1464.0,FIO_CTD_Data_Daly_2/Daly_CTD_WB0212/WB0212_dwh_cast1.csv,https://data.gulfresearchinitiative.org/data/Y1.x030.000:0007
GRIIDC_Y1x030x0007,GRIIDC_DWH_cast1_Latitude_28_44.32_Longitude_088_23.28,Gulf of Mexico / West Florida Shelf,global_augmentation,2012-02-22 11:31:28,28.738666666666667,-88.388,30.0,,21.7345,36.43285,0.6833,4.807375,1528.2149810574235,1504.085,24.129981057423493,direct_CTD_depth,1464.0,FIO_CTD_Data_Daly_2/Daly_CTD_WB0212/WB0212_dwh_cast1.csv,https://data.gulfresearchinitiative.org/data/Y1.x030.000:0007
GRIIDC_Y1x030x0007,GRIIDC_DWH_cast1_Latitude_28_44.32_Longitude_088_23.28,Gulf of Mexico / West Florida Shelf,global_augmentation,2012-02-22 11:31:28,28.738666666666667,-88.388,50.0,,21.72655,36.4294,0.6814,4.803445,1528.5166636053639,1504.085,24.431663605363838,direct_CTD_depth,1464.0,FIO_CTD_Data_Daly_2/Daly_CTD_WB0212/WB0212_dwh_cast1.csv,https://data.gulfresearchinitiative.org/data/Y1.x030.000:0007
GRIIDC_Y1x030x0007,GRIIDC_DWH_cast1_Latitude_28_44.32_Longitude_088_23.28,Gulf of Mexico / West Florida Shelf,global_augmentation,2012-02-22 11:31:28,28.738666666666667,-88.388,75.0,,21.62435,36.41815,0.7135,4.752045,1528.645192748072,1504.085,24.56019274807204,direct_CTD_depth,1464.0,FIO_CTD_Data_Daly_2/Daly_CTD_WB0212/WB0212_dwh_cast1.csv,https://data.gulfresearchinitiative.org/data/Y1.x030.000:0007
GRIIDC_Y1x030x0007,GRIIDC_DWH_cast1_Latitude_28_44.32_Longitude_088_23.28,Gulf of Mexico / West Florida Shelf,global_augmentation,2012-02-22 11:31:28,28.738666666666667,-88.388,100.0,,21.47015,36.51035,0.8408500000000001,4.648395,1528.7524550947958,1510.23,18.52245509479576,direct_CTD_depth,1464.0,FIO_CTD_Data_Daly_2/Daly_CTD_WB0212/WB0212_dwh_cast1.csv,https://data.gulfresearchinitiative.org/data/Y1.x030.000:0007
GRIIDC_Y1x030x0007,GRIIDC_DWH_cast1_Latitude_28_44.32_Longitude_088_23.28,Gulf of Mexico / West Florida Shelf,global_augmentation,2012-02-22 11:31:28,28.738666666666667,-88.388,150.0,,17.77745,36.3592,0.64795,3.0091799999999997,1519.1698089523,1510.61,8.559808952300045,direct_CTD_depth,1464.0,FIO_CTD_Data_Daly_2/Daly_CTD_WB0212/WB0212_dwh_cast1.csv,https://data.gulfresearchinitiative.org/data/Y1.x030.000:0007
GRIIDC_Y1x030x0007,GRIIDC_DWH_cast1_Latitude_28_44.32_Longitude_088_23.28,Gulf of Mexico / West Florida Shelf,global_augmentation,2012-02-22 11:31:28,28.738666666666667,-88.388,200.0,,15.8352,36.07665,0.6429,2.88608,1513.8366550244793,1510.61,3.2266550244794416,direct_CTD_depth,1464.0,FIO_CTD_Data_Daly_2/Daly_CTD_WB0212/WB0212_dwh_cast1.csv,https://data.gulfresearchinitiative.org/data/Y1.x030.000:0007
GRIIDC_Y1x030x0007,GRIIDC_DWH_cast1_Latitude_28_44.32_Longitude_088_23.28,Gulf of Mexico / West Florida Shelf,global_augmentation,2012-02-22 11:31:28,28.738666666666667,-88.388,300.0,,12.751000000000001,35.58695,0.63595,2.759595,1504.9829706924656,1508.61,-3.627029307534258,direct_CTD_depth,1464.0,FIO_CTD_Data_Daly_2/Daly_CTD_WB0212/WB0212_dwh_cast1.csv,https://data.gulfresearchinitiative.org/data/Y1.x030.000:0007
GRIIDC_Y1x030x0007,GRIIDC_DWH_cast1_Latitude_28_44.32_Longitude_088_23.28,Gulf of Mexico / West Florida Shelf,global_augmentation,2012-02-22 11:31:28,28.738666666666667,-88.388,400.0,,10.359300000000001,35.2393,0.63025,2.6918100000000003,1497.9330525027258,1506.215,-8.281947497274132,direct_CTD_depth,1464.0,FIO_CTD_Data_Daly_2/Daly_CTD_WB0212/WB0212_dwh_cast1.csv,https://data.gulfresearchinitiative.org/data/Y1.x030.000:0007
GRIIDC_Y1x030x0007,GRIIDC_DWH_cast1_Latitude_28_44.32_Longitude_088_23.28,Gulf of Mexico / West Florida Shelf,global_augmentation,2012-02-22 11:31:28,28.738666666666667,-88.388,500.0,,8.58585,35.0245,0.61415,2.71089,1492.8397354825872,1504.01,-11.170264517412761,direct_CTD_depth,1464.0,FIO_CTD_Data_Daly_2/Daly_CTD_WB0212/WB0212_dwh_cast1.csv,https://data.gulfresearchinitiative.org/data/Y1.x030.000:0007
GRIIDC_Y1x030x0007,GRIIDC_DWH_cast1_Latitude_28_44.32_Longitude_088_23.28,Gulf of Mexico / West Florida Shelf,global_augmentation,2012-02-22 11:31:28,28.738666666666667,-88.388,750.0,,6.21365,34.9018,0.60025,3.2997699999999996,1487.6879893968646,1500.695,-13.007010603135313,direct_CTD_depth,1464.0,FIO_CTD_Data_Daly_2/Daly_CTD_WB0212/WB0212_dwh_cast1.csv,https://data.gulfresearchinitiative.org/data/Y1.x030.000:0007
GRIIDC_Y1x030x0007,GRIIDC_DWH_cast1_Latitude_28_44.32_Longitude_088_23.28,Gulf of Mexico / West Florida Shelf,global_augmentation,2012-02-22 11:31:28,28.738666666666667,-88.388,1000.0,,5.2458,34.9242,0.6191,3.87792,1487.9844198178262,1498.65,-10.665580182173926,direct_CTD_depth,1464.0,FIO_CTD_Data_Daly_2/Daly_CTD_WB0212/WB0212_dwh_cast1.csv,https://data.gulfresearchinitiative.org/data/Y1.x030.000:0007
GRIIDC_Y1x030x0007,GRIIDC_DWH_cast1_Latitude_28_44.32_Longitude_088_23.28,Gulf of Mexico / West Florida Shelf,global_augmentation,2012-02-22 11:31:28,28.738666666666667,-88.388,1250.0,,4.665150000000001,34.94745,0.6232,4.35646,1489.8097741517774,1497.425,-7.615225848222508,direct_CTD_depth,1464.0,FIO_CTD_Data_Daly_2/Daly_CTD_WB0212/WB0212_dwh_cast1.csv,https://data.gulfresearchinitiative.org/data/Y1.x030.000:0007
GRIIDC_Y1x030x0007,GRIIDC_DWH_cast1_Latitude_28_44.40_Longitude_088_23.33,Gulf of Mexico / West Florida Shelf,global_augmentation,2012-05-10 11:05:27,28.74,-88.38883333333334,1.0,,24.52965,25.24995,2.2465,5.02588,1522.567859731237,1489.125,33.44285973123692,direct_CTD_depth,1470.0,FIO_CTD_Data_Daly_2/Daly_CTD_WB0512/WB0512_DWH_Cast1.csv,https://data.gulfresearchinitiative.org/data/Y1.x030.000:0007
GRIIDC_Y1x030x0007,GRIIDC_DWH_cast1_Latitude_28_44.40_Longitude_088_23.33,Gulf of Mexico / West Florida Shelf,global_augmentation,2012-05-10 11:05:27,28.74,-88.38883333333334,2.0,,25.79585,33.34605,1.2126000000000001,4.8231,1534.4232078942625,1489.125,45.29820789426253,direct_CTD_depth,1470.0,FIO_CTD_Data_Daly_2/Daly_CTD_WB0512/WB0512_DWH_Cast1.csv,https://data.gulfresearchinitiative.org/data/Y1.x030.000:0007
GRIIDC_Y1x030x0007,GRIIDC_DWH_cast1_Latitude_28_44.40_Longitude_088_23.33,Gulf of Mexico / West Florida Shelf,global_augmentation,2012-05-10 11:05:27,28.74,-88.38883333333334,5.0,,26.0713,34.8746,1.15875,4.389810000000001,1536.7553202948252,1489.125,47.6303202948252,direct_CTD_depth,1470.0,FIO_CTD_Data_Daly_2/Daly_CTD_WB0512/WB0512_DWH_Cast1.csv,https://data.gulfresearchinitiative.org/data/Y1.x030.000:0007
GRIIDC_Y1x030x0007,GRIIDC_DWH_cast1_Latitude_28_44.40_Longitude_088_23.33,Gulf of Mexico / West Florida Shelf,global_augmentation,2012-05-10 11:05:27,28.74,-88.38883333333334,10.0,,25.7348,36.3428,1.1351499999999999,4.4250050000000005,1537.635462431065,1489.125,48.51046243106498,direct_CTD_depth,1470.0,FIO_CTD_Data_Daly_2/Daly_CTD_WB0512/WB0512_DWH_Cast1.csv,https://data.gulfresearchinitiative.org/data/Y1.x030.000:0007
GRIIDC_Y1x030x0007,GRIIDC_DWH_cast1_Latitude_28_44.40_Longitude_088_23.33,Gulf of Mexico / West Florida Shelf,global_augmentation,2012-05-10 11:05:27,28.74,-88.38883333333334,20.0,,25.2271,36.4155,1.21045,4.57452,1536.6908153591335,1489.125,47.56581535913347,direct_CTD_depth,1470.0,FIO_CTD_Data_Daly_2/Daly_CTD_WB0512/WB0512_DWH_Cast1.csv,https://data.gulfresearchinitiative.org/data/Y1.x030.000:0007
GRIIDC_Y1x030x0007,GRIIDC_DWH_cast1_Latitude_28_44.40_Longitude_088_23.33,Gulf of Mexico / West Florida Shelf,global_augmentation,2012-05-10 11:05:27,28.74,-88.38883333333334,30.0,,24.242649999999998,36.2464,1.2443,4.5712825,1534.318056631191,1489.125,45.193056631190984,direct_CTD_depth,1470.0,FIO_CTD_Data_Daly_2/Daly_CTD_WB0512/WB0512_DWH_Cast1.csv,https://data.gulfresearchinitiative.org/data/Y1.x030.000:0007
GRIIDC_Y1x030x0007,GRIIDC_DWH_cast1_Latitude_28_44.40_Longitude_088_23.33,Gulf of Mexico / West Florida Shelf,global_augmentation,2012-05-10 11:05:27,28.74,-88.38883333333334,50.0,,22.24615,36.37305,1.2778,4.63392,1529.798899847707,1489.125,40.673899847706934,direct_CTD_depth,1470.0,FIO_CTD_Data_Daly_2/Daly_CTD_WB0512/WB0512_DWH_Cast1.csv,https://data.gulfresearchinitiative.org/data/Y1.x030.000:0007
GRIIDC_Y1x030x0007,GRIIDC_DWH_cast1_Latitude_28_44.40_Longitude_088_23.33,Gulf of Mexico / West Florida Shelf,global_augmentation,2012-05-10 11:05:27,28.74,-88.38883333333334,75.0,,20.46185,36.30665,1.27725,4.15489,1525.4273103510855,1489.125,36.30231035108545,direct_CTD_depth,1470.0,FIO_CTD_Data_Daly_2/Daly_CTD_WB0512/WB0512_DWH_Cast1.csv,https://data.gulfresearchinitiative.org/data/Y1.x030.000:0007
GRIIDC_Y1x030x0007,GRIIDC_DWH_cast1_Latitude_28_44.40_Longitude_088_23.33,Gulf of Mexico / West Florida Shelf,global_augmentation,2012-05-10 11:05:27,28.74,-88.38883333333334,100.0,,19.9172,36.54595,1.3446,2.8909849999999997,1524.6225055809439,1489.125,35.49750558094388,direct_CTD_depth,1470.0,FIO_CTD_Data_Daly_2/Daly_CTD_WB0512/WB0512_DWH_Cast1.csv,https://data.gulfresearchinitiative.org/data/Y1.x030.000:0007
GRIIDC_Y1x030x0007,GRIIDC_DWH_cast1_Latitude_28_44.40_Longitude_088_23.33,Gulf of Mexico / West Florida Shelf,global_augmentation,2012-05-10 11:05:27,28.74,-88.38883333333334,150.0,,17.0418,36.3034,1.0752,3.48156,1516.9374493662465,1494.09,22.847449366246565,direct_CTD_depth,1470.0,FIO_CTD_Data_Daly_2/Daly_CTD_WB0512/WB0512_DWH_Cast1.csv,https://data.gulfresearchinitiative.org/data/Y1.x030.000:0007
GRIIDC_Y1x030x0007,GRIIDC_DWH_cast1_Latitude_28_44.40_Longitude_088_23.33,Gulf of Mexico / West Florida Shelf,global_augmentation,2012-05-10 11:05:27,28.74,-88.38883333333334,200.0,,15.4831,36.0304,1.2932000000000001,2.925835,1512.6928052556912,1489.125,23.567805255691155,direct_CTD_depth,1470.0,FIO_CTD_Data_Daly_2/Daly_CTD_WB0512/WB0512_DWH_Cast1.csv,https://data.gulfresearchinitiative.org/data/Y1.x030.000:0007
GRIIDC_Y1x030x0007,GRIIDC_DWH_cast1_Latitude_28_44.40_Longitude_088_23.33,Gulf of Mexico / West Florida Shelf,global_augmentation,2012-05-10 11:05:27,28.74,-88.38883333333334,300.0,,12.39845,35.5322,1.31125,2.588875,1503.7307049532708,1496.275,7.455704953270697,direct_CTD_depth,1470.0,FIO_CTD_Data_Daly_2/Daly_CTD_WB0512/WB0512_DWH_Cast1.csv,https://data.gulfresearchinitiative.org/data/Y1.x030.000:0007
GRIIDC_Y1x030x0007,GRIIDC_DWH_cast1_Latitude_28_44.40_Longitude_088_23.33,Gulf of Mexico / West Florida Shelf,global_augmentation,2012-05-10 11:05:27,28.74,-88.38883333333334,400.0,,10.1521,35.2145,1.5113,2.62793,1497.161560025261,1498.46,-1.2984399747390398,direct_CTD_depth,1470.0,FIO_CTD_Data_Daly_2/Daly_CTD_WB0512/WB0512_DWH_Cast1.csv,https://data.gulfresearchinitiative.org/data/Y1.x030.000:0007
GRIIDC_Y1x030x0007,GRIIDC_DWH_cast1_Latitude_28_44.40_Longitude_088_23.33,Gulf of Mexico / West Florida Shelf,global_augmentation,2012-05-10 11:05:27,28.74,-88.38883333333334,500.0,,8.7273,35.0314,0.9843,2.64408,1493.3753703052423,1494.09,-0.7146296947576047,direct_CTD_depth,1470.0,FIO_CTD_Data_Daly_2/Daly_CTD_WB0512/WB0512_DWH_Cast1.csv,https://data.gulfresearchinitiative.org/data/Y1.x030.000:0007
GRIIDC_Y1x030x0007,GRIIDC_DWH_cast1_Latitude_28_44.40_Longitude_088_23.33,Gulf of Mexico / West Florida Shelf,global_augmentation,2012-05-10 11:05:27,28.74,-88.38883333333334,750.0,,6.3148,34.900400000000005,1.22865,3.182785,1488.0862668386792,1497.3,-9.21373316132076,direct_CTD_depth,1470.0,FIO_CTD_Data_Daly_2/Daly_CTD_WB0512/WB0512_DWH_Cast1.csv,https://data.gulfresearchinitiative.org/data/Y1.x030.000:0007
GRIIDC_Y1x030x0007,GRIIDC_DWH_cast1_Latitude_28_44.40_Longitude_088_23.33,Gulf of Mexico / West Florida Shelf,global_augmentation,2012-05-10 11:05:27,28.74,-88.38883333333334,1000.0,,5.10065,34.928,1.0958999999999999,3.926195,1487.3998083877996,1497.3,-9.900191612200388,direct_CTD_depth,1470.0,FIO_CTD_Data_Daly_2/Daly_CTD_WB0512/WB0512_DWH_Cast1.csv,https://data.gulfresearchinitiative.org/data/Y1.x030.000:0007
GRIIDC_Y1x030x0007,GRIIDC_DWH_cast1_Latitude_28_44.40_Longitude_088_23.33,Gulf of Mexico / West Florida Shelf,global_augmentation,2012-05-10 11:05:27,28.74,-88.38883333333334,1250.0,,4.4582,34.9572,1.0862,4.52566,1488.9695393239545,1495.71,-6.740460676045586,direct_CTD_depth,1470.0,FIO_CTD_Data_Daly_2/Daly_CTD_WB0512/WB0512_DWH_Cast1.csv,https://data.gulfresearchinitiative.org/data/Y1.x030.000:0007
GRIIDC_Y1x030x0007,GRIIDC_DWH_cast2_Latitude_28_44.76_Longitude_088_23.37,Gulf of Mexico / West Florida Shelf,global_augmentation,2012-05-10 13:47:58,28.746,-88.3895,1.0,,24.60355,25.40125,0.7258,5.08614,1522.918285128949,1500.58,22.33828512894911,direct_CTD_depth,97.0,FIO_CTD_Data_Daly_2/Daly_CTD_WB0512/WB0512_DWH_Cast2.csv,https://data.gulfresearchinitiative.org/data/Y1.x030.000:0007
GRIIDC_Y1x030x0007,GRIIDC_DWH_cast2_Latitude_28_44.76_Longitude_088_23.37,Gulf of Mexico / West Florida Shelf,global_augmentation,2012-05-10 13:47:58,28.746,-88.3895,2.0,,25.6753,32.7224,1.07715,5.030635,1533.4683963197724,1500.58,32.88839631977248,direct_CTD_depth,97.0,FIO_CTD_Data_Daly_2/Daly_CTD_WB0512/WB0512_DWH_Cast2.csv,https://data.gulfresearchinitiative.org/data/Y1.x030.000:0007
GRIIDC_Y1x030x0007,GRIIDC_DWH_cast2_Latitude_28_44.76_Longitude_088_23.37,Gulf of Mexico / West Florida Shelf,global_augmentation,2012-05-10 13:47:58,28.746,-88.3895,5.0,,25.9025,34.181,1.14225,4.426825,1535.6190123926597,1500.58,35.03901239265974,direct_CTD_depth,97.0,FIO_CTD_Data_Daly_2/Daly_CTD_WB0512/WB0512_DWH_Cast2.csv,https://data.gulfresearchinitiative.org/data/Y1.x030.000:0007
GRIIDC_Y1x030x0007,GRIIDC_DWH_cast2_Latitude_28_44.76_Longitude_088_23.37,Gulf of Mexico / West Florida Shelf,global_augmentation,2012-05-10 13:47:58,28.746,-88.3895,10.0,,26.083849999999998,35.75215,1.19885,4.431675,1537.807122817656,1500.58,37.22712281765598,direct_CTD_depth,97.0,FIO_CTD_Data_Daly_2/Daly_CTD_WB0512/WB0512_DWH_Cast2.csv,https://data.gulfresearchinitiative.org/data/Y1.x030.000:0007
GRIIDC_Y1x030x0007,GRIIDC_DWH_cast2_Latitude_28_44.76_Longitude_088_23.37,Gulf of Mexico / West Florida Shelf,global_augmentation,2012-05-10 13:47:58,28.746,-88.3895,20.0,,25.26175,36.432050000000004,1.2643499999999999,4.552795,1536.790218860935,1500.58,36.21021886093513,direct_CTD_depth,97.0,FIO_CTD_Data_Daly_2/Daly_CTD_WB0512/WB0512_DWH_Cast2.csv,https://data.gulfresearchinitiative.org/data/Y1.x030.000:0007
GRIIDC_Y1x030x0007,GRIIDC_DWH_cast2_Latitude_28_44.76_Longitude_088_23.37,Gulf of Mexico / West Florida Shelf,global_augmentation,2012-05-10 13:47:58,28.746,-88.3895,30.0,,24.3741,36.3151,1.3161,4.81392,1534.7111165093363,1488.93,45.78111650933624,direct_CTD_depth,97.0,FIO_CTD_Data_Daly_2/Daly_CTD_WB0512/WB0512_DWH_Cast2.csv,https://data.gulfresearchinitiative.org/data/Y1.x030.000:0007
GRIIDC_Y1x030x0007,GRIIDC_DWH_cast2_Latitude_28_44.76_Longitude_088_23.37,Gulf of Mexico / West Florida Shelf,global_augmentation,2012-05-10 13:47:58,28.746,-88.3895,50.0,,21.894849999999998,36.363550000000004,1.3502999999999998,4.75999,1528.881030116648,1488.93,39.95103011664787,direct_CTD_depth,97.0,FIO_CTD_Data_Daly_2/Daly_CTD_WB0512/WB0512_DWH_Cast2.csv,https://data.gulfresearchinitiative.org/data/Y1.x030.000:0007
GRIIDC_Y1x030x0007,GRIIDC_DWH_cast2_Latitude_28_44.76_Longitude_088_23.37,Gulf of Mexico / West Florida Shelf,global_augmentation,2012-05-10 13:47:58,28.746,-88.3895,75.0,,20.915399999999998,36.5296,1.37555,3.7908,1526.897320508397,1488.93,37.967320508396824,direct_CTD_depth,97.0,FIO_CTD_Data_Daly_2/Daly_CTD_WB0512/WB0512_DWH_Cast2.csv,https://data.gulfresearchinitiative.org/data/Y1.x030.000:0007
GRIIDC_Y1x030x0007,GRIIDC_DWH_cast2_Latitude_28_45.45_Longitude_088_23.38,Gulf of Mexico / West Florida Shelf,global_augmentation,2012-02-22 13:53:33,28.7575,-88.38966666666667,1.0,,21.56545,33.0828,1.3547,4.948265,1523.5517648841387,1505.3049999999998,18.246764884138884,direct_CTD_depth,101.0,FIO_CTD_Data_Daly_2/Daly_CTD_WB0212/WB0212_dwh_cast2.csv,https://data.gulfresearchinitiative.org/data/Y1.x030.000:0007
GRIIDC_Y1x030x0007,GRIIDC_DWH_cast2_Latitude_28_45.45_Longitude_088_23.38,Gulf of Mexico / West Florida Shelf,global_augmentation,2012-02-22 13:53:33,28.7575,-88.38966666666667,2.0,,21.73105,36.37915,0.7076,5.11598,1527.6894395858533,1505.3049999999998,22.384439585853443,direct_CTD_depth,101.0,FIO_CTD_Data_Daly_2/Daly_CTD_WB0212/WB0212_dwh_cast2.csv,https://data.gulfresearchinitiative.org/data/Y1.x030.000:0007
GRIIDC_Y1x030x0007,GRIIDC_DWH_cast2_Latitude_28_45.45_Longitude_088_23.38,Gulf of Mexico / West Florida Shelf,global_augmentation,2012-02-22 13:53:33,28.7575,-88.38966666666667,5.0,,21.7509,36.44215,0.67145,4.771715,1527.8604707089114,1505.3049999999998,22.55547070891157,direct_CTD_depth,101.0,FIO_CTD_Data_Daly_2/Daly_CTD_WB0212/WB0212_dwh_cast2.csv,https://data.gulfresearchinitiative.org/data/Y1.x030.000:0007
GRIIDC_Y1x030x0007,GRIIDC_DWH_cast2_Latitude_28_45.45_Longitude_088_23.38,Gulf of Mexico / West Florida Shelf,global_augmentation,2012-02-22 13:53:33,28.7575,-88.38966666666667,10.0,,21.7509,36.4422,0.6668000000000001,4.791275,1527.9420391104882,1505.3049999999998,22.63703911048833,direct_CTD_depth,101.0,FIO_CTD_Data_Daly_2/Daly_CTD_WB0212/WB0212_dwh_cast2.csv,https://data.gulfresearchinitiative.org/data/Y1.x030.000:0007
GRIIDC_Y1x030x0007,GRIIDC_DWH_cast2_Latitude_28_45.45_Longitude_088_23.38,Gulf of Mexico / West Florida Shelf,global_augmentation,2012-02-22 13:53:33,28.7575,-88.38966666666667,20.0,,21.748800000000003,36.4411,0.67085,4.762415,1528.0983880714864,1505.3049999999998,22.79338807148656,direct_CTD_depth,101.0,FIO_CTD_Data_Daly_2/Daly_CTD_WB0212/WB0212_dwh_cast2.csv,https://data.gulfresearchinitiative.org/data/Y1.x030.000:0007
GRIIDC_Y1x030x0007,GRIIDC_DWH_cast2_Latitude_28_45.45_Longitude_088_23.38,Gulf of Mexico / West Florida Shelf,global_augmentation,2012-02-22 13:53:33,28.7575,-88.38966666666667,30.0,,21.751150000000003,36.44095,0.67825,4.791024999999999,1528.2674278472625,1515.44,12.82742784726247,direct_CTD_depth,101.0,FIO_CTD_Data_Daly_2/Daly_CTD_WB0212/WB0212_dwh_cast2.csv,https://data.gulfresearchinitiative.org/data/Y1.x030.000:0007
GRIIDC_Y1x030x0007,GRIIDC_DWH_cast2_Latitude_28_45.45_Longitude_088_23.38,Gulf of Mexico / West Florida Shelf,global_augmentation,2012-02-22 13:53:33,28.7575,-88.38966666666667,50.0,,21.73525,36.4349,0.66225,4.77733,1528.545493168153,1515.44,13.105493168152861,direct_CTD_depth,101.0,FIO_CTD_Data_Daly_2/Daly_CTD_WB0212/WB0212_dwh_cast2.csv,https://data.gulfresearchinitiative.org/data/Y1.x030.000:0007
GRIIDC_Y1x030x0007,GRIIDC_DWH_cast2_Latitude_28_45.45_Longitude_088_23.38,Gulf of Mexico / West Florida Shelf,global_augmentation,2012-02-22 13:53:33,28.7575,-88.38966666666667,75.0,,21.661,36.4353,0.69395,4.753715,1528.7601767048648,1515.44,13.320176704864707,direct_CTD_depth,101.0,FIO_CTD_Data_Daly_2/Daly_CTD_WB0212/WB0212_dwh_cast2.csv,https://data.gulfresearchinitiative.org/data/Y1.x030.000:0007
GRIIDC_Y1x030x0007,GRIIDC_DWH_cast2_Latitude_28_45.45_Longitude_088_23.38,Gulf of Mexico / West Florida Shelf,global_augmentation,2012-02-22 13:53:33,28.7575,-88.38966666666667,100.0,,21.5702,36.534800000000004,0.6577500000000001,4.58456,1529.042192579598,1523.0,6.042192579597895,direct_CTD_depth,101.0,FIO_CTD_Data_Daly_2/Daly_CTD_WB0212/WB0212_dwh_cast2.csv,https://data.gulfresearchinitiative.org/data/Y1.x030.000:0007
GRIIDC_Y1x030x0007,GRIIDC_NEline01_cast1_Latitude_28_47.48_Longitude_088_15.72,Gulf of Mexico / West Florida Shelf,global_augmentation,2011-09-23 14:10:15,28.791333333333334,-88.262,1.0,,28.09195,33.2573,1.5259500000000001,4.847284999999999,1539.5190152099303,1527.27,12.249015209930349,direct_CTD_depth,405.0,FIO_CTD_Data_Daly_2/Daly_CTD_WB0911/WB0911_NELine01_Cast1.csv,https://data.gulfresearchinitiative.org/data/Y1.x030.000:0007
GRIIDC_Y1x030x0007,GRIIDC_NEline01_cast1_Latitude_28_47.48_Longitude_088_15.72,Gulf of Mexico / West Florida Shelf,global_augmentation,2011-09-23 14:10:15,28.791333333333334,-88.262,2.0,,28.09055,33.2572,1.04975,5.0342400000000005,1539.5321431709774,1527.27,12.262143170977424,direct_CTD_depth,405.0,FIO_CTD_Data_Daly_2/Daly_CTD_WB0911/WB0911_NELine01_Cast1.csv,https://data.gulfresearchinitiative.org/data/Y1.x030.000:0007
GRIIDC_Y1x030x0007,GRIIDC_NEline01_cast1_Latitude_28_47.48_Longitude_088_15.72,Gulf of Mexico / West Florida Shelf,global_augmentation,2011-09-23 14:10:15,28.791333333333334,-88.262,5.0,,28.113349999999997,33.31815,0.86825,4.4382649999999995,1539.6950938575997,1527.27,12.425093857599677,direct_CTD_depth,405.0,FIO_CTD_Data_Daly_2/Daly_CTD_WB0911/WB0911_NELine01_Cast1.csv,https://data.gulfresearchinitiative.org/data/Y1.x030.000:0007
GRIIDC_Y1x030x0007,GRIIDC_NEline01_cast1_Latitude_28_47.48_Longitude_088_15.72,Gulf of Mexico / West Florida Shelf,global_augmentation,2011-09-23 14:10:15,28.791333333333334,-88.262,10.0,,28.30755,33.74295,0.84885,4.34119,1540.6464166483158,1527.27,13.376416648315853,direct_CTD_depth,405.0,FIO_CTD_Data_Daly_2/Daly_CTD_WB0911/WB0911_NELine01_Cast1.csv,https://data.gulfresearchinitiative.org/data/Y1.x030.000:0007
GRIIDC_Y1x030x0007,GRIIDC_NEline01_cast1_Latitude_28_47.48_Longitude_088_15.72,Gulf of Mexico / West Florida Shelf,global_augmentation,2011-09-23 14:10:15,28.791333333333334,-88.262,20.0,,28.471,36.017300000000006,0.86105,3.9887,1543.547467271207,1527.27,16.277467271207115,direct_CTD_depth,405.0,FIO_CTD_Data_Daly_2/Daly_CTD_WB0911/WB0911_NELine01_Cast1.csv,https://data.gulfresearchinitiative.org/data/Y1.x030.000:0007
GRIIDC_Y1x030x0007,GRIIDC_NEline01_cast1_Latitude_28_47.48_Longitude_088_15.72,Gulf of Mexico / West Florida Shelf,global_augmentation,2011-09-23 14:10:15,28.791333333333334,-88.262,30.0,,28.28405,36.17695,0.83645,4.06484,1543.4774119658214,1528.28,15.197411965821402,direct_CTD_depth,405.0,FIO_CTD_Data_Daly_2/Daly_CTD_WB0911/WB0911_NELine01_Cast1.csv,https://data.gulfresearchinitiative.org/data/Y1.x030.000:0007
GRIIDC_Y1x030x0007,GRIIDC_NEline01_cast1_Latitude_28_47.48_Longitude_088_15.72,Gulf of Mexico / West Florida Shelf,global_augmentation,2011-09-23 14:10:15,28.791333333333334,-88.262,50.0,,23.36705,36.4076,0.8256,3.578395,1532.6706925406436,1528.28,4.390692540643613,direct_CTD_depth,405.0,FIO_CTD_Data_Daly_2/Daly_CTD_WB0911/WB0911_NELine01_Cast1.csv,https://data.gulfresearchinitiative.org/data/Y1.x030.000:0007
GRIIDC_Y1x030x0007,GRIIDC_NEline01_cast1_Latitude_28_47.48_Longitude_088_15.72,Gulf of Mexico / West Florida Shelf,global_augmentation,2011-09-23 14:10:15,28.791333333333334,-88.262,75.0,,21.0084,36.47955,0.7847,3.91894,1527.0888412081351,1528.28,-1.1911587918648365,direct_CTD_depth,405.0,FIO_CTD_Data_Daly_2/Daly_CTD_WB0911/WB0911_NELine01_Cast1.csv,https://data.gulfresearchinitiative.org/data/Y1.x030.000:0007
GRIIDC_Y1x030x0007,GRIIDC_NEline01_cast1_Latitude_28_47.48_Longitude_088_15.72,Gulf of Mexico / West Florida Shelf,global_augmentation,2011-09-23 14:10:15,28.791333333333334,-88.262,100.0,,19.00535,36.407849999999996,0.7638,3.4302349999999997,1521.9289642362894,1525.855,-3.9260357637106154,direct_CTD_depth,405.0,FIO_CTD_Data_Daly_2/Daly_CTD_WB0911/WB0911_NELine01_Cast1.csv,https://data.gulfresearchinitiative.org/data/Y1.x030.000:0007
GRIIDC_Y1x030x0007,GRIIDC_NEline01_cast1_Latitude_28_47.48_Longitude_088_15.72,Gulf of Mexico / West Florida Shelf,global_augmentation,2011-09-23 14:10:15,28.791333333333334,-88.262,150.0,,17.16845,36.2817,0.7435,3.102465,1517.2885313296235,1525.855,-8.56646867037648,direct_CTD_depth,405.0,FIO_CTD_Data_Daly_2/Daly_CTD_WB0911/WB0911_NELine01_Cast1.csv,https://data.gulfresearchinitiative.org/data/Y1.x030.000:0007
GRIIDC_Y1x030x0007,GRIIDC_NEline01_cast1_Latitude_28_47.48_Longitude_088_15.72,Gulf of Mexico / West Florida Shelf,global_augmentation,2011-09-23 14:10:15,28.791333333333334,-88.262,200.0,,15.2026,35.9805,0.73665,3.01893,1511.7584086182083,1521.46,-9.701591381791786,direct_CTD_depth,405.0,FIO_CTD_Data_Daly_2/Daly_CTD_WB0911/WB0911_NELine01_Cast1.csv,https://data.gulfresearchinitiative.org/data/Y1.x030.000:0007
GRIIDC_Y1x030x0007,GRIIDC_NEline01_cast1_Latitude_28_47.48_Longitude_088_15.72,Gulf of Mexico / West Florida Shelf,global_augmentation,2011-09-23 14:10:15,28.791333333333334,-88.262,300.0,,11.9963,35.478300000000004,0.70955,2.7992749999999997,1502.298763389957,1517.855,-15.556236610043015,direct_CTD_depth,405.0,FIO_CTD_Data_Daly_2/Daly_CTD_WB0911/WB0911_NELine01_Cast1.csv,https://data.gulfresearchinitiative.org/data/Y1.x030.000:0007
GRIIDC_Y1x030x0007,GRIIDC_NEline01_cast1_Latitude_28_47.48_Longitude_088_15.72,Gulf of Mexico / West Florida Shelf,global_augmentation,2011-09-23 14:10:15,28.791333333333334,-88.262,400.0,,10.299399999999999,35.229699999999994,0.6888000000000001,2.70013,1497.7074336730564,1515.08,-17.37256632694357,direct_CTD_depth,405.0,FIO_CTD_Data_Daly_2/Daly_CTD_WB0911/WB0911_NELine01_Cast1.csv,https://data.gulfresearchinitiative.org/data/Y1.x030.000:0007
GRIIDC_Y1x030x0007,GRIIDC_NEline01_cast2_Latitude_28_47.46_Longitude_088_15.56,Gulf of Mexico / West Florida Shelf,global_augmentation,2011-09-23 16:45:37,28.791,-88.25933333333333,1.0,,28.093400000000003,31.1662,1.2126000000000001,4.743074999999999,1537.3222655697807,1498.9250000000002,38.39726556978053,direct_CTD_depth,1277.0,FIO_CTD_Data_Daly_2/Daly_CTD_WB0911/WB0911_NELine01_Cast2.csv,https://data.gulfresearchinitiative.org/data/Y1.x030.000:0007
GRIIDC_Y1x030x0007,GRIIDC_NEline01_cast2_Latitude_28_47.46_Longitude_088_15.56,Gulf of Mexico / West Florida Shelf,global_augmentation,2011-09-23 16:45:37,28.791,-88.25933333333333,2.0,,28.20865,33.3041,0.7643,4.32048,1539.8397253405562,1498.9250000000002,40.91472534055606,direct_CTD_depth,1277.0,FIO_CTD_Data_Daly_2/Daly_CTD_WB0911/WB0911_NELine01_Cast2.csv,https://data.gulfresearchinitiative.org/data/Y1.x030.000:0007
GRIIDC_Y1x030x0007,GRIIDC_NEline01_cast2_Latitude_28_47.46_Longitude_088_15.56,Gulf of Mexico / West Florida Shelf,global_augmentation,2011-09-23 16:45:37,28.791,-88.25933333333333,5.0,,28.04505,33.04685,0.82535,4.509335,1539.259886347084,1498.9250000000002,40.33488634708374,direct_CTD_depth,1277.0,FIO_CTD_Data_Daly_2/Daly_CTD_WB0911/WB0911_NELine01_Cast2.csv,https://data.gulfresearchinitiative.org/data/Y1.x030.000:0007
GRIIDC_Y1x030x0007,GRIIDC_NEline01_cast2_Latitude_28_47.46_Longitude_088_15.56,Gulf of Mexico / West Florida Shelf,global_augmentation,2011-09-23 16:45:37,28.791,-88.25933333333333,10.0,,28.440150000000003,34.28265,0.82505,4.424175,1541.4996781352402,1498.9250000000002,42.57467813523999,direct_CTD_depth,1277.0,FIO_CTD_Data_Daly_2/Daly_CTD_WB0911/WB0911_NELine01_Cast2.csv,https://data.gulfresearchinitiative.org/data/Y1.x030.000:0007
GRIIDC_Y1x030x0007,GRIIDC_NEline01_cast2_Latitude_28_47.46_Longitude_088_15.56,Gulf of Mexico / West Florida Shelf,global_augmentation,2011-09-23 16:45:37,28.791,-88.25933333333333,20.0,,28.6074,36.06155,0.8074,4.259965,1543.8847571880065,1498.9250000000002,44.95975718800628,direct_CTD_depth,1277.0,FIO_CTD_Data_Daly_2/Daly_CTD_WB0911/WB0911_NELine01_Cast2.csv,https://data.gulfresearchinitiative.org/data/Y1.x030.000:0007
GRIIDC_Y1x030x0007,GRIIDC_NEline01_cast2_Latitude_28_47.46_Longitude_088_15.56,Gulf of Mexico / West Florida Shelf,global_augmentation,2011-09-23 16:45:37,28.791,-88.25933333333333,30.0,,28.390700000000002,36.1816,0.83475,4.071635000000001,1543.7110337418508,1509.7800000000002,33.93103374185057,direct_CTD_depth,1277.0,FIO_CTD_Data_Daly_2/Daly_CTD_WB0911/WB0911_NELine01_Cast2.csv,https://data.gulfresearchinitiative.org/data/Y1.x030.000:0007
GRIIDC_Y1x030x0007,GRIIDC_NEline01_cast2_Latitude_28_47.46_Longitude_088_15.56,Gulf of Mexico / West Florida Shelf,global_augmentation,2011-09-23 16:45:37,28.791,-88.25933333333333,50.0,,24.1978,36.3309,0.7982,3.765705,1534.6277556303687,1509.7800000000002,24.84775563036851,direct_CTD_depth,1277.0,FIO_CTD_Data_Daly_2/Daly_CTD_WB0911/WB0911_NELine01_Cast2.csv,https://data.gulfresearchinitiative.org/data/Y1.x030.000:0007
GRIIDC_Y1x030x0007,GRIIDC_NEline01_cast2_Latitude_28_47.46_Longitude_088_15.56,Gulf of Mexico / West Florida Shelf,global_augmentation,2011-09-23 16:45:37,28.791,-88.25933333333333,75.0,,21.10805,36.498999999999995,0.776,3.971955,1527.3755460892503,1509.7800000000002,17.595546089250092,direct_CTD_depth,1277.0,FIO_CTD_Data_Daly_2/Daly_CTD_WB0911/WB0911_NELine01_Cast2.csv,https://data.gulfresearchinitiative.org/data/Y1.x030.000:0007
GRIIDC_Y1x030x0007,GRIIDC_NEline01_cast2_Latitude_28_47.46_Longitude_088_15.56,Gulf of Mexico / West Florida Shelf,global_augmentation,2011-09-23 16:45:37,28.791,-88.25933333333333,100.0,,19.1926,36.406499999999994,0.7516,3.471495,1522.4536572472437,1514.1950000000002,8.258657247243491,direct_CTD_depth,1277.0,FIO_CTD_Data_Daly_2/Daly_CTD_WB0911/WB0911_NELine01_Cast2.csv,https://data.gulfresearchinitiative.org/data/Y1.x030.000:0007
GRIIDC_Y1x030x0007,GRIIDC_NEline01_cast2_Latitude_28_47.46_Longitude_088_15.56,Gulf of Mexico / West Florida Shelf,global_augmentation,2011-09-23 16:45:37,28.791,-88.25933333333333,150.0,,17.06185,36.27889999999999,0.74675,3.12824,1516.9685700727346,1514.1950000000002,2.773570072734401,direct_CTD_depth,1277.0,FIO_CTD_Data_Daly_2/Daly_CTD_WB0911/WB0911_NELine01_Cast2.csv,https://data.gulfresearchinitiative.org/data/Y1.x030.000:0007
GRIIDC_Y1x030x0007,GRIIDC_NEline01_cast2_Latitude_28_47.46_Longitude_088_15.56,Gulf of Mexico / West Florida Shelf,global_augmentation,2011-09-23 16:45:37,28.791,-88.25933333333333,200.0,,14.9967,35.953649999999996,0.72255,2.96197,1511.079710310782,1510.91,0.16971031078196575,direct_CTD_depth,1277.0,FIO_CTD_Data_Daly_2/Daly_CTD_WB0911/WB0911_NELine01_Cast2.csv,https://data.gulfresearchinitiative.org/data/Y1.x030.000:0007
GRIIDC_Y1x030x0007,GRIIDC_NEline01_cast2_Latitude_28_47.46_Longitude_088_15.56,Gulf of Mexico / West Florida Shelf,global_augmentation,2011-09-23 16:45:37,28.791,-88.25933333333333,300.0,,12.194700000000001,35.5069,0.7092,2.83279,1503.0094981175876,1510.91,-7.900501882412527,direct_CTD_depth,1277.0,FIO_CTD_Data_Daly_2/Daly_CTD_WB0911/WB0911_NELine01_Cast2.csv,https://data.gulfresearchinitiative.org/data/Y1.x030.000:0007
GRIIDC_Y1x030x0007,GRIIDC_NEline01_cast2_Latitude_28_47.46_Longitude_088_15.56,Gulf of Mexico / West Florida Shelf,global_augmentation,2011-09-23 16:45:37,28.791,-88.25933333333333,400.0,,10.18195,35.2149,0.6910499999999999,2.69982,1497.2690324017271,1507.4650000000001,-10.195967598273,direct_CTD_depth,1277.0,FIO_CTD_Data_Daly_2/Daly_CTD_WB0911/WB0911_NELine01_Cast2.csv,https://data.gulfresearchinitiative.org/data/Y1.x030.000:0007
GRIIDC_Y1x030x0007,GRIIDC_NEline01_cast2_Latitude_28_47.46_Longitude_088_15.56,Gulf of Mexico / West Florida Shelf,global_augmentation,2011-09-23 16:45:37,28.791,-88.25933333333333,500.0,,8.4573,35.01125,0.6698500000000001,2.773975,1492.3425564917366,1504.765,-12.422443508263541,direct_CTD_depth,1277.0,FIO_CTD_Data_Daly_2/Daly_CTD_WB0911/WB0911_NELine01_Cast2.csv,https://data.gulfresearchinitiative.org/data/Y1.x030.000:0007
GRIIDC_Y1x030x0007,GRIIDC_NEline01_cast2_Latitude_28_47.46_Longitude_088_15.56,Gulf of Mexico / West Florida Shelf,global_augmentation,2011-09-23 16:45:37,28.791,-88.25933333333333,750.0,,6.2697,34.9013,0.6568499999999999,3.2891000000000004,1487.9091601515918,1500.8850000000002,-12.975839848408441,direct_CTD_depth,1277.0,FIO_CTD_Data_Daly_2/Daly_CTD_WB0911/WB0911_NELine01_Cast2.csv,https://data.gulfresearchinitiative.org/data/Y1.x030.000:0007
GRIIDC_Y1x030x0007,GRIIDC_NEline01_cast2_Latitude_28_47.46_Longitude_088_15.56,Gulf of Mexico / West Florida Shelf,global_augmentation,2011-09-23 16:45:37,28.791,-88.25933333333333,1000.0,,5.104,34.929,0.6441,4.0054,1487.414724912579,1498.6100000000001,-11.195275087421123,direct_CTD_depth,1277.0,FIO_CTD_Data_Daly_2/Daly_CTD_WB0911/WB0911_NELine01_Cast2.csv,https://data.gulfresearchinitiative.org/data/Y1.x030.000:0007
GRIIDC_Y1x030x0007,GRIIDC_NEline01_cast2_Latitude_28_47.46_Longitude_088_15.56,Gulf of Mexico / West Florida Shelf,global_augmentation,2011-09-23 16:45:37,28.791,-88.25933333333333,1250.0,,4.51295,34.954800000000006,0.65135,4.52808,1489.1924721529579,1497.33,-8.137527847042065,direct_CTD_depth,1277.0,FIO_CTD_Data_Daly_2/Daly_CTD_WB0911/WB0911_NELine01_Cast2.csv,https://data.gulfresearchinitiative.org/data/Y1.x030.000:0007
GRIIDC_Y1x030x0007,GRIIDC_NEline01_cast3_Latitude_28_47.50_Longitude_088_15.62,Gulf of Mexico / West Florida Shelf,global_augmentation,2011-09-23 19:41:26,28.791666666666668,-88.26033333333334,1.0,,28.082749999999997,30.3602,1.8148499999999999,4.76457,1536.4506670561993,1499.56,36.89066705619939,direct_CTD_depth,1282.0,FIO_CTD_Data_Daly_2/Daly_CTD_WB0911/WB0911_NELine01_Cast3.csv,https://data.gulfresearchinitiative.org/data/Y1.x030.000:0007
GRIIDC_Y1x030x0007,GRIIDC_NEline01_cast3_Latitude_28_47.50_Longitude_088_15.62,Gulf of Mexico / West Florida Shelf,global_augmentation,2011-09-23 19:41:26,28.791666666666668,-88.26033333333334,2.0,,28.240000000000002,33.1109,0.67465,4.2390550000000005,1539.7051571218162,1499.56,40.14515712181628,direct_CTD_depth,1282.0,FIO_CTD_Data_Daly_2/Daly_CTD_WB0911/WB0911_NELine01_Cast3.csv,https://data.gulfresearchinitiative.org/data/Y1.x030.000:0007
GRIIDC_Y1x030x0007,GRIIDC_NEline01_cast3_Latitude_28_47.50_Longitude_088_15.62,Gulf of Mexico / West Florida Shelf,global_augmentation,2011-09-23 19:41:26,28.791666666666668,-88.26033333333334,5.0,,28.07945,32.855999999999995,0.80385,3.74906,1539.1345856355003,1499.56,39.5745856355004,direct_CTD_depth,1282.0,FIO_CTD_Data_Daly_2/Daly_CTD_WB0911/WB0911_NELine01_Cast3.csv,https://data.gulfresearchinitiative.org/data/Y1.x030.000:0007
GRIIDC_Y1x030x0007,GRIIDC_NEline01_cast3_Latitude_28_47.50_Longitude_088_15.62,Gulf of Mexico / West Florida Shelf,global_augmentation,2011-09-23 19:41:26,28.791666666666668,-88.26033333333334,10.0,,28.3422,33.9054,0.8039000000000001,3.76229,1540.8921172631847,1499.56,41.33211726318473,direct_CTD_depth,1282.0,FIO_CTD_Data_Daly_2/Daly_CTD_WB0911/WB0911_NELine01_Cast3.csv,https://data.gulfresearchinitiative.org/data/Y1.x030.000:0007
GRIIDC_Y1x030x0007,GRIIDC_NEline01_cast3_Latitude_28_47.50_Longitude_088_15.62,Gulf of Mexico / West Florida Shelf,global_augmentation,2011-09-23 19:41:26,28.791666666666668,-88.26033333333334,20.0,,28.6038,35.9329,0.7949,4.25425,1543.7424226476512,1497.13,46.6124226476511,direct_CTD_depth,1282.0,FIO_CTD_Data_Daly_2/Daly_CTD_WB0911/WB0911_NELine01_Cast3.csv,https://data.gulfresearchinitiative.org/data/Y1.x030.000:0007
GRIIDC_Y1x030x0007,GRIIDC_NEline01_cast3_Latitude_28_47.50_Longitude_088_15.62,Gulf of Mexico / West Florida Shelf,global_augmentation,2011-09-23 19:41:26,28.791666666666668,-88.26033333333334,30.0,,28.4179,36.203100000000006,0.7949,4.384765,1543.7917991152185,1509.19,34.601799115218455,direct_CTD_depth,1282.0,FIO_CTD_Data_Daly_2/Daly_CTD_WB0911/WB0911_NELine01_Cast3.csv,https://data.gulfresearchinitiative.org/data/Y1.x030.000:0007
GRIIDC_Y1x030x0007,GRIIDC_NEline01_cast3_Latitude_28_47.50_Longitude_088_15.62,Gulf of Mexico / West Florida Shelf,global_augmentation,2011-09-23 19:41:26,28.791666666666668,-88.26033333333334,50.0,,24.48075,36.280950000000004,0.8040499999999999,3.38415,1535.2573485212133,1509.19,26.067348521213262,direct_CTD_depth,1282.0,FIO_CTD_Data_Daly_2/Daly_CTD_WB0911/WB0911_NELine01_Cast3.csv,https://data.gulfresearchinitiative.org/data/Y1.x030.000:0007
GRIIDC_Y1x030x0007,GRIIDC_NEline01_cast3_Latitude_28_47.50_Longitude_088_15.62,Gulf of Mexico / West Florida Shelf,global_augmentation,2011-09-23 19:41:26,28.791666666666668,-88.26033333333334,75.0,,21.15245,36.48845,0.74305,4.013260000000001,1527.481450879731,1509.19,18.291450879730974,direct_CTD_depth,1282.0,FIO_CTD_Data_Daly_2/Daly_CTD_WB0911/WB0911_NELine01_Cast3.csv,https://data.gulfresearchinitiative.org/data/Y1.x030.000:0007
GRIIDC_Y1x030x0007,GRIIDC_NEline01_cast3_Latitude_28_47.50_Longitude_088_15.62,Gulf of Mexico / West Florida Shelf,global_augmentation,2011-09-23 19:41:26,28.791666666666668,-88.26033333333334,100.0,,19.0735,36.41455,0.73305,3.4812649999999996,1522.1284772841123,1509.19,12.938477284112196,direct_CTD_depth,1282.0,FIO_CTD_Data_Daly_2/Daly_CTD_WB0911/WB0911_NELine01_Cast3.csv,https://data.gulfresearchinitiative.org/data/Y1.x030.000:0007
GRIIDC_Y1x030x0007,GRIIDC_NEline01_cast3_Latitude_28_47.50_Longitude_088_15.62,Gulf of Mexico / West Florida Shelf,global_augmentation,2011-09-23 19:41:26,28.791666666666668,-88.26033333333334,150.0,,17.3622,36.3039,0.71615,3.092595,1517.8875684412417,1512.8400000000001,5.047568441241538,direct_CTD_depth,1282.0,FIO_CTD_Data_Daly_2/Daly_CTD_WB0911/WB0911_NELine01_Cast3.csv,https://data.gulfresearchinitiative.org/data/Y1.x030.000:0007
GRIIDC_Y1x030x0007,GRIIDC_NEline01_cast3_Latitude_28_47.50_Longitude_088_15.62,Gulf of Mexico / West Florida Shelf,global_augmentation,2011-09-23 19:41:26,28.791666666666668,-88.26033333333334,200.0,,15.28455,35.9935,0.71025,2.8707000000000003,1512.0302460855519,1512.8400000000001,-0.8097539144482653,direct_CTD_depth,1282.0,FIO_CTD_Data_Daly_2/Daly_CTD_WB0911/WB0911_NELine01_Cast3.csv,https://data.gulfresearchinitiative.org/data/Y1.x030.000:0007
GRIIDC_Y1x030x0007,GRIIDC_NEline01_cast3_Latitude_28_47.50_Longitude_088_15.62,Gulf of Mexico / West Florida Shelf,global_augmentation,2011-09-23 19:41:26,28.791666666666668,-88.26033333333334,300.0,,12.2808,35.518699999999995,0.6928,2.828665,1503.316071039349,1509.23,-5.913928960650992,direct_CTD_depth,1282.0,FIO_CTD_Data_Daly_2/Daly_CTD_WB0911/WB0911_NELine01_Cast3.csv,https://data.gulfresearchinitiative.org/data/Y1.x030.000:0007
GRIIDC_Y1x030x0007,GRIIDC_NEline01_cast3_Latitude_28_47.50_Longitude_088_15.62,Gulf of Mexico / West Florida Shelf,global_augmentation,2011-09-23 19:41:26,28.791666666666668,-88.26033333333334,400.0,,10.027550000000002,35.1977,0.6711,2.6958900000000003,1496.6935240413302,1506.1750000000002,-9.48147595866999,direct_CTD_depth,1282.0,FIO_CTD_Data_Daly_2/Daly_CTD_WB0911/WB0911_NELine01_Cast3.csv,https://data.gulfresearchinitiative.org/data/Y1.x030.000:0007
GRIIDC_Y1x030x0007,GRIIDC_NEline01_cast3_Latitude_28_47.50_Longitude_088_15.62,Gulf of Mexico / West Florida Shelf,global_augmentation,2011-09-23 19:41:26,28.791666666666668,-88.26033333333334,500.0,,8.471499999999999,35.01205,0.6649,2.784255,1492.3967226644322,1503.7350000000001,-11.33827733556791,direct_CTD_depth,1282.0,FIO_CTD_Data_Daly_2/Daly_CTD_WB0911/WB0911_NELine01_Cast3.csv,https://data.gulfresearchinitiative.org/data/Y1.x030.000:0007
GRIIDC_Y1x030x0007,GRIIDC_NEline01_cast3_Latitude_28_47.50_Longitude_088_15.62,Gulf of Mexico / West Florida Shelf,global_augmentation,2011-09-23 19:41:26,28.791666666666668,-88.26033333333334,750.0,,6.1805,34.9012,0.6531,3.338285,1487.5558940177561,1500.245,-12.689105982243746,direct_CTD_depth,1282.0,FIO_CTD_Data_Daly_2/Daly_CTD_WB0911/WB0911_NELine01_Cast3.csv,https://data.gulfresearchinitiative.org/data/Y1.x030.000:0007
GRIIDC_Y1x030x0007,GRIIDC_NEline01_cast3_Latitude_28_47.50_Longitude_088_15.62,Gulf of Mexico / West Florida Shelf,global_augmentation,2011-09-23 19:41:26,28.791666666666668,-88.26033333333334,1000.0,,5.0543499999999995,34.9306,0.6485,4.06582,1487.2146813041397,1498.355,-11.140318695860287,direct_CTD_depth,1282.0,FIO_CTD_Data_Daly_2/Daly_CTD_WB0911/WB0911_NELine01_Cast3.csv,https://data.gulfresearchinitiative.org/data/Y1.x030.000:0007
GRIIDC_Y1x030x0007,GRIIDC_NEline01_cast3_Latitude_28_47.50_Longitude_088_15.62,Gulf of Mexico / West Florida Shelf,global_augmentation,2011-09-23 19:41:26,28.791666666666668,-88.26033333333334,1250.0,,4.49295,34.95565,0.6491,4.549390000000001,1489.111035267793,1497.595,-8.483964732206914,direct_CTD_depth,1282.0,FIO_CTD_Data_Daly_2/Daly_CTD_WB0911/WB0911_NELine01_Cast3.csv,https://data.gulfresearchinitiative.org/data/Y1.x030.000:0007
GRIIDC_Y1x030x0007,GRIIDC_NT07_cast1_Latitude_28_10.50_Longitude_085_43.42,Gulf of Mexico / West Florida Shelf,global_augmentation,2011-06-28 10:31:56,28.175,-85.72366666666667,1.0,,29.4795,34.3624,1.09595,4.718525,1543.6429554970593,1526.75,16.892955497059347,direct_CTD_depth,491.0,FIO_CTD_Data_Daly_2/Daly_CTD_WB0611/WB0611_NT07.csv,https://data.gulfresearchinitiative.org/data/Y1.x030.000:0007
GRIIDC_Y1x030x0007,GRIIDC_NT07_cast1_Latitude_28_10.50_Longitude_085_43.42,Gulf of Mexico / West Florida Shelf,global_augmentation,2011-06-28 10:31:56,28.175,-85.72366666666667,2.0,,29.47365,34.3779,0.33615,4.25681,1543.663119982818,1526.75,16.91311998281799,direct_CTD_depth,491.0,FIO_CTD_Data_Daly_2/Daly_CTD_WB0611/WB0611_NT07.csv,https://data.gulfresearchinitiative.org/data/Y1.x030.000:0007
GRIIDC_Y1x030x0007,GRIIDC_NT07_cast1_Latitude_28_10.50_Longitude_085_43.42,Gulf of Mexico / West Florida Shelf,global_augmentation,2011-06-28 10:31:56,28.175,-85.72366666666667,5.0,,29.4899,34.40195,0.4133,4.414795,1543.7709267341522,1526.75,17.020926734152226,direct_CTD_depth,491.0,FIO_CTD_Data_Daly_2/Daly_CTD_WB0611/WB0611_NT07.csv,https://data.gulfresearchinitiative.org/data/Y1.x030.000:0007
GRIIDC_Y1x030x0007,GRIIDC_NT07_cast1_Latitude_28_10.50_Longitude_085_43.42,Gulf of Mexico / West Florida Shelf,global_augmentation,2011-06-28 10:31:56,28.175,-85.72366666666667,10.0,,29.55185,34.4442,0.4132,4.413615,1544.0254981402036,1526.75,17.27549814020358,direct_CTD_depth,491.0,FIO_CTD_Data_Daly_2/Daly_CTD_WB0611/WB0611_NT07.csv,https://data.gulfresearchinitiative.org/data/Y1.x030.000:0007
GRIIDC_Y1x030x0007,GRIIDC_NT07_cast1_Latitude_28_10.50_Longitude_085_43.42,Gulf of Mexico / West Florida Shelf,global_augmentation,2011-06-28 10:31:56,28.175,-85.72366666666667,20.0,,29.31055,35.7286,0.4094,4.596585,1545.0190785555117,1526.75,18.26907855551167,direct_CTD_depth,491.0,FIO_CTD_Data_Daly_2/Daly_CTD_WB0611/WB0611_NT07.csv,https://data.gulfresearchinitiative.org/data/Y1.x030.000:0007
GRIIDC_Y1x030x0007,GRIIDC_NT07_cast1_Latitude_28_10.50_Longitude_085_43.42,Gulf of Mexico / West Florida Shelf,global_augmentation,2011-06-28 10:31:56,28.175,-85.72366666666667,30.0,,24.709449999999997,35.837199999999996,0.43025,5.2712699999999995,1534.9976462146055,1526.7849999999999,8.212646214605684,direct_CTD_depth,491.0,FIO_CTD_Data_Daly_2/Daly_CTD_WB0611/WB0611_NT07.csv,https://data.gulfresearchinitiative.org/data/Y1.x030.000:0007
GRIIDC_Y1x030x0007,GRIIDC_NT07_cast1_Latitude_28_10.50_Longitude_085_43.42,Gulf of Mexico / West Florida Shelf,global_augmentation,2011-06-28 10:31:56,28.175,-85.72366666666667,50.0,,20.112949999999998,36.260999999999996,0.3961,4.9931149999999995,1524.0189933684464,1526.7849999999999,-2.7660066315534095,direct_CTD_depth,491.0,FIO_CTD_Data_Daly_2/Daly_CTD_WB0611/WB0611_NT07.csv,https://data.gulfresearchinitiative.org/data/Y1.x030.000:0007
GRIIDC_Y1x030x0007,GRIIDC_NT07_cast1_Latitude_28_10.50_Longitude_085_43.42,Gulf of Mexico / West Florida Shelf,global_augmentation,2011-06-28 10:31:56,28.175,-85.72366666666667,75.0,,19.214399999999998,36.389700000000005,0.3804,3.7246050000000004,1522.0873152253532,1526.7849999999999,-4.697684774646632,direct_CTD_depth,491.0,FIO_CTD_Data_Daly_2/Daly_CTD_WB0611/WB0611_NT07.csv,https://data.gulfresearchinitiative.org/data/Y1.x030.000:0007
GRIIDC_Y1x030x0007,GRIIDC_NT07_cast1_Latitude_28_10.50_Longitude_085_43.42,Gulf of Mexico / West Florida Shelf,global_augmentation,2011-06-28 10:31:56,28.175,-85.72366666666667,100.0,,18.0113,36.19865,0.39039999999999997,3.7642249999999997,1518.8470241823363,1522.68,-3.832975817663737,direct_CTD_depth,491.0,FIO_CTD_Data_Daly_2/Daly_CTD_WB0611/WB0611_NT07.csv,https://data.gulfresearchinitiative.org/data/Y1.x030.000:0007
GRIIDC_Y1x030x0007,GRIIDC_NT07_cast1_Latitude_28_10.50_Longitude_085_43.42,Gulf of Mexico / West Florida Shelf,global_augmentation,2011-06-28 10:31:56,28.175,-85.72366666666667,150.0,,16.13735,36.07535,0.37785,3.1677999999999997,1513.9436874689723,1518.9450000000002,-5.0013125310279065,direct_CTD_depth,491.0,FIO_CTD_Data_Daly_2/Daly_CTD_WB0611/WB0611_NT07.csv,https://data.gulfresearchinitiative.org/data/Y1.x030.000:0007
GRIIDC_Y1x030x0007,GRIIDC_NT07_cast1_Latitude_28_10.50_Longitude_085_43.42,Gulf of Mexico / West Florida Shelf,global_augmentation,2011-06-28 10:31:56,28.175,-85.72366666666667,200.0,,14.24795,35.78885,0.37055000000000005,2.9222,1508.500128742536,1516.56,-8.05987125746401,direct_CTD_depth,491.0,FIO_CTD_Data_Daly_2/Daly_CTD_WB0611/WB0611_NT07.csv,https://data.gulfresearchinitiative.org/data/Y1.x030.000:0007
GRIIDC_Y1x030x0007,GRIIDC_NT07_cast1_Latitude_28_10.50_Longitude_085_43.42,Gulf of Mexico / West Florida Shelf,global_augmentation,2011-06-28 10:31:56,28.175,-85.72366666666667,300.0,,11.6025,35.3669,0.36565000000000003,2.814975,1500.8105983411374,1514.525,-13.714401658862698,direct_CTD_depth,491.0,FIO_CTD_Data_Daly_2/Daly_CTD_WB0611/WB0611_NT07.csv,https://data.gulfresearchinitiative.org/data/Y1.x030.000:0007
GRIIDC_Y1x030x0007,GRIIDC_NT07_cast1_Latitude_28_10.50_Longitude_085_43.42,Gulf of Mexico / West Florida Shelf,global_augmentation,2011-06-28 10:31:56,28.175,-85.72366666666667,400.0,,9.5667,35.0851,0.37695,2.7411849999999998,1494.886316455662,1510.94,-16.053683544338128,direct_CTD_depth,491.0,FIO_CTD_Data_Daly_2/Daly_CTD_WB0611/WB0611_NT07.csv,https://data.gulfresearchinitiative.org/data/Y1.x030.000:0007
GRIIDC_Y1x030x0007,GRIIDC_NT07_cast1_Latitude_28_10.890_Longitude_85_43.291,Gulf of Mexico / West Florida Shelf,global_augmentation,2012-04-27 12:40:05,28.1815,-85.72151666666667,1.0,,24.760550000000002,22.60745,3.8504,5.033099999999999,1520.2769310598076,1504.19,16.08693105980751,direct_CTD_depth,478.0,FIO_CTD_Data_Daly_2/Daly_CTD_BE0412/BE0412_NT07_cast1.csv,https://data.gulfresearchinitiative.org/data/Y1.x030.000:0007
GRIIDC_Y1x030x0007,GRIIDC_NT07_cast1_Latitude_28_10.890_Longitude_85_43.291,Gulf of Mexico / West Florida Shelf,global_augmentation,2012-04-27 12:40:05,28.1815,-85.72151666666667,2.0,,24.78265,32.90845,0.3114,4.269159999999999,1531.5357421800734,1504.19,27.34574218007333,direct_CTD_depth,478.0,FIO_CTD_Data_Daly_2/Daly_CTD_BE0412/BE0412_NT07_cast1.csv,https://data.gulfresearchinitiative.org/data/Y1.x030.000:0007
GRIIDC_Y1x030x0007,GRIIDC_NT07_cast1_Latitude_28_10.890_Longitude_85_43.291,Gulf of Mexico / West Florida Shelf,global_augmentation,2012-04-27 12:40:05,28.1815,-85.72151666666667,5.0,,24.7763,36.1918,0.30820000000000003,4.570125,1535.1351305043238,1504.19,30.945130504323743,direct_CTD_depth,478.0,FIO_CTD_Data_Daly_2/Daly_CTD_BE0412/BE0412_NT07_cast1.csv,https://data.gulfresearchinitiative.org/data/Y1.x030.000:0007
GRIIDC_Y1x030x0007,GRIIDC_NT07_cast1_Latitude_28_10.890_Longitude_85_43.291,Gulf of Mexico / West Florida Shelf,global_augmentation,2012-04-27 12:40:05,28.1815,-85.72151666666667,10.0,,24.77985,36.1909,0.3134,4.59307,1535.2241415657563,1504.19,31.034141565756272,direct_CTD_depth,478.0,FIO_CTD_Data_Daly_2/Daly_CTD_BE0412/BE0412_NT07_cast1.csv,https://data.gulfresearchinitiative.org/data/Y1.x030.000:0007
GRIIDC_Y1x030x0007,GRIIDC_NT07_cast1_Latitude_28_10.890_Longitude_85_43.291,Gulf of Mexico / West Florida Shelf,global_augmentation,2012-04-27 12:40:05,28.1815,-85.72151666666667,20.0,,24.783749999999998,36.18925,0.3068,4.592409999999999,1535.3947104291542,1508.81,26.584710429154256,direct_CTD_depth,478.0,FIO_CTD_Data_Daly_2/Daly_CTD_BE0412/BE0412_NT07_cast1.csv,https://data.gulfresearchinitiative.org/data/Y1.x030.000:0007
GRIIDC_Y1x030x0007,GRIIDC_NT07_cast1_Latitude_28_10.890_Longitude_85_43.291,Gulf of Mexico / West Florida Shelf,global_augmentation,2012-04-27 12:40:05,28.1815,-85.72151666666667,30.0,,24.78775,36.1856,0.3316,4.58525,1535.5633784789175,1514.15,21.413378478917366,direct_CTD_depth,478.0,FIO_CTD_Data_Daly_2/Daly_CTD_BE0412/BE0412_NT07_cast1.csv,https://data.gulfresearchinitiative.org/data/Y1.x030.000:0007
GRIIDC_Y1x030x0007,GRIIDC_NT07_cast1_Latitude_28_10.890_Longitude_85_43.291,Gulf of Mexico / West Florida Shelf,global_augmentation,2012-04-27 12:40:05,28.1815,-85.72151666666667,50.0,,23.103,36.43005,0.31055,4.85574,1532.0363118867976,1514.15,17.886311886797557,direct_CTD_depth,478.0,FIO_CTD_Data_Daly_2/Daly_CTD_BE0412/BE0412_NT07_cast1.csv,https://data.gulfresearchinitiative.org/data/Y1.x030.000:0007
GRIIDC_Y1x030x0007,GRIIDC_NT07_cast1_Latitude_28_10.890_Longitude_85_43.291,Gulf of Mexico / West Florida Shelf,global_augmentation,2012-04-27 12:40:05,28.1815,-85.72151666666667,75.0,,21.816000000000003,36.44215,0.31155,4.713495,1529.1718823119584,1519.745,9.42688231195848,direct_CTD_depth,478.0,FIO_CTD_Data_Daly_2/Daly_CTD_BE0412/BE0412_NT07_cast1.csv,https://data.gulfresearchinitiative.org/data/Y1.x030.000:0007
GRIIDC_Y1x030x0007,GRIIDC_NT07_cast1_Latitude_28_10.890_Longitude_85_43.291,Gulf of Mexico / West Florida Shelf,global_augmentation,2012-04-27 12:40:05,28.1815,-85.72151666666667,100.0,,20.88145,36.465999999999994,0.29335,3.95294,1527.1433049614336,1520.345,6.798304961433587,direct_CTD_depth,478.0,FIO_CTD_Data_Daly_2/Daly_CTD_BE0412/BE0412_NT07_cast1.csv,https://data.gulfresearchinitiative.org/data/Y1.x030.000:0007
GRIIDC_Y1x030x0007,GRIIDC_NT07_cast1_Latitude_28_10.890_Longitude_85_43.291,Gulf of Mexico / West Florida Shelf,global_augmentation,2012-04-27 12:40:05,28.1815,-85.72151666666667,150.0,,18.298650000000002,36.4828,0.2883,3.2983599999999997,1520.8212989798478,1519.96,0.8612989798477884,direct_CTD_depth,478.0,FIO_CTD_Data_Daly_2/Daly_CTD_BE0412/BE0412_NT07_cast1.csv,https://data.gulfresearchinitiative.org/data/Y1.x030.000:0007
GRIIDC_Y1x030x0007,GRIIDC_NT07_cast1_Latitude_28_10.890_Longitude_85_43.291,Gulf of Mexico / West Florida Shelf,global_augmentation,2012-04-27 12:40:05,28.1815,-85.72151666666667,200.0,,16.2274,36.170249999999996,0.28335,3.356375,1515.1475855758756,1518.895,-3.747414424124372,direct_CTD_depth,478.0,FIO_CTD_Data_Daly_2/Daly_CTD_BE0412/BE0412_NT07_cast1.csv,https://data.gulfresearchinitiative.org/data/Y1.x030.000:0007
GRIIDC_Y1x030x0007,GRIIDC_NT07_cast1_Latitude_28_10.890_Longitude_85_43.291,Gulf of Mexico / West Florida Shelf,global_augmentation,2012-04-27 12:40:05,28.1815,-85.72151666666667,300.0,,12.95385,35.62545,0.2846,2.88849,1505.7068108384447,1516.45,-10.743189161555392,direct_CTD_depth,478.0,FIO_CTD_Data_Daly_2/Daly_CTD_BE0412/BE0412_NT07_cast1.csv,https://data.gulfresearchinitiative.org/data/Y1.x030.000:0007
GRIIDC_Y1x030x0007,GRIIDC_NT07_cast1_Latitude_28_10.890_Longitude_85_43.291,Gulf of Mexico / West Florida Shelf,global_augmentation,2012-04-27 12:40:05,28.1815,-85.72151666666667,400.0,,10.70815,35.285650000000004,0.31020000000000003,2.651535,1499.2285323069184,1514.1599999999999,-14.931467693081458,direct_CTD_depth,478.0,FIO_CTD_Data_Daly_2/Daly_CTD_BE0412/BE0412_NT07_cast1.csv,https://data.gulfresearchinitiative.org/data/Y1.x030.000:0007
GRIIDC_Y1x030x0007,GRIIDC_NT07_cast2_Latitude_28_10.278_Longitude_85_43.511,Gulf of Mexico / West Florida Shelf,global_augmentation,2012-04-27 14:02:38,28.1713,-85.72518333333333,1.0,,24.637,19.7583,2.9958,5.47714,1516.8656806261408,1505.8899999999999,10.975680626140957,direct_CTD_depth,53.0,FIO_CTD_Data_Daly_2/Daly_CTD_BE0412/BE0412_NT07_cast2.csv,https://data.gulfresearchinitiative.org/data/Y1.x030.000:0007
GRIIDC_Y1x030x0007,GRIIDC_NT07_cast2_Latitude_28_10.278_Longitude_85_43.511,Gulf of Mexico / West Florida Shelf,global_augmentation,2012-04-27 14:02:38,28.1713,-85.72518333333333,2.0,,24.78005,24.762249999999998,0.1691,4.071195,1522.6826378091753,1505.8899999999999,16.792637809175403,direct_CTD_depth,53.0,FIO_CTD_Data_Daly_2/Daly_CTD_BE0412/BE0412_NT07_cast2.csv,https://data.gulfresearchinitiative.org/data/Y1.x030.000:0007
GRIIDC_Y1x030x0007,GRIIDC_NT07_cast2_Latitude_28_10.278_Longitude_85_43.511,Gulf of Mexico / West Florida Shelf,global_augmentation,2012-04-27 14:02:38,28.1713,-85.72518333333333,5.0,,24.79045,36.19065,0.3036,4.588505,1535.1676607156116,1505.8899999999999,29.277660715611773,direct_CTD_depth,53.0,FIO_CTD_Data_Daly_2/Daly_CTD_BE0412/BE0412_NT07_cast2.csv,https://data.gulfresearchinitiative.org/data/Y1.x030.000:0007
GRIIDC_Y1x030x0007,GRIIDC_NT07_cast2_Latitude_28_10.278_Longitude_85_43.511,Gulf of Mexico / West Florida Shelf,global_augmentation,2012-04-27 14:02:38,28.1713,-85.72518333333333,10.0,,24.7894,36.19085,0.30135,4.5750399999999996,1535.2468843502909,1505.8899999999999,29.35688435029101,direct_CTD_depth,53.0,FIO_CTD_Data_Daly_2/Daly_CTD_BE0412/BE0412_NT07_cast2.csv,https://data.gulfresearchinitiative.org/data/Y1.x030.000:0007
GRIIDC_Y1x030x0007,GRIIDC_NT07_cast2_Latitude_28_10.278_Longitude_85_43.511,Gulf of Mexico / West Florida Shelf,global_augmentation,2012-04-27 14:02:38,28.1713,-85.72518333333333,20.0,,24.7883,36.19095,0.2943,4.60694,1535.4074175551,1510.8449999999998,24.562417555100183,direct_CTD_depth,53.0,FIO_CTD_Data_Daly_2/Daly_CTD_BE0412/BE0412_NT07_cast2.csv,https://data.gulfresearchinitiative.org/data/Y1.x030.000:0007
GRIIDC_Y1x030x0007,GRIIDC_NT07_cast2_Latitude_28_10.278_Longitude_85_43.511,Gulf of Mexico / West Florida Shelf,global_augmentation,2012-04-27 14:02:38,28.1713,-85.72518333333333,30.0,,24.782249999999998,36.19315,0.29469999999999996,4.585485,1535.5584482814986,1518.1,17.458448281498704,direct_CTD_depth,53.0,FIO_CTD_Data_Daly_2/Daly_CTD_BE0412/BE0412_NT07_cast2.csv,https://data.gulfresearchinitiative.org/data/Y1.x030.000:0007
GRIIDC_Y1x030x0007,GRIIDC_NT07_cast2_Latitude_28_10.278_Longitude_85_43.511,Gulf of Mexico / West Florida Shelf,global_augmentation,2012-04-27 14:02:38,28.1713,-85.72518333333333,50.0,,23.49775,36.44145,0.29810000000000003,4.840345,1533.0322852460095,1518.1,14.932285246009542,direct_CTD_depth,53.0,FIO_CTD_Data_Daly_2/Daly_CTD_BE0412/BE0412_NT07_cast2.csv,https://data.gulfresearchinitiative.org/data/Y1.x030.000:0007
GRIIDC_Y1x030x0007,GRIIDC_NT13_cast1_Latitude_28_29.711_Longitude_85_14.754,Gulf of Mexico / West Florida Shelf,global_augmentation,2012-04-27 22:54:24,28.495183333333333,-85.2459,1.0,,24.551650000000002,18.325850000000003,3.87535,5.530265,1515.0874108904845,1511.0349999999999,4.05241089048468,direct_CTD_depth,152.0,FIO_CTD_Data_Daly_2/Daly_CTD_BE0412/BE0412_NT13_cast1.csv,https://data.gulfresearchinitiative.org/data/Y1.x030.000:0007
GRIIDC_Y1x030x0007,GRIIDC_NT13_cast1_Latitude_28_29.711_Longitude_85_14.754,Gulf of Mexico / West Florida Shelf,global_augmentation,2012-04-27 22:54:24,28.495183333333333,-85.2459,2.0,,24.7014,35.02515,0.3068,4.232735,1533.6392612905652,1511.0349999999999,22.60426129056532,direct_CTD_depth,152.0,FIO_CTD_Data_Daly_2/Daly_CTD_BE0412/BE0412_NT13_cast1.csv,https://data.gulfresearchinitiative.org/data/Y1.x030.000:0007
GRIIDC_Y1x030x0007,GRIIDC_NT13_cast1_Latitude_28_29.711_Longitude_85_14.754,Gulf of Mexico / West Florida Shelf,global_augmentation,2012-04-27 22:54:24,28.495183333333333,-85.2459,5.0,,24.3295,36.265150000000006,0.3032,4.6686,1534.14121241798,1511.0349999999999,23.106212417980032,direct_CTD_depth,152.0,FIO_CTD_Data_Daly_2/Daly_CTD_BE0412/BE0412_NT13_cast1.csv,https://data.gulfresearchinitiative.org/data/Y1.x030.000:0007
GRIIDC_Y1x030x0007,GRIIDC_NT13_cast1_Latitude_28_29.711_Longitude_85_14.754,Gulf of Mexico / West Florida Shelf,global_augmentation,2012-04-27 22:54:24,28.495183333333333,-85.2459,10.0,,24.063650000000003,36.236599999999996,0.30655,4.666024999999999,1533.5459626903207,1511.0349999999999,22.510962690320866,direct_CTD_depth,152.0,FIO_CTD_Data_Daly_2/Daly_CTD_BE0412/BE0412_NT13_cast1.csv,https://data.gulfresearchinitiative.org/data/Y1.x030.000:0007
GRIIDC_Y1x030x0007,GRIIDC_NT13_cast1_Latitude_28_29.711_Longitude_85_14.754,Gulf of Mexico / West Florida Shelf,global_augmentation,2012-04-27 22:54:24,28.495183333333333,-85.2459,20.0,,23.765349999999998,36.252250000000004,0.2964,4.758555,1532.9956976521207,1515.67,17.325697652120652,direct_CTD_depth,152.0,FIO_CTD_Data_Daly_2/Daly_CTD_BE0412/BE0412_NT13_cast1.csv,https://data.gulfresearchinitiative.org/data/Y1.x030.000:0007
GRIIDC_Y1x030x0007,GRIIDC_NT13_cast1_Latitude_28_29.711_Longitude_85_14.754,Gulf of Mexico / West Florida Shelf,global_augmentation,2012-04-27 22:54:24,28.495183333333333,-85.2459,30.0,,23.774749999999997,36.31355,0.29975,4.74952,1533.2490997991292,1519.795,13.454099799129153,direct_CTD_depth,152.0,FIO_CTD_Data_Daly_2/Daly_CTD_BE0412/BE0412_NT13_cast1.csv,https://data.gulfresearchinitiative.org/data/Y1.x030.000:0007
GRIIDC_Y1x030x0007,GRIIDC_NT13_cast1_Latitude_28_29.711_Longitude_85_14.754,Gulf of Mexico / West Florida Shelf,global_augmentation,2012-04-27 22:54:24,28.495183333333333,-85.2459,50.0,,22.6584,36.359899999999996,0.29555,4.897565,1530.8373110337668,1519.795,11.042311033766737,direct_CTD_depth,152.0,FIO_CTD_Data_Daly_2/Daly_CTD_BE0412/BE0412_NT13_cast1.csv,https://data.gulfresearchinitiative.org/data/Y1.x030.000:0007
GRIIDC_Y1x030x0007,GRIIDC_NT13_cast1_Latitude_28_29.711_Longitude_85_14.754,Gulf of Mexico / West Florida Shelf,global_augmentation,2012-04-27 22:54:24,28.495183333333333,-85.2459,75.0,,21.08245,36.49405,0.2925,3.921865,1527.3020202209138,1525.155,2.1470202209138733,direct_CTD_depth,152.0,FIO_CTD_Data_Daly_2/Daly_CTD_BE0412/BE0412_NT13_cast1.csv,https://data.gulfresearchinitiative.org/data/Y1.x030.000:0007
GRIIDC_Y1x030x0007,GRIIDC_NT13_cast1_Latitude_28_29.711_Longitude_85_14.754,Gulf of Mexico / West Florida Shelf,global_augmentation,2012-04-27 22:54:24,28.495183333333333,-85.2459,100.0,,19.7665,36.515,0.29135,3.19332,1524.1727692042832,1525.38,-1.207230795716896,direct_CTD_depth,152.0,FIO_CTD_Data_Daly_2/Daly_CTD_BE0412/BE0412_NT13_cast1.csv,https://data.gulfresearchinitiative.org/data/Y1.x030.000:0007
GRIIDC_Y1x030x0007,GRIIDC_NT13_cast1_Latitude_28_29.711_Longitude_85_14.754,Gulf of Mexico / West Florida Shelf,global_augmentation,2012-04-27 22:54:24,28.495183333333333,-85.2459,150.0,,16.567050000000002,36.18445,0.31585,2.8094099999999997,1515.3758309746463,1524.5900000000001,-9.21416902535384,direct_CTD_depth,152.0,FIO_CTD_Data_Daly_2/Daly_CTD_BE0412/BE0412_NT13_cast1.csv,https://data.gulfresearchinitiative.org/data/Y1.x030.000:0007
GRIIDC_Y1x030x0007,GRIIDC_NT13_cast1_Latitude_28_29.91_Longitude_085_14.95,Gulf of Mexico / West Florida Shelf,global_augmentation,2011-06-28 21:58:52,28.4985,-85.24916666666667,1.0,,29.6713,33.4016,7.9144,4.52297,1543.0472393253076,1542.97,0.07723932530757338,direct_CTD_depth,15.0,FIO_CTD_Data_Daly_2/Daly_CTD_WB0611/WB0611_NT13.csv,https://data.gulfresearchinitiative.org/data/Y1.x030.000:0007
GRIIDC_Y1x030x0007,GRIIDC_NT13_cast1_Latitude_28_29.91_Longitude_085_14.95,Gulf of Mexico / West Florida Shelf,global_augmentation,2011-06-28 21:58:52,28.4985,-85.24916666666667,2.0,,29.6974,33.3724,4.18225,3.95721,1543.0877456528308,1542.97,0.11774565283076299,direct_CTD_depth,15.0,FIO_CTD_Data_Daly_2/Daly_CTD_WB0611/WB0611_NT13.csv,https://data.gulfresearchinitiative.org/data/Y1.x030.000:0007
GRIIDC_Y1x030x0007,GRIIDC_NT13_cast1_Latitude_28_29.91_Longitude_085_14.95,Gulf of Mexico / West Florida Shelf,global_augmentation,2011-06-28 21:58:52,28.4985,-85.24916666666667,5.0,,29.5333,33.48975,0.43410000000000004,4.00762,1542.9152845178694,1542.97,-0.054715482130632154,direct_CTD_depth,15.0,FIO_CTD_Data_Daly_2/Daly_CTD_WB0611/WB0611_NT13.csv,https://data.gulfresearchinitiative.org/data/Y1.x030.000:0007
GRIIDC_Y1x030x0007,GRIIDC_NT13_cast1_Latitude_28_29.91_Longitude_085_14.95,Gulf of Mexico / West Florida Shelf,global_augmentation,2011-06-28 21:58:52,28.4985,-85.24916666666667,10.0,,28.723100000000002,35.02975,0.44020000000000004,4.905950000000001,1542.888676400719,1542.97,-0.08132359928094957,direct_CTD_depth,15.0,FIO_CTD_Data_Daly_2/Daly_CTD_WB0611/WB0611_NT13.csv,https://data.gulfresearchinitiative.org/data/Y1.x030.000:0007
GRIIDC_Y1x030x0007,GRIIDC_NT13_cast2_Latitude_28_29.912_Longitude_85_14.743,Gulf of Mexico / West Florida Shelf,global_augmentation,2012-04-27 23:52:26,28.498533333333334,-85.24571666666667,1.0,,24.62345,35.159,1.29405,4.956975,1533.58085418886,1499.725,33.85585418886012,direct_CTD_depth,78.0,FIO_CTD_Data_Daly_2/Daly_CTD_BE0412/BE0412_NT13_cast2.csv,https://data.gulfresearchinitiative.org/data/Y1.x030.000:0007
GRIIDC_Y1x030x0007,GRIIDC_NT13_cast2_Latitude_28_29.912_Longitude_85_14.743,Gulf of Mexico / West Florida Shelf,global_augmentation,2012-04-27 23:52:26,28.498533333333334,-85.24571666666667,2.0,,24.5333,34.328649999999996,0.4617,5.020345,1532.475818821365,1499.725,32.7508188213651,direct_CTD_depth,78.0,FIO_CTD_Data_Daly_2/Daly_CTD_BE0412/BE0412_NT13_cast2.csv,https://data.gulfresearchinitiative.org/data/Y1.x030.000:0007
GRIIDC_Y1x030x0007,GRIIDC_NT13_cast2_Latitude_28_29.912_Longitude_85_14.743,Gulf of Mexico / West Florida Shelf,global_augmentation,2012-04-27 23:52:26,28.498533333333334,-85.24571666666667,5.0,,24.6053,36.26955,0.30335,4.635904999999999,1534.8103722560284,1499.725,35.08537225602845,direct_CTD_depth,78.0,FIO_CTD_Data_Daly_2/Daly_CTD_BE0412/BE0412_NT13_cast2.csv,https://data.gulfresearchinitiative.org/data/Y1.x030.000:0007
GRIIDC_Y1x030x0007,GRIIDC_NT13_cast2_Latitude_28_29.912_Longitude_85_14.743,Gulf of Mexico / West Florida Shelf,global_augmentation,2012-04-27 23:52:26,28.498533333333334,-85.24571666666667,10.0,,24.107799999999997,36.251999999999995,0.3083,4.664355,1533.670363612287,1499.725,33.94536361228711,direct_CTD_depth,78.0,FIO_CTD_Data_Daly_2/Daly_CTD_BE0412/BE0412_NT13_cast2.csv,https://data.gulfresearchinitiative.org/data/Y1.x030.000:0007
GRIIDC_Y1x030x0007,GRIIDC_NT13_cast2_Latitude_28_29.912_Longitude_85_14.743,Gulf of Mexico / West Florida Shelf,global_augmentation,2012-04-27 23:52:26,28.498533333333334,-85.24571666666667,20.0,,23.7869,36.2774,0.31020000000000003,4.75589,1533.0762495751158,1506.29,26.78624957511579,direct_CTD_depth,78.0,FIO_CTD_Data_Daly_2/Daly_CTD_BE0412/BE0412_NT13_cast2.csv,https://data.gulfresearchinitiative.org/data/Y1.x030.000:0007
GRIIDC_Y1x030x0007,GRIIDC_NT13_cast2_Latitude_28_29.912_Longitude_85_14.743,Gulf of Mexico / West Florida Shelf,global_augmentation,2012-04-27 23:52:26,28.498533333333334,-85.24571666666667,30.0,,23.79065,36.34035,0.30745,4.73501,1533.31755075107,1513.8899999999999,19.427550751070157,direct_CTD_depth,78.0,FIO_CTD_Data_Daly_2/Daly_CTD_BE0412/BE0412_NT13_cast2.csv,https://data.gulfresearchinitiative.org/data/Y1.x030.000:0007
GRIIDC_Y1x030x0007,GRIIDC_NT13_cast2_Latitude_28_29.912_Longitude_85_14.743,Gulf of Mexico / West Florida Shelf,global_augmentation,2012-04-27 23:52:26,28.498533333333334,-85.24571666666667,50.0,,22.65715,36.428200000000004,0.30255,4.662364999999999,1530.9097973923888,1513.8899999999999,17.01979739238891,direct_CTD_depth,78.0,FIO_CTD_Data_Daly_2/Daly_CTD_BE0412/BE0412_NT13_cast2.csv,https://data.gulfresearchinitiative.org/data/Y1.x030.000:0007
GRIIDC_Y1x030x0007,GRIIDC_NT13_cast2_Latitude_28_29.912_Longitude_85_14.743,Gulf of Mexico / West Florida Shelf,global_augmentation,2012-04-27 23:52:26,28.498533333333334,-85.24571666666667,75.0,,21.116500000000002,36.4871,0.29615,4.03187,1527.3845977852322,1522.94,4.44459778523219,direct_CTD_depth,78.0,FIO_CTD_Data_Daly_2/Daly_CTD_BE0412/BE0412_NT13_cast2.csv,https://data.gulfresearchinitiative.org/data/Y1.x030.000:0007
GRIIDC_Y1x030x0007,GRIIDC_NT19_cast1_Latitude_28_48.627_Longitude_84_45.677,Gulf of Mexico / West Florida Shelf,global_augmentation,2012-04-28 06:35:37,28.81045,-84.76128333333334,1.0,,22.548450000000003,33.155499999999996,0.38534999999999997,4.484655,1526.2052836915252,1496.7849999999999,29.420283691525356,direct_CTD_depth,42.0,FIO_CTD_Data_Daly_2/Daly_CTD_BE0412/BE0412_NT19.csv,https://data.gulfresearchinitiative.org/data/Y1.x030.000:0007
GRIIDC_Y1x030x0007,GRIIDC_NT19_cast1_Latitude_28_48.627_Longitude_84_45.677,Gulf of Mexico / West Florida Shelf,global_augmentation,2012-04-28 06:35:37,28.81045,-84.76128333333334,2.0,,22.6771,37.00855,0.30355,5.0876149999999996,1530.8203819262465,1496.7849999999999,34.0353819262466,direct_CTD_depth,42.0,FIO_CTD_Data_Daly_2/Daly_CTD_BE0412/BE0412_NT19.csv,https://data.gulfresearchinitiative.org/data/Y1.x030.000:0007
GRIIDC_Y1x030x0007,GRIIDC_NT19_cast1_Latitude_28_48.627_Longitude_84_45.677,Gulf of Mexico / West Florida Shelf,global_augmentation,2012-04-28 06:35:37,28.81045,-84.76128333333334,5.0,,22.6288,36.3435,0.3365,4.940935,1530.010036586122,1496.7849999999999,33.22503658612209,direct_CTD_depth,42.0,FIO_CTD_Data_Daly_2/Daly_CTD_BE0412/BE0412_NT19.csv,https://data.gulfresearchinitiative.org/data/Y1.x030.000:0007
GRIIDC_Y1x030x0007,GRIIDC_NT19_cast1_Latitude_28_48.627_Longitude_84_45.677,Gulf of Mexico / West Florida Shelf,global_augmentation,2012-04-28 06:35:37,28.81045,-84.76128333333334,10.0,,22.38725,36.34305,0.33455,4.94726,1529.4750027432947,1496.7849999999999,32.690002743294826,direct_CTD_depth,42.0,FIO_CTD_Data_Daly_2/Daly_CTD_BE0412/BE0412_NT19.csv,https://data.gulfresearchinitiative.org/data/Y1.x030.000:0007
GRIIDC_Y1x030x0007,GRIIDC_NT19_cast1_Latitude_28_48.627_Longitude_84_45.677,Gulf of Mexico / West Florida Shelf,global_augmentation,2012-04-28 06:35:37,28.81045,-84.76128333333334,20.0,,22.22605,36.3382,0.344,4.95857,1529.2191280746113,1503.81,25.409128074611317,direct_CTD_depth,42.0,FIO_CTD_Data_Daly_2/Daly_CTD_BE0412/BE0412_NT19.csv,https://data.gulfresearchinitiative.org/data/Y1.x030.000:0007
GRIIDC_Y1x030x0007,GRIIDC_NT19_cast1_Latitude_28_48.627_Longitude_84_45.677,Gulf of Mexico / West Florida Shelf,global_augmentation,2012-04-28 06:35:37,28.81045,-84.76128333333334,30.0,,22.1599,36.33235,0.35845,4.975965,1529.205442336166,1509.745,19.460442336166125,direct_CTD_depth,42.0,FIO_CTD_Data_Daly_2/Daly_CTD_BE0412/BE0412_NT19.csv,https://data.gulfresearchinitiative.org/data/Y1.x030.000:0007
GRIIDC_Y1x030x0007,GRIIDC_NT19_cast1_Latitude_28_48.71_Longitude_084_45.87,Gulf of Mexico / West Florida Shelf,global_augmentation,2011-06-29 08:29:02,28.811833333333333,-84.7645,1.0,,28.981499999999997,33.68855,1.5445,4.31573,1541.8917321668932,1539.32,2.571732166893298,direct_CTD_depth,39.0,FIO_CTD_Data_Daly_2/Daly_CTD_WB0611/WB0611_NT19.csv,https://data.gulfresearchinitiative.org/data/Y1.x030.000:0007
GRIIDC_Y1x030x0007,GRIIDC_NT19_cast1_Latitude_28_48.71_Longitude_084_45.87,Gulf of Mexico / West Florida Shelf,global_augmentation,2011-06-29 08:29:02,28.811833333333333,-84.7645,2.0,,28.98215,33.727199999999996,0.2719,4.3151399999999995,1541.9497253972725,1539.32,2.629725397272523,direct_CTD_depth,39.0,FIO_CTD_Data_Daly_2/Daly_CTD_WB0611/WB0611_NT19.csv,https://data.gulfresearchinitiative.org/data/Y1.x030.000:0007
GRIIDC_Y1x030x0007,GRIIDC_NT19_cast1_Latitude_28_48.71_Longitude_084_45.87,Gulf of Mexico / West Florida Shelf,global_augmentation,2011-06-29 08:29:02,28.811833333333333,-84.7645,5.0,,29.37255,34.6738,0.53955,4.498845,1543.8078673121756,1539.32,4.487867312175695,direct_CTD_depth,39.0,FIO_CTD_Data_Daly_2/Daly_CTD_WB0611/WB0611_NT19.csv,https://data.gulfresearchinitiative.org/data/Y1.x030.000:0007
GRIIDC_Y1x030x0007,GRIIDC_NT19_cast1_Latitude_28_48.71_Longitude_084_45.87,Gulf of Mexico / West Florida Shelf,global_augmentation,2011-06-29 08:29:02,28.811833333333333,-84.7645,10.0,,29.54965,36.10985,0.43789999999999996,4.497955,1545.7483860158347,1539.32,6.428386015834803,direct_CTD_depth,39.0,FIO_CTD_Data_Daly_2/Daly_CTD_WB0611/WB0611_NT19.csv,https://data.gulfresearchinitiative.org/data/Y1.x030.000:0007
GRIIDC_Y1x030x0007,GRIIDC_NT19_cast1_Latitude_28_48.71_Longitude_084_45.87,Gulf of Mexico / West Florida Shelf,global_augmentation,2011-06-29 08:29:02,28.811833333333333,-84.7645,20.0,,25.8834,36.1011,0.4522,5.354934999999999,1537.8825911331844,1539.32,-1.437408866815531,direct_CTD_depth,39.0,FIO_CTD_Data_Daly_2/Daly_CTD_WB0611/WB0611_NT19.csv,https://data.gulfresearchinitiative.org/data/Y1.x030.000:0007
GRIIDC_Y1x030x0007,GRIIDC_NT19_cast1_Latitude_28_48.71_Longitude_084_45.87,Gulf of Mexico / West Florida Shelf,global_augmentation,2011-06-29 08:29:02,28.811833333333333,-84.7645,30.0,,22.97965,36.212450000000004,0.43494999999999995,4.931150000000001,1531.160078692162,1537.28,-6.119921307838013,direct_CTD_depth,39.0,FIO_CTD_Data_Daly_2/Daly_CTD_WB0611/WB0611_NT19.csv,https://data.gulfresearchinitiative.org/data/Y1.x030.000:0007
GRIIDC_Y1x030x0007,GRIIDC_NT24_cast1_Latitude_27_03.06_Longitude_085_01.82,Gulf of Mexico / West Florida Shelf,global_augmentation,2011-06-26 21:24:38,27.051,-85.03033333333333,1.0,,29.414900000000003,33.423950000000005,4.4564,4.416365,1542.5332763861475,1499.3600000000001,43.173276386147336,direct_CTD_depth,830.0,FIO_CTD_Data_Daly_2/Daly_CTD_WB0611/WB0611_NT25.csv,https://data.gulfresearchinitiative.org/data/Y1.x030.000:0007
GRIIDC_Y1x030x0007,GRIIDC_NT24_cast1_Latitude_27_03.06_Longitude_085_01.82,Gulf of Mexico / West Florida Shelf,global_augmentation,2011-06-26 21:24:38,27.051,-85.03033333333333,2.0,,29.542650000000002,34.9692,2.62615,4.50428,1544.420431941314,1499.3600000000001,45.06043194131394,direct_CTD_depth,830.0,FIO_CTD_Data_Daly_2/Daly_CTD_WB0611/WB0611_NT25.csv,https://data.gulfresearchinitiative.org/data/Y1.x030.000:0007
GRIIDC_Y1x030x0007,GRIIDC_NT24_cast1_Latitude_27_03.06_Longitude_085_01.82,Gulf of Mexico / West Florida Shelf,global_augmentation,2011-06-26 21:24:38,27.051,-85.03033333333333,5.0,,29.5413,35.29345,0.41955,4.8524899999999995,1544.80284136836,1499.3600000000001,45.44284136835995,direct_CTD_depth,830.0,FIO_CTD_Data_Daly_2/Daly_CTD_WB0611/WB0611_NT25.csv,https://data.gulfresearchinitiative.org/data/Y1.x030.000:0007
GRIIDC_Y1x030x0007,GRIIDC_NT24_cast1_Latitude_27_03.06_Longitude_085_01.82,Gulf of Mexico / West Florida Shelf,global_augmentation,2011-06-26 21:24:38,27.051,-85.03033333333333,10.0,,29.67125,35.77565,0.41615,4.447825,1545.6530579750242,1499.3600000000001,46.29305797502411,direct_CTD_depth,830.0,FIO_CTD_Data_Daly_2/Daly_CTD_WB0611/WB0611_NT25.csv,https://data.gulfresearchinitiative.org/data/Y1.x030.000:0007
GRIIDC_Y1x030x0007,GRIIDC_NT24_cast1_Latitude_27_03.06_Longitude_085_01.82,Gulf of Mexico / West Florida Shelf,global_augmentation,2011-06-26 21:24:38,27.051,-85.03033333333333,20.0,,26.567,36.193799999999996,0.3951,4.822705,1539.5453662573552,1499.3600000000001,40.1853662573551,direct_CTD_depth,830.0,FIO_CTD_Data_Daly_2/Daly_CTD_WB0611/WB0611_NT25.csv,https://data.gulfresearchinitiative.org/data/Y1.x030.000:0007
GRIIDC_Y1x030x0007,GRIIDC_NT24_cast1_Latitude_27_03.06_Longitude_085_01.82,Gulf of Mexico / West Florida Shelf,global_augmentation,2011-06-26 21:24:38,27.051,-85.03033333333333,30.0,,25.64015,36.421099999999996,0.3843,4.90836,1537.826138653428,1509.76,28.06613865342797,direct_CTD_depth,830.0,FIO_CTD_Data_Daly_2/Daly_CTD_WB0611/WB0611_NT25.csv,https://data.gulfresearchinitiative.org/data/Y1.x030.000:0007
GRIIDC_Y1x030x0007,GRIIDC_NT24_cast1_Latitude_27_03.06_Longitude_085_01.82,Gulf of Mexico / West Florida Shelf,global_augmentation,2011-06-26 21:24:38,27.051,-85.03033333333333,50.0,,23.17175,36.39065,0.3889,5.113325,1532.164968608917,1509.76,22.404968608916988,direct_CTD_depth,830.0,FIO_CTD_Data_Daly_2/Daly_CTD_WB0611/WB0611_NT25.csv,https://data.gulfresearchinitiative.org/data/Y1.x030.000:0007
GRIIDC_Y1x030x0007,GRIIDC_NT24_cast1_Latitude_27_03.06_Longitude_085_01.82,Gulf of Mexico / West Florida Shelf,global_augmentation,2011-06-26 21:24:38,27.051,-85.03033333333333,75.0,,19.98285,36.34145,0.39975,4.6322600000000005,1524.1621704153017,1509.76,14.402170415301725,direct_CTD_depth,830.0,FIO_CTD_Data_Daly_2/Daly_CTD_WB0611/WB0611_NT25.csv,https://data.gulfresearchinitiative.org/data/Y1.x030.000:0007
GRIIDC_Y1x030x0007,GRIIDC_NT24_cast1_Latitude_27_03.06_Longitude_085_01.82,Gulf of Mexico / West Florida Shelf,global_augmentation,2011-06-26 21:24:38,27.051,-85.03033333333333,100.0,,18.926299999999998,36.3528,0.38444999999999996,3.6244050000000003,1521.6428880805847,1514.5500000000002,7.092888080584544,direct_CTD_depth,830.0,FIO_CTD_Data_Daly_2/Daly_CTD_WB0611/WB0611_NT25.csv,https://data.gulfresearchinitiative.org/data/Y1.x030.000:0007
GRIIDC_Y1x030x0007,GRIIDC_NT24_cast1_Latitude_27_03.06_Longitude_085_01.82,Gulf of Mexico / West Florida Shelf,global_augmentation,2011-06-26 21:24:38,27.051,-85.03033333333333,150.0,,17.1548,36.259,0.3741,3.292525,1517.2216037286498,1514.5500000000002,2.671603728649643,direct_CTD_depth,830.0,FIO_CTD_Data_Daly_2/Daly_CTD_WB0611/WB0611_NT25.csv,https://data.gulfresearchinitiative.org/data/Y1.x030.000:0007
GRIIDC_Y1x030x0007,GRIIDC_NT24_cast1_Latitude_27_03.06_Longitude_085_01.82,Gulf of Mexico / West Florida Shelf,global_augmentation,2011-06-26 21:24:38,27.051,-85.03033333333333,200.0,,14.8549,35.8886,0.36445000000000005,2.97096,1510.5548484638164,1512.145,-1.5901515361836118,direct_CTD_depth,830.0,FIO_CTD_Data_Daly_2/Daly_CTD_WB0611/WB0611_NT25.csv,https://data.gulfresearchinitiative.org/data/Y1.x030.000:0007
GRIIDC_Y1x030x0007,GRIIDC_NT24_cast1_Latitude_27_03.06_Longitude_085_01.82,Gulf of Mexico / West Florida Shelf,global_augmentation,2011-06-26 21:24:38,27.051,-85.03033333333333,300.0,,11.919599999999999,35.4131,0.36745,2.878875,1501.9570918619938,1510.0300000000002,-8.072908138006369,direct_CTD_depth,830.0,FIO_CTD_Data_Daly_2/Daly_CTD_WB0611/WB0611_NT25.csv,https://data.gulfresearchinitiative.org/data/Y1.x030.000:0007
GRIIDC_Y1x030x0007,GRIIDC_NT24_cast1_Latitude_27_03.06_Longitude_085_01.82,Gulf of Mexico / West Florida Shelf,global_augmentation,2011-06-26 21:24:38,27.051,-85.03033333333333,400.0,,9.8355,35.10965,0.36229999999999996,2.785955,1495.891950179221,1508.0,-12.108049820778888,direct_CTD_depth,830.0,FIO_CTD_Data_Daly_2/Daly_CTD_WB0611/WB0611_NT25.csv,https://data.gulfresearchinitiative.org/data/Y1.x030.000:0007
GRIIDC_Y1x030x0007,GRIIDC_NT24_cast1_Latitude_27_03.06_Longitude_085_01.82,Gulf of Mexico / West Florida Shelf,global_augmentation,2011-06-26 21:24:38,27.051,-85.03033333333333,500.0,,8.474350000000001,34.957499999999996,0.3647,2.77898,1492.339031850618,1504.855,-12.515968149381933,direct_CTD_depth,830.0,FIO_CTD_Data_Daly_2/Daly_CTD_WB0611/WB0611_NT25.csv,https://data.gulfresearchinitiative.org/data/Y1.x030.000:0007
GRIIDC_Y1x030x0007,GRIIDC_NT24_cast1_Latitude_27_03.06_Longitude_085_01.82,Gulf of Mexico / West Florida Shelf,global_augmentation,2011-06-26 21:24:38,27.051,-85.03033333333333,750.0,,6.11415,34.84895,0.3704,3.445485,1487.2259751040187,1501.705,-14.479024895981183,direct_CTD_depth,830.0,FIO_CTD_Data_Daly_2/Daly_CTD_WB0611/WB0611_NT25.csv,https://data.gulfresearchinitiative.org/data/Y1.x030.000:0007
GRIIDC_Y1x030x0007,GRIIDC_NT25_cast1_Latitude_29_06.878_Longitude_84_15.447,Gulf of Mexico / West Florida Shelf,global_augmentation,2011-01-06 02:55:05,29.114633333333334,-84.25745,1.0,,16.6163,24.5445,9.1618,5.723974999999999,1499.4768339765683,1480.155,19.321833976568314,direct_CTD_depth,27.0,FIO_CTD_Data_Daly_2/Daly_CTD_WB0111/WB0111_nt25.csv,https://data.gulfresearchinitiative.org/data/Y1.x030.000:0007
GRIIDC_Y1x030x0007,GRIIDC_NT25_cast1_Latitude_29_06.878_Longitude_84_15.447,Gulf of Mexico / West Florida Shelf,global_augmentation,2011-01-06 02:55:05,29.114633333333334,-84.25745,2.0,,16.142650000000003,34.878550000000004,2.0216000000000003,5.826435,1510.1380542701734,1480.155,29.983054270173398,direct_CTD_depth,27.0,FIO_CTD_Data_Daly_2/Daly_CTD_WB0111/WB0111_nt25.csv,https://data.gulfresearchinitiative.org/data/Y1.x030.000:0007
GRIIDC_Y1x030x0007,GRIIDC_NT25_cast1_Latitude_29_06.878_Longitude_84_15.447,Gulf of Mexico / West Florida Shelf,global_augmentation,2011-01-06 02:55:05,29.114633333333334,-84.25745,5.0,,16.1163,36.0643,0.9218999999999999,5.44827,1511.4991835835838,1480.155,31.3441835835838,direct_CTD_depth,27.0,FIO_CTD_Data_Daly_2/Daly_CTD_WB0111/WB0111_nt25.csv,https://data.gulfresearchinitiative.org/data/Y1.x030.000:0007
GRIIDC_Y1x030x0007,GRIIDC_NT25_cast1_Latitude_29_06.878_Longitude_84_15.447,Gulf of Mexico / West Florida Shelf,global_augmentation,2011-01-06 02:55:05,29.114633333333334,-84.25745,10.0,,15.9606,36.05275,1.0942500000000002,5.444105,1511.0903655273717,1480.155,30.935365527371687,direct_CTD_depth,27.0,FIO_CTD_Data_Daly_2/Daly_CTD_WB0111/WB0111_nt25.csv,https://data.gulfresearchinitiative.org/data/Y1.x030.000:0007
GRIIDC_Y1x030x0007,GRIIDC_NT25_cast1_Latitude_29_06.878_Longitude_84_15.447,Gulf of Mexico / West Florida Shelf,global_augmentation,2011-01-06 02:55:05,29.114633333333334,-84.25745,20.0,,15.7684,36.0156,1.58345,5.44003,1510.618325521413,1480.155,30.463325521413026,direct_CTD_depth,27.0,FIO_CTD_Data_Daly_2/Daly_CTD_WB0111/WB0111_nt25.csv,https://data.gulfresearchinitiative.org/data/Y1.x030.000:0007
GRIIDC_Y1x030x0007,GRIIDC_NT25_cast1_Latitude_29_07.566_Longitude_84_15.945,Gulf of Mexico / West Florida Shelf,global_augmentation,2012-04-28 13:18:29,29.1261,-84.26575,1.0,,22.6063,36.2826,0.3633,4.9022,1529.8201365079435,1529.69,0.13013650794346177,direct_CTD_depth,22.0,FIO_CTD_Data_Daly_2/Daly_CTD_BE0412/BE0412_NT25.csv,https://data.gulfresearchinitiative.org/data/Y1.x030.000:0007
GRIIDC_Y1x030x0007,GRIIDC_NT25_cast1_Latitude_29_07.566_Longitude_84_15.945,Gulf of Mexico / West Florida Shelf,global_augmentation,2012-04-28 13:18:29,29.1261,-84.26575,2.0,,22.60575,36.28125,0.3661,4.87401,1529.833541747488,1529.79,0.04354174748800688,direct_CTD_depth,22.0,FIO_CTD_Data_Daly_2/Daly_CTD_BE0412/BE0412_NT25.csv,https://data.gulfresearchinitiative.org/data/Y1.x030.000:0007
GRIIDC_Y1x030x0007,GRIIDC_NT25_cast1_Latitude_29_07.566_Longitude_84_15.945,Gulf of Mexico / West Florida Shelf,global_augmentation,2012-04-28 13:18:29,29.1261,-84.26575,5.0,,22.595599999999997,36.28175,0.35250000000000004,4.881995,1529.8571761088501,1529.79,0.06717610885016256,direct_CTD_depth,22.0,FIO_CTD_Data_Daly_2/Daly_CTD_BE0412/BE0412_NT25.csv,https://data.gulfresearchinitiative.org/data/Y1.x030.000:0007
GRIIDC_Y1x030x0007,GRIIDC_NT25_cast1_Latitude_29_07.566_Longitude_84_15.945,Gulf of Mexico / West Florida Shelf,global_augmentation,2012-04-28 13:18:29,29.1261,-84.26575,10.0,,22.367800000000003,36.2631,0.35705,4.925015,1529.3364066574675,1529.79,-0.4535933425324856,direct_CTD_depth,22.0,FIO_CTD_Data_Daly_2/Daly_CTD_BE0412/BE0412_NT25.csv,https://data.gulfresearchinitiative.org/data/Y1.x030.000:0007
GRIIDC_Y1x030x0007,GRIIDC_NT25_cast1_Latitude_29_07.566_Longitude_84_15.945,Gulf of Mexico / West Florida Shelf,global_augmentation,2012-04-28 13:18:29,29.1261,-84.26575,20.0,,22.3389,36.259100000000004,0.3762,4.899625,1529.4209513402668,1529.79,-0.3690486597331528,direct_CTD_depth,22.0,FIO_CTD_Data_Daly_2/Daly_CTD_BE0412/BE0412_NT25.csv,https://data.gulfresearchinitiative.org/data/Y1.x030.000:0007
GRIIDC_Y1x030x0007,GRIIDC_NT31_cast1_Latitude_29_26.29_Longitude_083_45.98,Gulf of Mexico / West Florida Shelf,global_augmentation,2011-06-29 21:29:43,29.438166666666667,-83.76633333333334,1.0,,30.47235,34.9747,1.0062,4.44028,1546.315177612402,1546.07,0.24517761240213076,direct_CTD_depth,10.0,FIO_CTD_Data_Daly_2/Daly_CTD_WB0611/WB0611_NT31.csv,https://data.gulfresearchinitiative.org/data/Y1.x030.000:0007
GRIIDC_Y1x030x0007,GRIIDC_NT31_cast1_Latitude_29_26.29_Longitude_083_45.98,Gulf of Mexico / West Florida Shelf,global_augmentation,2011-06-29 21:29:43,29.438166666666667,-83.76633333333334,2.0,,30.46565,34.99195,0.45389999999999997,3.8240800000000004,1546.3356704923374,1546.07,0.2656704923374491,direct_CTD_depth,10.0,FIO_CTD_Data_Daly_2/Daly_CTD_WB0611/WB0611_NT31.csv,https://data.gulfresearchinitiative.org/data/Y1.x030.000:0007
GRIIDC_Y1x030x0007,GRIIDC_NT31_cast1_Latitude_29_26.29_Longitude_083_45.98,Gulf of Mexico / West Florida Shelf,global_augmentation,2011-06-29 21:29:43,29.438166666666667,-83.76633333333334,5.0,,30.45685,35.06,0.48934999999999995,4.311555,1546.436735739699,1546.07,0.36673573969915196,direct_CTD_depth,10.0,FIO_CTD_Data_Daly_2/Daly_CTD_WB0611/WB0611_NT31.csv,https://data.gulfresearchinitiative.org/data/Y1.x030.000:0007
GRIIDC_Y1x030x0007,GRIIDC_NT31_cast1_Latitude_29_26.29_Longitude_083_45.98,Gulf of Mexico / West Florida Shelf,global_augmentation,2011-06-29 21:29:43,29.438166666666667,-83.76633333333334,10.0,,30.0465,35.0914,0.5307,4.31337,1545.7163806717876,1546.07,-0.3536193282122895,direct_CTD_depth,10.0,FIO_CTD_Data_Daly_2/Daly_CTD_WB0611/WB0611_NT31.csv,https://data.gulfresearchinitiative.org/data/Y1.x030.000:0007
GRIIDC_Y1x030x0007,GRIIDC_NT31_cast1_Latitude_29_26.50_Longitude_85_45.70,Gulf of Mexico / West Florida Shelf,global_augmentation,2011-01-05 16:00:21,29.441666666666666,-85.76166666666667,1.0,,13.0339,13.1704,17.6057,6.85504,1473.994738811997,1385.13,88.86473881199686,direct_CTD_depth,15.0,FIO_CTD_Data_Daly_2/Daly_CTD_WB0111/WB0111_nt31.csv,https://data.gulfresearchinitiative.org/data/Y1.x030.000:0007
GRIIDC_Y1x030x0007,GRIIDC_NT31_cast1_Latitude_29_26.50_Longitude_85_45.70,Gulf of Mexico / West Florida Shelf,global_augmentation,2011-01-05 16:00:21,29.441666666666666,-85.76166666666667,2.0,,13.4411,34.629900000000006,1.32005,5.781805,1501.249852627101,1385.13,116.11985262710095,direct_CTD_depth,15.0,FIO_CTD_Data_Daly_2/Daly_CTD_WB0111/WB0111_nt31.csv,https://data.gulfresearchinitiative.org/data/Y1.x030.000:0007
GRIIDC_Y1x030x0007,GRIIDC_NT31_cast1_Latitude_29_26.50_Longitude_85_45.70,Gulf of Mexico / West Florida Shelf,global_augmentation,2011-01-05 16:00:21,29.441666666666666,-85.76166666666667,5.0,,13.45875,35.4814,0.8258,5.692975000000001,1502.3804894846492,1385.13,117.25048948464905,direct_CTD_depth,15.0,FIO_CTD_Data_Daly_2/Daly_CTD_WB0111/WB0111_nt31.csv,https://data.gulfresearchinitiative.org/data/Y1.x030.000:0007
GRIIDC_Y1x030x0007,GRIIDC_NT31_cast1_Latitude_29_26.50_Longitude_85_45.70,Gulf of Mexico / West Florida Shelf,global_augmentation,2011-01-05 16:00:21,29.441666666666666,-85.76166666666667,10.0,,13.4496,35.482150000000004,0.86155,5.70359,1502.4328205903553,1385.13,117.30282059035517,direct_CTD_depth,15.0,FIO_CTD_Data_Daly_2/Daly_CTD_WB0111/WB0111_nt31.csv,https://data.gulfresearchinitiative.org/data/Y1.x030.000:0007
GRIIDC_Y1x030x0007,GRIIDC_NT33_cast1_Latitude_29_32.80_Longitude_83_36.33,Gulf of Mexico / West Florida Shelf,global_augmentation,2011-01-05 12:14:59,29.546666666666667,-83.6055,1.0,,11.7752,25.465049999999998,0.7564,6.4193999999999996,1484.4435614422762,1436.98,47.46356144227616,direct_CTD_depth,9.0,FIO_CTD_Data_Daly_2/Daly_CTD_WB0111/WB0111_nt33.csv,https://data.gulfresearchinitiative.org/data/Y1.x030.000:0007
GRIIDC_Y1x030x0007,GRIIDC_NT33_cast1_Latitude_29_32.80_Longitude_83_36.33,Gulf of Mexico / West Florida Shelf,global_augmentation,2011-01-05 12:14:59,29.546666666666667,-83.6055,2.0,,11.3802,35.5879,0.76305,5.909065,1495.439042341062,1436.98,58.45904234106206,direct_CTD_depth,9.0,FIO_CTD_Data_Daly_2/Daly_CTD_WB0111/WB0111_nt33.csv,https://data.gulfresearchinitiative.org/data/Y1.x030.000:0007
GRIIDC_Y1x030x0007,GRIIDC_NT33_cast1_Latitude_29_32.80_Longitude_83_36.33,Gulf of Mexico / West Florida Shelf,global_augmentation,2011-01-05 12:14:59,29.546666666666667,-83.6055,5.0,,11.57845,34.35,0.76755,6.054505000000001,1494.6622357360084,1436.98,57.68223573600835,direct_CTD_depth,9.0,FIO_CTD_Data_Daly_2/Daly_CTD_WB0111/WB0111_nt33.csv,https://data.gulfresearchinitiative.org/data/Y1.x030.000:0007
GRIIDC_Y1x030x0007,GRIIDC_PCB01_Latitude_30_03.280_Longitude_85_49.547,Gulf of Mexico / West Florida Shelf,global_augmentation,,30.054666666666666,-85.82578333333333,1.0,,28.1296,33.30555,0.9316,5.59643,1539.6521991896861,1539.67,-0.017800810313929105,direct_CTD_depth,18.0,FIO_CTD_Data_Daly_2/Daly_CTD_WB0911/WB0911_PCB01.csv,https://data.gulfresearchinitiative.org/data/Y1.x030.000:0007
GRIIDC_Y1x030x0007,GRIIDC_PCB01_Latitude_30_03.280_Longitude_85_49.547,Gulf of Mexico / West Florida Shelf,global_augmentation,,30.054666666666666,-85.82578333333333,2.0,,28.09125,33.11085,0.9171,5.432745000000001,1539.379707187929,1539.67,-0.29029281207112945,direct_CTD_depth,18.0,FIO_CTD_Data_Daly_2/Daly_CTD_WB0911/WB0911_PCB01.csv,https://data.gulfresearchinitiative.org/data/Y1.x030.000:0007
GRIIDC_Y1x030x0007,GRIIDC_PCB01_Latitude_30_03.280_Longitude_85_49.547,Gulf of Mexico / West Florida Shelf,global_augmentation,,30.054666666666666,-85.82578333333333,5.0,,28.06105,32.9717,0.8947499999999999,3.72895,1539.2159305810032,1539.67,-0.4540694189968235,direct_CTD_depth,18.0,FIO_CTD_Data_Daly_2/Daly_CTD_WB0911/WB0911_PCB01.csv,https://data.gulfresearchinitiative.org/data/Y1.x030.000:0007
GRIIDC_Y1x030x0007,GRIIDC_PCB01_Latitude_30_03.280_Longitude_85_49.547,Gulf of Mexico / West Florida Shelf,global_augmentation,,30.054666666666666,-85.82578333333333,10.0,,28.05865,32.9285,0.8965000000000001,3.3887650000000002,1539.246709202881,1539.67,-0.4232907971190798,direct_CTD_depth,18.0,FIO_CTD_Data_Daly_2/Daly_CTD_WB0911/WB0911_PCB01.csv,https://data.gulfresearchinitiative.org/data/Y1.x030.000:0007
GRIIDC_Y1x030x0007,GRIIDC_PCB01_cast1_Latitude_30_03.130_Longitude_85_49.524,Gulf of Mexico / West Florida Shelf,global_augmentation,2011-05-05 11:10:56,30.05216666666667,-85.8254,1.0,,19.682850000000002,25.747799999999998,1.28845,2.654365,1510.0707464946415,1464.15,45.920746494641435,direct_CTD_depth,19.0,FIO_CTD_Data_Daly_2/Daly_CTD_WB0511/WB0511_PCB01.csv,https://data.gulfresearchinitiative.org/data/Y1.x030.000:0007
GRIIDC_Y1x030x0007,GRIIDC_PCB01_cast1_Latitude_30_03.130_Longitude_85_49.524,Gulf of Mexico / West Florida Shelf,global_augmentation,2011-05-05 11:10:56,30.05216666666667,-85.8254,2.0,,23.73655,34.046800000000005,1.39335,5.0811,1530.2126535137756,1464.15,66.06265351377556,direct_CTD_depth,19.0,FIO_CTD_Data_Daly_2/Daly_CTD_WB0511/WB0511_PCB01.csv,https://data.gulfresearchinitiative.org/data/Y1.x030.000:0007
GRIIDC_Y1x030x0007,GRIIDC_PCB01_cast1_Latitude_30_03.130_Longitude_85_49.524,Gulf of Mexico / West Florida Shelf,global_augmentation,2011-05-05 11:10:56,30.05216666666667,-85.8254,5.0,,23.79785,34.376099999999994,0.7931999999999999,4.760835,1530.7746311608323,1464.15,66.62463116083222,direct_CTD_depth,19.0,FIO_CTD_Data_Daly_2/Daly_CTD_WB0511/WB0511_PCB01.csv,https://data.gulfresearchinitiative.org/data/Y1.x030.000:0007
GRIIDC_Y1x030x0007,GRIIDC_PCB01_cast1_Latitude_30_03.130_Longitude_85_49.524,Gulf of Mexico / West Florida Shelf,global_augmentation,2011-05-05 11:10:56,30.05216666666667,-85.8254,10.0,,23.8262,34.40175,0.8163,4.746835,1530.9544236059066,1464.15,66.80442360590655,direct_CTD_depth,19.0,FIO_CTD_Data_Daly_2/Daly_CTD_WB0511/WB0511_PCB01.csv,https://data.gulfresearchinitiative.org/data/Y1.x030.000:0007
GRIIDC_Y1x030x0007,GRIIDC_PCB01_cast1_Latitude_30_03.233_Longitude_85_49.546,Gulf of Mexico / West Florida Shelf,global_augmentation,2011-02-22 15:33:01,30.053883333333335,-85.82576666666667,1.0,,18.3896,12.4227,0.2142,5.99462,1490.9444931327212,1481.93,9.0144931327211,direct_CTD_depth,18.0,FIO_CTD_Data_Daly_2/Daly_CTD_WB0211/WB0211_pcb01.csv,https://data.gulfresearchinitiative.org/data/Y1.x030.000:0007
GRIIDC_Y1x030x0007,GRIIDC_PCB01_cast1_Latitude_30_03.233_Longitude_85_49.546,Gulf of Mexico / West Florida Shelf,global_augmentation,2011-02-22 15:33:01,30.053883333333335,-85.82576666666667,2.0,,16.0853,32.8643,0.5689500000000001,5.92747,1507.5951187868002,1481.93,25.66511878680012,direct_CTD_depth,18.0,FIO_CTD_Data_Daly_2/Daly_CTD_WB0211/WB0211_pcb01.csv,https://data.gulfresearchinitiative.org/data/Y1.x030.000:0007
GRIIDC_Y1x030x0007,GRIIDC_PCB01_cast1_Latitude_30_03.233_Longitude_85_49.546,Gulf of Mexico / West Florida Shelf,global_augmentation,2011-02-22 15:33:01,30.053883333333335,-85.82576666666667,5.0,,14.40925,35.1931,0.5967,5.8761,1505.122335809551,1481.93,23.19233580955097,direct_CTD_depth,18.0,FIO_CTD_Data_Daly_2/Daly_CTD_WB0211/WB0211_pcb01.csv,https://data.gulfresearchinitiative.org/data/Y1.x030.000:0007
GRIIDC_Y1x030x0007,GRIIDC_PCB01_cast1_Latitude_30_03.233_Longitude_85_49.546,Gulf of Mexico / West Florida Shelf,global_augmentation,2011-02-22 15:33:01,30.053883333333335,-85.82576666666667,10.0,,13.40785,35.2662,0.6258,5.87915,1502.0357694341221,1481.93,20.105769434122067,direct_CTD_depth,18.0,FIO_CTD_Data_Daly_2/Daly_CTD_WB0211/WB0211_pcb01.csv,https://data.gulfresearchinitiative.org/data/Y1.x030.000:0007
GRIIDC_Y1x030x0007,GRIIDC_PCB01_cast1_Latitude_30_03.35_Longitude_085_49.55,Gulf of Mexico / West Florida Shelf,global_augmentation,2012-02-18 02:17:06,30.055833333333332,-85.82583333333334,1.0,,17.044,25.4459,1.9695,6.16205,1501.859336461497,1448.09,53.769336461497005,direct_CTD_depth,21.0,FIO_CTD_Data_Daly_2/Daly_CTD_WB0212/WB0212_pcb01.csv,https://data.gulfresearchinitiative.org/data/Y1.x030.000:0007
GRIIDC_Y1x030x0007,GRIIDC_PCB01_cast1_Latitude_30_03.35_Longitude_085_49.55,Gulf of Mexico / West Florida Shelf,global_augmentation,2012-02-18 02:17:06,30.055833333333332,-85.82583333333334,2.0,,17.450850000000003,36.51045,0.7383,5.22764,1515.972519464291,1464.46,51.51251946429102,direct_CTD_depth,21.0,FIO_CTD_Data_Daly_2/Daly_CTD_WB0212/WB0212_pcb01.csv,https://data.gulfresearchinitiative.org/data/Y1.x030.000:0007
GRIIDC_Y1x030x0007,GRIIDC_PCB01_cast1_Latitude_30_03.35_Longitude_085_49.55,Gulf of Mexico / West Florida Shelf,global_augmentation,2012-02-18 02:17:06,30.055833333333332,-85.82583333333334,5.0,,17.555149999999998,35.663700000000006,0.84695,5.32898,1515.3454700930408,1464.46,50.885470093040794,direct_CTD_depth,21.0,FIO_CTD_Data_Daly_2/Daly_CTD_WB0212/WB0212_pcb01.csv,https://data.gulfresearchinitiative.org/data/Y1.x030.000:0007
GRIIDC_Y1x030x0007,GRIIDC_PCB01_cast1_Latitude_30_03.35_Longitude_085_49.55,Gulf of Mexico / West Florida Shelf,global_augmentation,2012-02-18 02:17:06,30.055833333333332,-85.82583333333334,10.0,,17.2055,35.71785,0.85875,5.306175,1514.4565552021245,1464.46,49.996555202124455,direct_CTD_depth,21.0,FIO_CTD_Data_Daly_2/Daly_CTD_WB0212/WB0212_pcb01.csv,https://data.gulfresearchinitiative.org/data/Y1.x030.000:0007
GRIIDC_Y1x030x0007,GRIIDC_PCB01_cast1_Latitude_30_03.35_Longitude_085_49.55,Gulf of Mexico / West Florida Shelf,global_augmentation,2012-02-18 02:17:06,30.055833333333332,-85.82583333333334,20.0,,16.8994,35.62675,1.05105,5.308755,1513.60057603542,1464.46,49.140576035420054,direct_CTD_depth,21.0,FIO_CTD_Data_Daly_2/Daly_CTD_WB0212/WB0212_pcb01.csv,https://data.gulfresearchinitiative.org/data/Y1.x030.000:0007
GRIIDC_Y1x030x0007,GRIIDC_PCB01_cast1_Latitude_30_03.40_Longitude_085_49.61,Gulf of Mexico / West Florida Shelf,global_augmentation,2012-05-13 10:51:34,30.05666666666667,-85.82683333333334,1.0,,24.52885,32.2255,1.1397,4.91674,1530.1592850644834,1495.77,34.389285064483374,direct_CTD_depth,19.0,FIO_CTD_Data_Daly_2/Daly_CTD_WB0512/WB0512_PCB01.csv,https://data.gulfresearchinitiative.org/data/Y1.x030.000:0007
GRIIDC_Y1x030x0007,GRIIDC_PCB01_cast1_Latitude_30_03.40_Longitude_085_49.61,Gulf of Mexico / West Florida Shelf,global_augmentation,2012-05-13 10:51:34,30.05666666666667,-85.82683333333334,2.0,,24.52885,35.7307,1.24055,4.99849,1533.9912736854058,1495.77,38.22127368540578,direct_CTD_depth,19.0,FIO_CTD_Data_Daly_2/Daly_CTD_WB0512/WB0512_PCB01.csv,https://data.gulfresearchinitiative.org/data/Y1.x030.000:0007
GRIIDC_Y1x030x0007,GRIIDC_PCB01_cast1_Latitude_30_03.40_Longitude_085_49.61,Gulf of Mexico / West Florida Shelf,global_augmentation,2012-05-13 10:51:34,30.05666666666667,-85.82683333333334,5.0,,24.52935,35.79075,1.1705999999999999,4.57595,1534.1067510681034,1495.77,38.33675106810347,direct_CTD_depth,19.0,FIO_CTD_Data_Daly_2/Daly_CTD_WB0512/WB0512_PCB01.csv,https://data.gulfresearchinitiative.org/data/Y1.x030.000:0007
GRIIDC_Y1x030x0007,GRIIDC_PCB01_cast1_Latitude_30_03.40_Longitude_085_49.61,Gulf of Mexico / West Florida Shelf,global_augmentation,2012-05-13 10:51:34,30.05666666666667,-85.82683333333334,10.0,,24.52885,35.7893,1.2031,4.59168,1534.1854804942823,1495.77,38.41548049428229,direct_CTD_depth,19.0,FIO_CTD_Data_Daly_2/Daly_CTD_WB0512/WB0512_PCB01.csv,https://data.gulfresearchinitiative.org/data/Y1.x030.000:0007
GRIIDC_Y1x030x0007,GRIIDC_PCB02_Latitude_29_50.196_Longitude_86_10.699,Gulf of Mexico / West Florida Shelf,global_augmentation,,29.8366,-86.17831666666666,1.0,,28.2726,29.75985,4.35735,3.098725,1536.2406834448623,1514.25,21.99068344486227,direct_CTD_depth,48.0,FIO_CTD_Data_Daly_2/Daly_CTD_WB0911/WB0911_PCB02.csv,https://data.gulfresearchinitiative.org/data/Y1.x030.000:0007
GRIIDC_Y1x030x0007,GRIIDC_PCB02_Latitude_29_50.196_Longitude_86_10.699,Gulf of Mexico / West Florida Shelf,global_augmentation,,29.8366,-86.17831666666666,2.0,,28.24255,32.75985,0.9466,3.190845,1539.3419397530365,1514.25,25.091939753036513,direct_CTD_depth,48.0,FIO_CTD_Data_Daly_2/Daly_CTD_WB0911/WB0911_PCB02.csv,https://data.gulfresearchinitiative.org/data/Y1.x030.000:0007
GRIIDC_Y1x030x0007,GRIIDC_PCB02_Latitude_29_50.196_Longitude_86_10.699,Gulf of Mexico / West Florida Shelf,global_augmentation,,29.8366,-86.17831666666666,5.0,,28.24145,32.6761,0.87235,3.8831700000000002,1539.3004570686485,1514.25,25.050457068648484,direct_CTD_depth,48.0,FIO_CTD_Data_Daly_2/Daly_CTD_WB0911/WB0911_PCB02.csv,https://data.gulfresearchinitiative.org/data/Y1.x030.000:0007
GRIIDC_Y1x030x0007,GRIIDC_PCB02_Latitude_29_50.196_Longitude_86_10.699,Gulf of Mexico / West Florida Shelf,global_augmentation,,29.8366,-86.17831666666666,10.0,,28.2143,32.76875,0.8743,2.721,1539.4199251417272,1514.25,25.169925141727163,direct_CTD_depth,48.0,FIO_CTD_Data_Daly_2/Daly_CTD_WB0911/WB0911_PCB02.csv,https://data.gulfresearchinitiative.org/data/Y1.x030.000:0007
GRIIDC_Y1x030x0007,GRIIDC_PCB02_Latitude_29_50.196_Longitude_86_10.699,Gulf of Mexico / West Florida Shelf,global_augmentation,,29.8366,-86.17831666666666,20.0,,28.1372,33.16805,0.9058999999999999,2.5434349999999997,1539.8339980572784,1514.25,25.58399805727845,direct_CTD_depth,48.0,FIO_CTD_Data_Daly_2/Daly_CTD_WB0911/WB0911_PCB02.csv,https://data.gulfresearchinitiative.org/data/Y1.x030.000:0007
GRIIDC_Y1x030x0007,GRIIDC_PCB02_Latitude_29_50.196_Longitude_86_10.699,Gulf of Mexico / West Florida Shelf,global_augmentation,,29.8366,-86.17831666666666,30.0,,27.8887,33.48895,0.8748499999999999,2.33309,1539.789388588547,1514.25,25.5393885885469,direct_CTD_depth,48.0,FIO_CTD_Data_Daly_2/Daly_CTD_WB0911/WB0911_PCB02.csv,https://data.gulfresearchinitiative.org/data/Y1.x030.000:0007
GRIIDC_Y1x030x0007,GRIIDC_PCB02_cast1_Latitude_29_49.883_Longitude_86_11.093,Gulf of Mexico / West Florida Shelf,global_augmentation,2011-02-22 11:17:50,29.831383333333335,-86.18488333333333,1.0,,18.7492,15.0182,0.4403,5.86386,1495.0377621507025,1479.2,15.837762150702474,direct_CTD_depth,33.0,FIO_CTD_Data_Daly_2/Daly_CTD_WB0211/WB0211_pcb02.csv,https://data.gulfresearchinitiative.org/data/Y1.x030.000:0007
GRIIDC_Y1x030x0007,GRIIDC_PCB02_cast1_Latitude_29_49.883_Longitude_86_11.093,Gulf of Mexico / West Florida Shelf,global_augmentation,2011-02-22 11:17:50,29.831383333333335,-86.18488333333333,2.0,,18.555349999999997,33.9821,0.40435,5.606745,1516.2647573057325,1487.755,28.509757305732364,direct_CTD_depth,33.0,FIO_CTD_Data_Daly_2/Daly_CTD_WB0211/WB0211_pcb02.csv,https://data.gulfresearchinitiative.org/data/Y1.x030.000:0007
GRIIDC_Y1x030x0007,GRIIDC_PCB02_cast1_Latitude_29_49.883_Longitude_86_11.093,Gulf of Mexico / West Florida Shelf,global_augmentation,2011-02-22 11:17:50,29.831383333333335,-86.18488333333333,5.0,,18.38325,35.9386,0.42379999999999995,5.575305,1518.0701758210864,1487.755,30.315175821086314,direct_CTD_depth,33.0,FIO_CTD_Data_Daly_2/Daly_CTD_WB0211/WB0211_pcb02.csv,https://data.gulfresearchinitiative.org/data/Y1.x030.000:0007
GRIIDC_Y1x030x0007,GRIIDC_PCB02_cast1_Latitude_29_49.883_Longitude_86_11.093,Gulf of Mexico / West Florida Shelf,global_augmentation,2011-02-22 11:17:50,29.831383333333335,-86.18488333333333,10.0,,17.153,36.004149999999996,0.45485,5.433059999999999,1514.63385896845,1487.755,26.878858968450004,direct_CTD_depth,33.0,FIO_CTD_Data_Daly_2/Daly_CTD_WB0211/WB0211_pcb02.csv,https://data.gulfresearchinitiative.org/data/Y1.x030.000:0007
GRIIDC_Y1x030x0007,GRIIDC_PCB02_cast1_Latitude_29_49.883_Longitude_86_11.093,Gulf of Mexico / West Florida Shelf,global_augmentation,2011-02-22 11:17:50,29.831383333333335,-86.18488333333333,20.0,,16.70935,35.9832,0.5686,4.931850000000001,1513.4464330728567,1487.755,25.691433072856626,direct_CTD_depth,33.0,FIO_CTD_Data_Daly_2/Daly_CTD_WB0211/WB0211_pcb02.csv,https://data.gulfresearchinitiative.org/data/Y1.x030.000:0007
GRIIDC_Y1x030x0007,GRIIDC_PCB02_cast1_Latitude_29_49.883_Longitude_86_11.093,Gulf of Mexico / West Florida Shelf,global_augmentation,2011-02-22 11:17:50,29.831383333333335,-86.18488333333333,30.0,,16.70275,36.061499999999995,0.5493,4.24916,1513.6811837955643,1496.31,17.37118379556432,direct_CTD_depth,33.0,FIO_CTD_Data_Daly_2/Daly_CTD_WB0211/WB0211_pcb02.csv,https://data.gulfresearchinitiative.org/data/Y1.x030.000:0007
GRIIDC_Y1x030x0007,GRIIDC_PCB02_cast1_Latitude_29_49.89_Longitude_086_10.48,Gulf of Mexico / West Florida Shelf,global_augmentation,2012-05-13 15:55:15,29.8315,-86.17466666666667,1.0,,23.8143,25.896700000000003,1.96345,5.1071349999999995,1521.4575484305267,1499.835,21.62254843052665,direct_CTD_depth,38.0,FIO_CTD_Data_Daly_2/Daly_CTD_WB0512/WB0512_PCB02.csv,https://data.gulfresearchinitiative.org/data/Y1.x030.000:0007
GRIIDC_Y1x030x0007,GRIIDC_PCB02_cast1_Latitude_29_49.89_Longitude_086_10.48,Gulf of Mexico / West Florida Shelf,global_augmentation,2012-05-13 15:55:15,29.8315,-86.17466666666667,2.0,,24.298250000000003,34.5399,1.26695,4.87754,1532.134539481471,1499.835,32.2995394814709,direct_CTD_depth,38.0,FIO_CTD_Data_Daly_2/Daly_CTD_WB0512/WB0512_PCB02.csv,https://data.gulfresearchinitiative.org/data/Y1.x030.000:0007
GRIIDC_Y1x030x0007,GRIIDC_PCB02_cast1_Latitude_29_49.89_Longitude_086_10.48,Gulf of Mexico / West Florida Shelf,global_augmentation,2012-05-13 15:55:15,29.8315,-86.17466666666667,5.0,,24.3804,35.756699999999995,1.1272,4.614245,1533.7099713536468,1499.835,33.87497135364674,direct_CTD_depth,38.0,FIO_CTD_Data_Daly_2/Daly_CTD_WB0512/WB0512_PCB02.csv,https://data.gulfresearchinitiative.org/data/Y1.x030.000:0007
GRIIDC_Y1x030x0007,GRIIDC_PCB02_cast1_Latitude_29_49.89_Longitude_086_10.48,Gulf of Mexico / West Florida Shelf,global_augmentation,2012-05-13 15:55:15,29.8315,-86.17466666666667,10.0,,24.35035,35.75945,1.14635,4.61046,1533.7217201243582,1499.835,33.886720124358135,direct_CTD_depth,38.0,FIO_CTD_Data_Daly_2/Daly_CTD_WB0512/WB0512_PCB02.csv,https://data.gulfresearchinitiative.org/data/Y1.x030.000:0007
GRIIDC_Y1x030x0007,GRIIDC_PCB02_cast1_Latitude_29_49.89_Longitude_086_10.48,Gulf of Mexico / West Florida Shelf,global_augmentation,2012-05-13 15:55:15,29.8315,-86.17466666666667,20.0,,23.64675,35.83835,1.15985,4.72215,1532.249201448425,1499.835,32.41420144842505,direct_CTD_depth,38.0,FIO_CTD_Data_Daly_2/Daly_CTD_WB0512/WB0512_PCB02.csv,https://data.gulfresearchinitiative.org/data/Y1.x030.000:0007
GRIIDC_Y1x030x0007,GRIIDC_PCB02_cast1_Latitude_29_49.89_Longitude_086_10.48,Gulf of Mexico / West Florida Shelf,global_augmentation,2012-05-13 15:55:15,29.8315,-86.17466666666667,30.0,,22.22255,36.1016,1.1658,4.8533550000000005,1529.1100602931974,1499.835,29.275060293197384,direct_CTD_depth,38.0,FIO_CTD_Data_Daly_2/Daly_CTD_WB0512/WB0512_PCB02.csv,https://data.gulfresearchinitiative.org/data/Y1.x030.000:0007
GRIIDC_Y1x030x0007,GRIIDC_PCB02_cast1_Latitude_29_49.929_Longitude_86_11.232,Gulf of Mexico / West Florida Shelf,global_augmentation,2011-05-05 16:28:39,29.83215,-86.1872,1.0,,21.41245,22.8284,1.8788,5.680960000000001,1511.654503019465,1495.445,16.209503019465046,direct_CTD_depth,42.0,FIO_CTD_Data_Daly_2/Daly_CTD_WB0511/WB0511_PCB02.csv,https://data.gulfresearchinitiative.org/data/Y1.x030.000:0007
GRIIDC_Y1x030x0007,GRIIDC_PCB02_cast1_Latitude_29_49.929_Longitude_86_11.232,Gulf of Mexico / West Florida Shelf,global_augmentation,2011-05-05 16:28:39,29.83215,-86.1872,2.0,,22.845950000000002,34.2564,0.9596,5.307395,1528.2032960484155,1495.445,32.75829604841556,direct_CTD_depth,42.0,FIO_CTD_Data_Daly_2/Daly_CTD_WB0511/WB0511_PCB02.csv,https://data.gulfresearchinitiative.org/data/Y1.x030.000:0007
GRIIDC_Y1x030x0007,GRIIDC_PCB02_cast1_Latitude_29_49.929_Longitude_86_11.232,Gulf of Mexico / West Florida Shelf,global_augmentation,2011-05-05 16:28:39,29.83215,-86.1872,5.0,,23.059600000000003,35.49675,0.6743,4.74111,1530.1635562010529,1495.445,34.718556201052934,direct_CTD_depth,42.0,FIO_CTD_Data_Daly_2/Daly_CTD_WB0511/WB0511_PCB02.csv,https://data.gulfresearchinitiative.org/data/Y1.x030.000:0007
GRIIDC_Y1x030x0007,GRIIDC_PCB02_cast1_Latitude_29_49.929_Longitude_86_11.232,Gulf of Mexico / West Florida Shelf,global_augmentation,2011-05-05 16:28:39,29.83215,-86.1872,10.0,,23.053350000000002,35.49665,0.68425,4.870285000000001,1530.2292166056668,1495.445,34.78421660566687,direct_CTD_depth,42.0,FIO_CTD_Data_Daly_2/Daly_CTD_WB0511/WB0511_PCB02.csv,https://data.gulfresearchinitiative.org/data/Y1.x030.000:0007
GRIIDC_Y1x030x0007,GRIIDC_PCB02_cast1_Latitude_29_49.929_Longitude_86_11.232,Gulf of Mexico / West Florida Shelf,global_augmentation,2011-05-05 16:28:39,29.83215,-86.1872,20.0,,22.59165,35.650850000000005,0.7118,4.946625,1529.392375262992,1495.445,33.947375262991955,direct_CTD_depth,42.0,FIO_CTD_Data_Daly_2/Daly_CTD_WB0511/WB0511_PCB02.csv,https://data.gulfresearchinitiative.org/data/Y1.x030.000:0007
GRIIDC_Y1x030x0007,GRIIDC_PCB02_cast1_Latitude_29_49.929_Longitude_86_11.232,Gulf of Mexico / West Florida Shelf,global_augmentation,2011-05-05 16:28:39,29.83215,-86.1872,30.0,,21.482799999999997,36.01565,0.7374,5.029025000000001,1527.089196284147,1508.735,18.354196284147065,direct_CTD_depth,42.0,FIO_CTD_Data_Daly_2/Daly_CTD_WB0511/WB0511_PCB02.csv,https://data.gulfresearchinitiative.org/data/Y1.x030.000:0007
GRIIDC_Y1x030x0007,GRIIDC_PCB02_cast1_Latitude_29_50.00_Longitude_086_11.02,Gulf of Mexico / West Florida Shelf,global_augmentation,2012-02-17 20:51:00,29.833333333333332,-86.18366666666667,1.0,,19.218850000000003,28.6409,1.7758500000000002,5.52271,1512.035713587686,1487.58,24.455713587685977,direct_CTD_depth,46.0,FIO_CTD_Data_Daly_2/Daly_CTD_WB0212/WB0212_pcb02.csv,https://data.gulfresearchinitiative.org/data/Y1.x030.000:0007
GRIIDC_Y1x030x0007,GRIIDC_PCB02_cast1_Latitude_29_50.00_Longitude_086_11.02,Gulf of Mexico / West Florida Shelf,global_augmentation,2012-02-17 20:51:00,29.833333333333332,-86.18366666666667,2.0,,19.478299999999997,35.297399999999996,0.9251,5.115165,1520.3874392674406,1487.58,32.807439267440714,direct_CTD_depth,46.0,FIO_CTD_Data_Daly_2/Daly_CTD_WB0212/WB0212_pcb02.csv,https://data.gulfresearchinitiative.org/data/Y1.x030.000:0007
GRIIDC_Y1x030x0007,GRIIDC_PCB02_cast1_Latitude_29_50.00_Longitude_086_11.02,Gulf of Mexico / West Florida Shelf,global_augmentation,2012-02-17 20:51:00,29.833333333333332,-86.18366666666667,5.0,,19.5011,35.88505,0.79145,5.077310000000001,1521.1699656951523,1487.58,33.58996569515239,direct_CTD_depth,46.0,FIO_CTD_Data_Daly_2/Daly_CTD_WB0212/WB0212_pcb02.csv,https://data.gulfresearchinitiative.org/data/Y1.x030.000:0007
GRIIDC_Y1x030x0007,GRIIDC_PCB02_cast1_Latitude_29_50.00_Longitude_086_11.02,Gulf of Mexico / West Florida Shelf,global_augmentation,2012-02-17 20:51:00,29.833333333333332,-86.18366666666667,10.0,,19.4964,35.88475,0.7820499999999999,5.087455,1521.2380500801041,1487.58,33.6580500801042,direct_CTD_depth,46.0,FIO_CTD_Data_Daly_2/Daly_CTD_WB0212/WB0212_pcb02.csv,https://data.gulfresearchinitiative.org/data/Y1.x030.000:0007
GRIIDC_Y1x030x0007,GRIIDC_PCB02_cast1_Latitude_29_50.00_Longitude_086_11.02,Gulf of Mexico / West Florida Shelf,global_augmentation,2012-02-17 20:51:00,29.833333333333332,-86.18366666666667,20.0,,19.127000000000002,35.8848,0.7896,5.025345,1520.3672203542903,1487.58,32.78722035429041,direct_CTD_depth,46.0,FIO_CTD_Data_Daly_2/Daly_CTD_WB0212/WB0212_pcb02.csv,https://data.gulfresearchinitiative.org/data/Y1.x030.000:0007
GRIIDC_Y1x030x0007,GRIIDC_PCB02_cast1_Latitude_29_50.00_Longitude_086_11.02,Gulf of Mexico / West Florida Shelf,global_augmentation,2012-02-17 20:51:00,29.833333333333332,-86.18366666666667,30.0,,18.975,35.9134,0.8167,4.87675,1520.1345030916668,1498.47,21.664503091666802,direct_CTD_depth,46.0,FIO_CTD_Data_Daly_2/Daly_CTD_WB0212/WB0212_pcb02.csv,https://data.gulfresearchinitiative.org/data/Y1.x030.000:0007
GRIIDC_Y1x030x0007,GRIIDC_PCB03_Bottlefire_cast1_Latitude_29_44.01_8_Longitude_086_20.96,Gulf of Mexico / West Florida Shelf,global_augmentation,2012-02-17 15:12:21,29.733925873015874,-86.35475719576719,1.0,,18.904,13.7422,16.9053,6.00155,1494.0474812414793,1500.7,-6.652518758520728,direct_CTD_depth,96.0,FIO_CTD_Data_Daly_2/Daly_CTD_WB0212/WB0212_pcb03_bottlefire.csv,https://data.gulfresearchinitiative.org/data/Y1.x030.000:0007
GRIIDC_Y1x030x0007,GRIIDC_PCB03_Bottlefire_cast1_Latitude_29_44.01_8_Longitude_086_20.96,Gulf of Mexico / West Florida Shelf,global_augmentation,2012-02-17 15:12:21,29.733925873015874,-86.35475719576719,2.0,,20.20205,36.8428,0.77,4.716405,1524.1384826244907,1510.205,13.933482624490807,direct_CTD_depth,96.0,FIO_CTD_Data_Daly_2/Daly_CTD_WB0212/WB0212_pcb03_bottlefire.csv,https://data.gulfresearchinitiative.org/data/Y1.x030.000:0007
GRIIDC_Y1x030x0007,GRIIDC_PCB03_Bottlefire_cast1_Latitude_29_44.01_8_Longitude_086_20.96,Gulf of Mexico / West Florida Shelf,global_augmentation,2012-02-17 15:12:21,29.733925873015874,-86.35475719576719,5.0,,20.146349999999998,35.94515,0.7687999999999999,4.9379550000000005,1523.0182903049092,1510.205,12.813290304909287,direct_CTD_depth,96.0,FIO_CTD_Data_Daly_2/Daly_CTD_WB0212/WB0212_pcb03_bottlefire.csv,https://data.gulfresearchinitiative.org/data/Y1.x030.000:0007
GRIIDC_Y1x030x0007,GRIIDC_PCB03_Bottlefire_cast1_Latitude_29_44.01_8_Longitude_086_20.96,Gulf of Mexico / West Florida Shelf,global_augmentation,2012-02-17 15:12:21,29.733925873015874,-86.35475719576719,10.0,,20.21665,35.9962,0.77115,4.917465,1523.3495877112096,1510.205,13.144587711209624,direct_CTD_depth,96.0,FIO_CTD_Data_Daly_2/Daly_CTD_WB0212/WB0212_pcb03_bottlefire.csv,https://data.gulfresearchinitiative.org/data/Y1.x030.000:0007
GRIIDC_Y1x030x0007,GRIIDC_PCB03_Bottlefire_cast1_Latitude_29_44.01_8_Longitude_086_20.96,Gulf of Mexico / West Florida Shelf,global_augmentation,2012-02-17 15:12:21,29.733925873015874,-86.35475719576719,20.0,,20.35165,36.118399999999994,0.76015,4.8484300000000005,1524.0183751689838,1510.205,13.813375168983839,direct_CTD_depth,96.0,FIO_CTD_Data_Daly_2/Daly_CTD_WB0212/WB0212_pcb03_bottlefire.csv,https://data.gulfresearchinitiative.org/data/Y1.x030.000:0007
GRIIDC_Y1x030x0007,GRIIDC_PCB03_Bottlefire_cast1_Latitude_29_44.01_8_Longitude_086_20.96,Gulf of Mexico / West Florida Shelf,global_augmentation,2012-02-17 15:12:21,29.733925873015874,-86.35475719576719,30.0,,20.3202,36.11365,0.746,4.83531,1524.0906386252182,1516.0349999999999,8.055638625218307,direct_CTD_depth,96.0,FIO_CTD_Data_Daly_2/Daly_CTD_WB0212/WB0212_pcb03_bottlefire.csv,https://data.gulfresearchinitiative.org/data/Y1.x030.000:0007
GRIIDC_Y1x030x0007,GRIIDC_PCB03_Bottlefire_cast1_Latitude_29_44.01_8_Longitude_086_20.96,Gulf of Mexico / West Florida Shelf,global_augmentation,2012-02-17 15:12:21,29.733925873015874,-86.35475719576719,50.0,,20.31375,36.11435,0.73875,4.815065,1524.4001641475897,1516.0349999999999,8.365164147589894,direct_CTD_depth,96.0,FIO_CTD_Data_Daly_2/Daly_CTD_WB0212/WB0212_pcb03_bottlefire.csv,https://data.gulfresearchinitiative.org/data/Y1.x030.000:0007
GRIIDC_Y1x030x0007,GRIIDC_PCB03_Bottlefire_cast1_Latitude_29_44.01_8_Longitude_086_20.96,Gulf of Mexico / West Florida Shelf,global_augmentation,2012-02-17 15:12:21,29.733925873015874,-86.35475719576719,75.0,,18.93185,35.9551,0.7617,4.89279,1520.7945943526927,1516.0349999999999,4.7595943526928295,direct_CTD_depth,96.0,FIO_CTD_Data_Daly_2/Daly_CTD_WB0212/WB0212_pcb03_bottlefire.csv,https://data.gulfresearchinitiative.org/data/Y1.x030.000:0007
GRIIDC_Y1x030x0007,GRIIDC_PCB03_Latitude_29_43.796_Longitude_86_20.655,Gulf of Mexico / West Florida Shelf,global_augmentation,2010-12-03 20:14:55,29.729933333333335,-86.34425,1.0,,21.652549999999998,30.543100000000003,0.19195,5.06445,1520.9431204468272,1507.825,13.118120446827106,direct_CTD_depth,90.0,FIO_CTD_Data_Daly_2/Daly_CTD_WB1210/WB1210_PCB03.csv,https://data.gulfresearchinitiative.org/data/Y1.x030.000:0007
GRIIDC_Y1x030x0007,GRIIDC_PCB03_Latitude_29_43.796_Longitude_86_20.655,Gulf of Mexico / West Florida Shelf,global_augmentation,2010-12-03 20:14:55,29.729933333333335,-86.34425,2.0,,21.713949999999997,35.2288,0.2449,5.010975,1526.359394531414,1507.825,18.53439453141391,direct_CTD_depth,90.0,FIO_CTD_Data_Daly_2/Daly_CTD_WB1210/WB1210_PCB03.csv,https://data.gulfresearchinitiative.org/data/Y1.x030.000:0007
GRIIDC_Y1x030x0007,GRIIDC_PCB03_Latitude_29_43.796_Longitude_86_20.655,Gulf of Mexico / West Florida Shelf,global_augmentation,2010-12-03 20:14:55,29.729933333333335,-86.34425,5.0,,21.72655,35.632999999999996,0.36275,4.80142,1526.892930980053,1507.825,19.067930980053006,direct_CTD_depth,90.0,FIO_CTD_Data_Daly_2/Daly_CTD_WB1210/WB1210_PCB03.csv,https://data.gulfresearchinitiative.org/data/Y1.x030.000:0007
GRIIDC_Y1x030x0007,GRIIDC_PCB03_Latitude_29_43.796_Longitude_86_20.655,Gulf of Mexico / West Florida Shelf,global_augmentation,2010-12-03 20:14:55,29.729933333333335,-86.34425,10.0,,21.7271,35.63535,0.40935,4.827625,1526.9785079376786,1507.825,19.15350793767857,direct_CTD_depth,90.0,FIO_CTD_Data_Daly_2/Daly_CTD_WB1210/WB1210_PCB03.csv,https://data.gulfresearchinitiative.org/data/Y1.x030.000:0007
GRIIDC_Y1x030x0007,GRIIDC_PCB03_Latitude_29_43.796_Longitude_86_20.655,Gulf of Mexico / West Florida Shelf,global_augmentation,2010-12-03 20:14:55,29.729933333333335,-86.34425,20.0,,21.763199999999998,35.66675,0.4708,4.8007,1527.271014021311,1507.825,19.44601402131093,direct_CTD_depth,90.0,FIO_CTD_Data_Daly_2/Daly_CTD_WB1210/WB1210_PCB03.csv,https://data.gulfresearchinitiative.org/data/Y1.x030.000:0007
GRIIDC_Y1x030x0007,GRIIDC_PCB03_Latitude_29_43.796_Longitude_86_20.655,Gulf of Mexico / West Florida Shelf,global_augmentation,2010-12-03 20:14:55,29.729933333333335,-86.34425,30.0,,21.8025,35.688,0.5136,4.77559,1527.5604506469115,1509.94,17.620450646911422,direct_CTD_depth,90.0,FIO_CTD_Data_Daly_2/Daly_CTD_WB1210/WB1210_PCB03.csv,https://data.gulfresearchinitiative.org/data/Y1.x030.000:0007
GRIIDC_Y1x030x0007,GRIIDC_PCB03_Latitude_29_43.796_Longitude_86_20.655,Gulf of Mexico / West Florida Shelf,global_augmentation,2010-12-03 20:14:55,29.729933333333335,-86.34425,50.0,,21.93215,35.79965,0.49539999999999995,4.504455,1528.3489439708462,1520.935,7.413943970846276,direct_CTD_depth,90.0,FIO_CTD_Data_Daly_2/Daly_CTD_WB1210/WB1210_PCB03.csv,https://data.gulfresearchinitiative.org/data/Y1.x030.000:0007
GRIIDC_Y1x030x0007,GRIIDC_PCB03_Latitude_29_43.796_Longitude_86_20.655,Gulf of Mexico / West Florida Shelf,global_augmentation,2010-12-03 20:14:55,29.729933333333335,-86.34425,75.0,,20.595,36.5384,0.5026,3.65042,1526.0484495209619,1521.96,4.088449520961831,direct_CTD_depth,90.0,FIO_CTD_Data_Daly_2/Daly_CTD_WB1210/WB1210_PCB03.csv,https://data.gulfresearchinitiative.org/data/Y1.x030.000:0007
GRIIDC_Y1x030x0007,GRIIDC_PCB03_Latitude_29_43.841_Longitude_86_20.631,Gulf of Mexico / West Florida Shelf,global_augmentation,,29.73068333333333,-86.34385,1.0,,28.5109,33.3707,0.96265,4.70969,1540.549931477222,1536.775,3.7749314772217986,direct_CTD_depth,83.0,FIO_CTD_Data_Daly_2/Daly_CTD_WB0911/WB0911_PCB03.csv,https://data.gulfresearchinitiative.org/data/Y1.x030.000:0007
GRIIDC_Y1x030x0007,GRIIDC_PCB03_Latitude_29_43.841_Longitude_86_20.631,Gulf of Mexico / West Florida Shelf,global_augmentation,,29.73068333333333,-86.34385,2.0,,28.5198,33.48635,0.82855,5.06953,1540.7066361600162,1536.775,3.931636160016069,direct_CTD_depth,83.0,FIO_CTD_Data_Daly_2/Daly_CTD_WB0911/WB0911_PCB03.csv,https://data.gulfresearchinitiative.org/data/Y1.x030.000:0007
GRIIDC_Y1x030x0007,GRIIDC_PCB03_Latitude_29_43.841_Longitude_86_20.631,Gulf of Mexico / West Florida Shelf,global_augmentation,,29.73068333333333,-86.34385,5.0,,28.51895,33.44555,0.8268500000000001,4.90796,1540.7109579167882,1536.775,3.935957916788084,direct_CTD_depth,83.0,FIO_CTD_Data_Daly_2/Daly_CTD_WB0911/WB0911_PCB03.csv,https://data.gulfresearchinitiative.org/data/Y1.x030.000:0007
GRIIDC_Y1x030x0007,GRIIDC_PCB03_Latitude_29_43.841_Longitude_86_20.631,Gulf of Mexico / West Florida Shelf,global_augmentation,,29.73068333333333,-86.34385,10.0,,28.5477,33.3454,0.8227,3.913425,1540.7496734847277,1536.775,3.9746734847276457,direct_CTD_depth,83.0,FIO_CTD_Data_Daly_2/Daly_CTD_WB0911/WB0911_PCB03.csv,https://data.gulfresearchinitiative.org/data/Y1.x030.000:0007
GRIIDC_Y1x030x0007,GRIIDC_PCB03_Latitude_29_43.841_Longitude_86_20.631,Gulf of Mexico / West Florida Shelf,global_augmentation,,29.73068333333333,-86.34385,20.0,,28.640900000000002,34.03445,0.8029,3.94951,1541.8347987210386,1536.775,5.059798721038533,direct_CTD_depth,83.0,FIO_CTD_Data_Daly_2/Daly_CTD_WB0911/WB0911_PCB03.csv,https://data.gulfresearchinitiative.org/data/Y1.x030.000:0007
GRIIDC_Y1x030x0007,GRIIDC_PCB03_Latitude_29_43.841_Longitude_86_20.631,Gulf of Mexico / West Florida Shelf,global_augmentation,,29.73068333333333,-86.34385,30.0,,28.62205,34.89935,0.7902499999999999,4.00187,1542.8626267177638,1536.775,6.087626717763669,direct_CTD_depth,83.0,FIO_CTD_Data_Daly_2/Daly_CTD_WB0911/WB0911_PCB03.csv,https://data.gulfresearchinitiative.org/data/Y1.x030.000:0007
GRIIDC_Y1x030x0007,GRIIDC_PCB03_Latitude_29_43.841_Longitude_86_20.631,Gulf of Mexico / West Florida Shelf,global_augmentation,,29.73068333333333,-86.34385,50.0,,24.7868,36.3071,0.8019499999999999,3.790085,1536.0193182379655,1536.775,-0.7556817620345555,direct_CTD_depth,83.0,FIO_CTD_Data_Daly_2/Daly_CTD_WB0911/WB0911_PCB03.csv,https://data.gulfresearchinitiative.org/data/Y1.x030.000:0007
GRIIDC_Y1x030x0007,GRIIDC_PCB03_Latitude_29_43.841_Longitude_86_20.631,Gulf of Mexico / West Florida Shelf,global_augmentation,,29.73068333333333,-86.34385,75.0,,20.884950000000003,36.483999999999995,0.78835,3.7562249999999997,1526.7646969721418,1535.78,-9.015303027858181,direct_CTD_depth,83.0,FIO_CTD_Data_Daly_2/Daly_CTD_WB0911/WB0911_PCB03.csv,https://data.gulfresearchinitiative.org/data/Y1.x030.000:0007
GRIIDC_Y1x030x0007,GRIIDC_PCB03_cast1_Latitude_29_44.005_Longitude_86_20.933,Gulf of Mexico / West Florida Shelf,global_augmentation,2011-02-22 08:20:06,29.733416666666667,-86.34888333333333,1.0,,18.6452,18.0297,0.2848,6.33535,1498.1792499129276,1420.81,77.36924991292767,direct_CTD_depth,82.0,FIO_CTD_Data_Daly_2/Daly_CTD_WB0211/WB0211_pcb03.csv,https://data.gulfresearchinitiative.org/data/Y1.x030.000:0007
GRIIDC_Y1x030x0007,GRIIDC_PCB03_cast1_Latitude_29_44.005_Longitude_86_20.933,Gulf of Mexico / West Florida Shelf,global_augmentation,2011-02-22 08:20:06,29.733416666666667,-86.34888333333333,2.0,,18.580750000000002,36.1583,0.37455,5.87865,1518.8394851231399,1461.35,57.48948512313996,direct_CTD_depth,82.0,FIO_CTD_Data_Daly_2/Daly_CTD_WB0211/WB0211_pcb03.csv,https://data.gulfresearchinitiative.org/data/Y1.x030.000:0007
GRIIDC_Y1x030x0007,GRIIDC_PCB03_cast1_Latitude_29_44.005_Longitude_86_20.933,Gulf of Mexico / West Florida Shelf,global_augmentation,2011-02-22 08:20:06,29.733416666666667,-86.34888333333333,5.0,,18.58155,35.829350000000005,0.2921,5.9645150000000005,1518.5125308941024,1461.35,57.162530894102474,direct_CTD_depth,82.0,FIO_CTD_Data_Daly_2/Daly_CTD_WB0211/WB0211_pcb03.csv,https://data.gulfresearchinitiative.org/data/Y1.x030.000:0007
GRIIDC_Y1x030x0007,GRIIDC_PCB03_cast1_Latitude_29_44.005_Longitude_86_20.933,Gulf of Mexico / West Florida Shelf,global_augmentation,2011-02-22 08:20:06,29.733416666666667,-86.34888333333333,10.0,,18.02245,35.7702,0.28745,6.295205,1516.9157235583502,1461.35,55.56572355835033,direct_CTD_depth,82.0,FIO_CTD_Data_Daly_2/Daly_CTD_WB0211/WB0211_pcb03.csv,https://data.gulfresearchinitiative.org/data/Y1.x030.000:0007
GRIIDC_Y1x030x0007,GRIIDC_PCB03_cast1_Latitude_29_44.005_Longitude_86_20.933,Gulf of Mexico / West Florida Shelf,global_augmentation,2011-02-22 08:20:06,29.733416666666667,-86.34888333333333,20.0,,17.461350000000003,35.92085,0.2059,5.84692,1515.6123259451551,1461.35,54.262325945155226,direct_CTD_depth,82.0,FIO_CTD_Data_Daly_2/Daly_CTD_WB0211/WB0211_pcb03.csv,https://data.gulfresearchinitiative.org/data/Y1.x030.000:0007
GRIIDC_Y1x030x0007,GRIIDC_PCB03_cast1_Latitude_29_44.005_Longitude_86_20.933,Gulf of Mexico / West Florida Shelf,global_augmentation,2011-02-22 08:20:06,29.733416666666667,-86.34888333333333,30.0,,16.9528,35.84965,0.23935,5.364985,1514.1834443693929,1485.0300000000002,29.153444369392673,direct_CTD_depth,82.0,FIO_CTD_Data_Daly_2/Daly_CTD_WB0211/WB0211_pcb03.csv,https://data.gulfresearchinitiative.org/data/Y1.x030.000:0007
GRIIDC_Y1x030x0007,GRIIDC_PCB03_cast1_Latitude_29_44.005_Longitude_86_20.933,Gulf of Mexico / West Florida Shelf,global_augmentation,2011-02-22 08:20:06,29.733416666666667,-86.34888333333333,50.0,,16.3839,35.94735,0.19619999999999999,4.4169599999999996,1512.9106923279567,1485.0300000000002,27.880692327956467,direct_CTD_depth,82.0,FIO_CTD_Data_Daly_2/Daly_CTD_WB0211/WB0211_pcb03.csv,https://data.gulfresearchinitiative.org/data/Y1.x030.000:0007
GRIIDC_Y1x030x0007,GRIIDC_PCB03_cast1_Latitude_29_44.005_Longitude_86_20.933,Gulf of Mexico / West Florida Shelf,global_augmentation,2011-02-22 08:20:06,29.733416666666667,-86.34888333333333,75.0,,16.16285,36.02045,0.2013,4.38339,1512.731763806939,1499.475,13.256763806939034,direct_CTD_depth,82.0,FIO_CTD_Data_Daly_2/Daly_CTD_WB0211/WB0211_pcb03.csv,https://data.gulfresearchinitiative.org/data/Y1.x030.000:0007
GRIIDC_Y1x030x0007,GRIIDC_PCB03_cast1_Latitude_29_44.00_Longitude_86_21.01,Gulf of Mexico / West Florida Shelf,global_augmentation,2011-05-05 20:20:57,29.733333333333334,-86.35016666666667,1.0,,19.3224,12.1993,0.7837,6.63459,1493.5581588354132,1472.05,21.50815883541327,direct_CTD_depth,94.0,FIO_CTD_Data_Daly_2/Daly_CTD_WB0511/WB0511_PCB03.csv,https://data.gulfresearchinitiative.org/data/Y1.x030.000:0007
GRIIDC_Y1x030x0007,GRIIDC_PCB03_cast1_Latitude_29_44.00_Longitude_86_21.01,Gulf of Mexico / West Florida Shelf,global_augmentation,2011-05-05 20:20:57,29.733333333333334,-86.35016666666667,2.0,,22.65475,34.3782,0.6592,5.503275,1527.849921665973,1495.105,32.744921665972925,direct_CTD_depth,94.0,FIO_CTD_Data_Daly_2/Daly_CTD_WB0511/WB0511_PCB03.csv,https://data.gulfresearchinitiative.org/data/Y1.x030.000:0007
GRIIDC_Y1x030x0007,GRIIDC_PCB03_cast1_Latitude_29_44.00_Longitude_86_21.01,Gulf of Mexico / West Florida Shelf,global_augmentation,2011-05-05 20:20:57,29.733333333333334,-86.35016666666667,5.0,,22.835900000000002,35.702749999999995,0.6736,4.89709,1529.826164818359,1495.105,34.72116481835906,direct_CTD_depth,94.0,FIO_CTD_Data_Daly_2/Daly_CTD_WB0511/WB0511_PCB03.csv,https://data.gulfresearchinitiative.org/data/Y1.x030.000:0007
GRIIDC_Y1x030x0007,GRIIDC_PCB03_cast1_Latitude_29_44.00_Longitude_86_21.01,Gulf of Mexico / West Florida Shelf,global_augmentation,2011-05-05 20:20:57,29.733333333333334,-86.35016666666667,10.0,,22.779049999999998,35.71015,0.6887,4.91475,1529.7717591880655,1495.105,34.6667591880655,direct_CTD_depth,94.0,FIO_CTD_Data_Daly_2/Daly_CTD_WB0511/WB0511_PCB03.csv,https://data.gulfresearchinitiative.org/data/Y1.x030.000:0007
GRIIDC_Y1x030x0007,GRIIDC_PCB03_cast1_Latitude_29_44.00_Longitude_86_21.01,Gulf of Mexico / West Florida Shelf,global_augmentation,2011-05-05 20:20:57,29.733333333333334,-86.35016666666667,20.0,,22.728250000000003,35.71365,0.714,4.92755,1529.8097159451606,1495.105,34.704715945160615,direct_CTD_depth,94.0,FIO_CTD_Data_Daly_2/Daly_CTD_WB0511/WB0511_PCB03.csv,https://data.gulfresearchinitiative.org/data/Y1.x030.000:0007
GRIIDC_Y1x030x0007,GRIIDC_PCB03_cast1_Latitude_29_44.00_Longitude_86_21.01,Gulf of Mexico / West Florida Shelf,global_augmentation,2011-05-05 20:20:57,29.733333333333334,-86.35016666666667,30.0,,22.368850000000002,35.78975,0.72065,4.944265,1529.1394709106298,1509.5700000000002,19.56947091062966,direct_CTD_depth,94.0,FIO_CTD_Data_Daly_2/Daly_CTD_WB0511/WB0511_PCB03.csv,https://data.gulfresearchinitiative.org/data/Y1.x030.000:0007
GRIIDC_Y1x030x0007,GRIIDC_PCB03_cast1_Latitude_29_44.00_Longitude_86_21.01,Gulf of Mexico / West Florida Shelf,global_augmentation,2011-05-05 20:20:57,29.733333333333334,-86.35016666666667,50.0,,19.47165,36.2216,0.7123999999999999,4.956185,1522.2056597939386,1509.5700000000002,12.63565979393843,direct_CTD_depth,94.0,FIO_CTD_Data_Daly_2/Daly_CTD_WB0511/WB0511_PCB03.csv,https://data.gulfresearchinitiative.org/data/Y1.x030.000:0007
GRIIDC_Y1x030x0007,GRIIDC_PCB03_cast1_Latitude_29_44.00_Longitude_86_21.01,Gulf of Mexico / West Florida Shelf,global_augmentation,2011-05-05 20:20:57,29.733333333333334,-86.35016666666667,75.0,,18.5766,36.22565,0.8924000000000001,4.113745,1520.0959012843143,1518.095,2.0009012843142955,direct_CTD_depth,94.0,FIO_CTD_Data_Daly_2/Daly_CTD_WB0511/WB0511_PCB03.csv,https://data.gulfresearchinitiative.org/data/Y1.x030.000:0007
GRIIDC_Y1x030x0007,GRIIDC_PCB03_cast1_Latitude_29_44.05_Longitude_086_20.89,Gulf of Mexico / West Florida Shelf,global_augmentation,2012-05-12 13:24:43,29.734166666666667,-86.34816666666667,1.0,,24.14555,29.117,1.77185,4.844609999999999,1525.8204617022834,1500.935,24.885461702283465,direct_CTD_depth,92.0,FIO_CTD_Data_Daly_2/Daly_CTD_WB0512/WB0512_PCB03_Cast1.csv,https://data.gulfresearchinitiative.org/data/Y1.x030.000:0007
GRIIDC_Y1x030x0007,GRIIDC_PCB03_cast1_Latitude_29_44.05_Longitude_086_20.89,Gulf of Mexico / West Florida Shelf,global_augmentation,2012-05-12 13:24:43,29.734166666666667,-86.34816666666667,2.0,,24.279,35.0418,1.07285,4.63869,1532.6352256308837,1500.935,31.70022563088378,direct_CTD_depth,92.0,FIO_CTD_Data_Daly_2/Daly_CTD_WB0512/WB0512_PCB03_Cast1.csv,https://data.gulfresearchinitiative.org/data/Y1.x030.000:0007
GRIIDC_Y1x030x0007,GRIIDC_PCB03_cast1_Latitude_29_44.05_Longitude_086_20.89,Gulf of Mexico / West Florida Shelf,global_augmentation,2012-05-12 13:24:43,29.734166666666667,-86.34816666666667,5.0,,24.2989,35.82625,1.113,4.616445,1533.588353977837,1500.935,32.653353977837014,direct_CTD_depth,92.0,FIO_CTD_Data_Daly_2/Daly_CTD_WB0512/WB0512_PCB03_Cast1.csv,https://data.gulfresearchinitiative.org/data/Y1.x030.000:0007
GRIIDC_Y1x030x0007,GRIIDC_PCB03_cast1_Latitude_29_44.05_Longitude_086_20.89,Gulf of Mexico / West Florida Shelf,global_augmentation,2012-05-12 13:24:43,29.734166666666667,-86.34816666666667,10.0,,24.31055,35.83215,1.1784,4.6083,1533.7045535510383,1500.935,32.76955355103837,direct_CTD_depth,92.0,FIO_CTD_Data_Daly_2/Daly_CTD_WB0512/WB0512_PCB03_Cast1.csv,https://data.gulfresearchinitiative.org/data/Y1.x030.000:0007
GRIIDC_Y1x030x0007,GRIIDC_PCB03_cast1_Latitude_29_44.05_Longitude_086_20.89,Gulf of Mexico / West Florida Shelf,global_augmentation,2012-05-12 13:24:43,29.734166666666667,-86.34816666666667,20.0,,23.47385,35.954899999999995,1.1945999999999999,4.730235,1531.9488090146187,1500.935,31.0138090146188,direct_CTD_depth,92.0,FIO_CTD_Data_Daly_2/Daly_CTD_WB0512/WB0512_PCB03_Cast1.csv,https://data.gulfresearchinitiative.org/data/Y1.x030.000:0007
GRIIDC_Y1x030x0007,GRIIDC_PCB03_cast1_Latitude_29_44.05_Longitude_086_20.89,Gulf of Mexico / West Florida Shelf,global_augmentation,2012-05-12 13:24:43,29.734166666666667,-86.34816666666667,30.0,,22.7595,35.8989,1.1704,4.79188,1530.257175377034,1493.38,36.877175377033836,direct_CTD_depth,92.0,FIO_CTD_Data_Daly_2/Daly_CTD_WB0512/WB0512_PCB03_Cast1.csv,https://data.gulfresearchinitiative.org/data/Y1.x030.000:0007
GRIIDC_Y1x030x0007,GRIIDC_PCB03_cast1_Latitude_29_44.05_Longitude_086_20.89,Gulf of Mexico / West Florida Shelf,global_augmentation,2012-05-12 13:24:43,29.734166666666667,-86.34816666666667,50.0,,21.1636,36.2263,1.2072,4.82183,1526.8085672047946,1493.38,33.42856720479449,direct_CTD_depth,92.0,FIO_CTD_Data_Daly_2/Daly_CTD_WB0512/WB0512_PCB03_Cast1.csv,https://data.gulfresearchinitiative.org/data/Y1.x030.000:0007
GRIIDC_Y1x030x0007,GRIIDC_PCB03_cast1_Latitude_29_44.05_Longitude_086_20.89,Gulf of Mexico / West Florida Shelf,global_augmentation,2012-05-12 13:24:43,29.734166666666667,-86.34816666666667,75.0,,20.4443,36.24735,1.2210999999999999,4.58383,1525.3127867530898,1500.935,24.377786753089822,direct_CTD_depth,92.0,FIO_CTD_Data_Daly_2/Daly_CTD_WB0512/WB0512_PCB03_Cast1.csv,https://data.gulfresearchinitiative.org/data/Y1.x030.000:0007
GRIIDC_Y1x030x0007,GRIIDC_PCB03_cast1_Latitude_29_44.81_Longitude_086_22.28,Gulf of Mexico / West Florida Shelf,global_augmentation,2012-02-17 16:24:26,29.746833333333335,-86.37133333333334,1.0,,19.3964,19.2343,1.213,6.11148,1501.8112195816796,1480.45,21.361219581679507,direct_CTD_depth,95.0,FIO_CTD_Data_Daly_2/Daly_CTD_WB0212/WB0212_pcb03.csv,https://data.gulfresearchinitiative.org/data/Y1.x030.000:0007
GRIIDC_Y1x030x0007,GRIIDC_PCB03_cast1_Latitude_29_44.81_Longitude_086_22.28,Gulf of Mexico / West Florida Shelf,global_augmentation,2012-02-17 16:24:26,29.746833333333335,-86.37133333333334,2.0,,19.993,33.3417,0.8448,5.97521,1519.5942293257756,1480.45,39.14422932577554,direct_CTD_depth,95.0,FIO_CTD_Data_Daly_2/Daly_CTD_WB0212/WB0212_pcb03.csv,https://data.gulfresearchinitiative.org/data/Y1.x030.000:0007
GRIIDC_Y1x030x0007,GRIIDC_PCB03_cast1_Latitude_29_44.81_Longitude_086_22.28,Gulf of Mexico / West Florida Shelf,global_augmentation,2012-02-17 16:24:26,29.746833333333335,-86.37133333333334,5.0,,20.1098,35.7684,0.7746,5.14471,1522.7179259220566,1480.45,42.26792592205652,direct_CTD_depth,95.0,FIO_CTD_Data_Daly_2/Daly_CTD_WB0212/WB0212_pcb03.csv,https://data.gulfresearchinitiative.org/data/Y1.x030.000:0007
GRIIDC_Y1x030x0007,GRIIDC_PCB03_cast1_Latitude_29_44.81_Longitude_086_22.28,Gulf of Mexico / West Florida Shelf,global_augmentation,2012-02-17 16:24:26,29.746833333333335,-86.37133333333334,10.0,,20.12805,35.83115,1.05395,4.585485,1522.9205310129637,1498.71,24.210531012963656,direct_CTD_depth,95.0,FIO_CTD_Data_Daly_2/Daly_CTD_WB0212/WB0212_pcb03.csv,https://data.gulfresearchinitiative.org/data/Y1.x030.000:0007
GRIIDC_Y1x030x0007,GRIIDC_PCB03_cast1_Latitude_29_44.81_Longitude_086_22.28,Gulf of Mexico / West Florida Shelf,global_augmentation,2012-02-17 16:24:26,29.746833333333335,-86.37133333333334,20.0,,20.2521,36.00835,0.7699,4.452225,1523.6230306674756,1498.71,24.913030667475596,direct_CTD_depth,95.0,FIO_CTD_Data_Daly_2/Daly_CTD_WB0212/WB0212_pcb03.csv,https://data.gulfresearchinitiative.org/data/Y1.x030.000:0007
GRIIDC_Y1x030x0007,GRIIDC_PCB03_cast1_Latitude_29_44.81_Longitude_086_22.28,Gulf of Mexico / West Florida Shelf,global_augmentation,2012-02-17 16:24:26,29.746833333333335,-86.37133333333334,30.0,,20.1971,35.94285,0.7543,4.107825,1523.561943537274,1509.495,14.066943537274028,direct_CTD_depth,95.0,FIO_CTD_Data_Daly_2/Daly_CTD_WB0212/WB0212_pcb03.csv,https://data.gulfresearchinitiative.org/data/Y1.x030.000:0007
GRIIDC_Y1x030x0007,GRIIDC_PCB03_cast1_Latitude_29_44.81_Longitude_086_22.28,Gulf of Mexico / West Florida Shelf,global_augmentation,2012-02-17 16:24:26,29.746833333333335,-86.37133333333334,50.0,,20.039749999999998,36.03695,0.7576499999999999,4.812485000000001,1523.5645540641933,1509.495,14.069554064193426,direct_CTD_depth,95.0,FIO_CTD_Data_Daly_2/Daly_CTD_WB0212/WB0212_pcb03.csv,https://data.gulfresearchinitiative.org/data/Y1.x030.000:0007
GRIIDC_Y1x030x0007,GRIIDC_PCB03_cast1_Latitude_29_44.81_Longitude_086_22.28,Gulf of Mexico / West Florida Shelf,global_augmentation,2012-02-17 16:24:26,29.746833333333335,-86.37133333333334,75.0,,19.11655,36.027150000000006,0.82995,4.58203,1521.3980408844607,1502.02,19.378040884460688,direct_CTD_depth,95.0,FIO_CTD_Data_Daly_2/Daly_CTD_WB0212/WB0212_pcb03.csv,https://data.gulfresearchinitiative.org/data/Y1.x030.000:0007
GRIIDC_Y1x030x0007,GRIIDC_PCB03_cast2_Latitude_29_44.02_Longitude_086_21.18,Gulf of Mexico / West Florida Shelf,global_augmentation,2012-05-12 14:55:45,29.733666666666668,-86.353,1.0,,24.2613,22.6553,3.1831,5.27405,1519.0581607011366,1494.12,24.938160701136667,direct_CTD_depth,18.0,FIO_CTD_Data_Daly_2/Daly_CTD_WB0512/WB0512_PCB03_Cast2.csv,https://data.gulfresearchinitiative.org/data/Y1.x030.000:0007
GRIIDC_Y1x030x0007,GRIIDC_PCB03_cast2_Latitude_29_44.02_Longitude_086_21.18,Gulf of Mexico / West Florida Shelf,global_augmentation,2012-05-12 14:55:45,29.733666666666668,-86.353,2.0,,24.3766,36.1031,0.9391499999999999,4.507054999999999,1534.0294946063214,1494.12,39.90949460632146,direct_CTD_depth,18.0,FIO_CTD_Data_Daly_2/Daly_CTD_WB0512/WB0512_PCB03_Cast2.csv,https://data.gulfresearchinitiative.org/data/Y1.x030.000:0007
GRIIDC_Y1x030x0007,GRIIDC_PCB03_cast2_Latitude_29_44.02_Longitude_086_21.18,Gulf of Mexico / West Florida Shelf,global_augmentation,2012-05-12 14:55:45,29.733666666666668,-86.353,5.0,,24.37685,35.853049999999996,1.0522,4.57404,1533.806413547317,1494.12,39.686413547317215,direct_CTD_depth,18.0,FIO_CTD_Data_Daly_2/Daly_CTD_WB0512/WB0512_PCB03_Cast2.csv,https://data.gulfresearchinitiative.org/data/Y1.x030.000:0007
GRIIDC_Y1x030x0007,GRIIDC_PCB03_cast2_Latitude_29_44.02_Longitude_086_21.18,Gulf of Mexico / West Florida Shelf,global_augmentation,2012-05-12 14:55:45,29.733666666666668,-86.353,10.0,,24.370600000000003,35.85925,1.1225999999999998,4.568665,1533.8795616293487,1494.12,39.75956162934881,direct_CTD_depth,18.0,FIO_CTD_Data_Daly_2/Daly_CTD_WB0512/WB0512_PCB03_Cast2.csv,https://data.gulfresearchinitiative.org/data/Y1.x030.000:0007
GRIIDC_Y1x030x0007,GRIIDC_PCB04-2_Latitude_29_37.999_Longitude_86_48.109,Gulf of Mexico / West Florida Shelf,global_augmentation,2010-12-04 11:37:47,29.633316666666666,-86.80181666666667,1.0,,20.97215,22.97425,0.18565,5.5596,1510.5912312149753,1496.4099999999999,14.181231214975469,direct_CTD_depth,153.0,FIO_CTD_Data_Daly_2/Daly_CTD_WB1210/WB1210_PCB04_cast2.csv,https://data.gulfresearchinitiative.org/data/Y1.x030.000:0007
GRIIDC_Y1x030x0007,GRIIDC_PCB04-2_Latitude_29_37.999_Longitude_86_48.109,Gulf of Mexico / West Florida Shelf,global_augmentation,2010-12-04 11:37:47,29.633316666666666,-86.80181666666667,2.0,,22.82375,33.9454,0.1591,5.307285,1527.8027543221394,1496.4099999999999,31.39275432213958,direct_CTD_depth,153.0,FIO_CTD_Data_Daly_2/Daly_CTD_WB1210/WB1210_PCB04_cast2.csv,https://data.gulfresearchinitiative.org/data/Y1.x030.000:0007
GRIIDC_Y1x030x0007,GRIIDC_PCB04-2_Latitude_29_37.999_Longitude_86_48.109,Gulf of Mexico / West Florida Shelf,global_augmentation,2010-12-04 11:37:47,29.633316666666666,-86.80181666666667,5.0,,23.286450000000002,36.343450000000004,0.27125,4.5809999999999995,1531.6654685796684,1496.4099999999999,35.25546857966856,direct_CTD_depth,153.0,FIO_CTD_Data_Daly_2/Daly_CTD_WB1210/WB1210_PCB04_cast2.csv,https://data.gulfresearchinitiative.org/data/Y1.x030.000:0007
GRIIDC_Y1x030x0007,GRIIDC_PCB04-2_Latitude_29_37.999_Longitude_86_48.109,Gulf of Mexico / West Florida Shelf,global_augmentation,2010-12-04 11:37:47,29.633316666666666,-86.80181666666667,10.0,,23.28555,36.3458,0.32799999999999996,4.613625,1531.747325327673,1496.4099999999999,35.33732532767317,direct_CTD_depth,153.0,FIO_CTD_Data_Daly_2/Daly_CTD_WB1210/WB1210_PCB04_cast2.csv,https://data.gulfresearchinitiative.org/data/Y1.x030.000:0007
GRIIDC_Y1x030x0007,GRIIDC_PCB04-2_Latitude_29_37.999_Longitude_86_48.109,Gulf of Mexico / West Florida Shelf,global_augmentation,2010-12-04 11:37:47,29.633316666666666,-86.80181666666667,20.0,,23.288899999999998,36.348,0.3428,4.63919,1531.9211502456246,1496.4099999999999,35.511150245624776,direct_CTD_depth,153.0,FIO_CTD_Data_Daly_2/Daly_CTD_WB1210/WB1210_PCB04_cast2.csv,https://data.gulfresearchinitiative.org/data/Y1.x030.000:0007
GRIIDC_Y1x030x0007,GRIIDC_PCB04-2_Latitude_29_37.999_Longitude_86_48.109,Gulf of Mexico / West Florida Shelf,global_augmentation,2010-12-04 11:37:47,29.633316666666666,-86.80181666666667,30.0,,23.29175,36.3476,0.35435,4.627470000000001,1532.0908978569196,1511.895,20.1958978569196,direct_CTD_depth,153.0,FIO_CTD_Data_Daly_2/Daly_CTD_WB1210/WB1210_PCB04_cast2.csv,https://data.gulfresearchinitiative.org/data/Y1.x030.000:0007
GRIIDC_Y1x030x0007,GRIIDC_PCB04-2_Latitude_29_37.999_Longitude_86_48.109,Gulf of Mexico / West Florida Shelf,global_augmentation,2010-12-04 11:37:47,29.633316666666666,-86.80181666666667,50.0,,23.292749999999998,36.344300000000004,0.34885,4.614034999999999,1532.416022838867,1519.6,12.816022838867184,direct_CTD_depth,153.0,FIO_CTD_Data_Daly_2/Daly_CTD_WB1210/WB1210_PCB04_cast2.csv,https://data.gulfresearchinitiative.org/data/Y1.x030.000:0007
GRIIDC_Y1x030x0007,GRIIDC_PCB04-2_Latitude_29_37.999_Longitude_86_48.109,Gulf of Mexico / West Florida Shelf,global_augmentation,2010-12-04 11:37:47,29.633316666666666,-86.80181666666667,75.0,,20.6809,36.56465,0.3469,3.676965,1526.3090710713109,1522.46,3.8490710713108456,direct_CTD_depth,153.0,FIO_CTD_Data_Daly_2/Daly_CTD_WB1210/WB1210_PCB04_cast2.csv,https://data.gulfresearchinitiative.org/data/Y1.x030.000:0007
GRIIDC_Y1x030x0007,GRIIDC_PCB04-2_Latitude_29_37.999_Longitude_86_48.109,Gulf of Mexico / West Florida Shelf,global_augmentation,2010-12-04 11:37:47,29.633316666666666,-86.80181666666667,100.0,,19.4117,36.514250000000004,0.3306,3.536025,1523.1888474973825,1522.935,0.25384749738259416,direct_CTD_depth,153.0,FIO_CTD_Data_Daly_2/Daly_CTD_WB1210/WB1210_PCB04_cast2.csv,https://data.gulfresearchinitiative.org/data/Y1.x030.000:0007
GRIIDC_Y1x030x0007,GRIIDC_PCB04-2_Latitude_29_37.999_Longitude_86_48.109,Gulf of Mexico / West Florida Shelf,global_augmentation,2010-12-04 11:37:47,29.633316666666666,-86.80181666666667,150.0,,17.3714,36.3191,0.4394,3.1509,1517.9323715051146,1522.73,-4.79762849488543,direct_CTD_depth,153.0,FIO_CTD_Data_Daly_2/Daly_CTD_WB1210/WB1210_PCB04_cast2.csv,https://data.gulfresearchinitiative.org/data/Y1.x030.000:0007
GRIIDC_Y1x030x0007,GRIIDC_PCB04_Latitude_29_34.024_Longitude_86_34.909,Gulf of Mexico / West Florida Shelf,global_augmentation,,29.567066666666665,-86.58181666666667,1.0,,28.239150000000002,28.24255,1.18195,4.73191,1534.5725625255818,1513.98,20.592562525581798,direct_CTD_depth,165.0,FIO_CTD_Data_Daly_2/Daly_CTD_WB0911/WB0911_PCB04.csv,https://data.gulfresearchinitiative.org/data/Y1.x030.000:0007
GRIIDC_Y1x030x0007,GRIIDC_PCB04_Latitude_29_34.024_Longitude_86_34.909,Gulf of Mexico / West Florida Shelf,global_augmentation,,29.567066666666665,-86.58181666666667,2.0,,28.4103,32.739850000000004,1.283,4.23422,1539.6867520671767,1513.98,25.706752067176694,direct_CTD_depth,165.0,FIO_CTD_Data_Daly_2/Daly_CTD_WB0911/WB0911_PCB04.csv,https://data.gulfresearchinitiative.org/data/Y1.x030.000:0007
GRIIDC_Y1x030x0007,GRIIDC_PCB04_Latitude_29_34.024_Longitude_86_34.909,Gulf of Mexico / West Florida Shelf,global_augmentation,,29.567066666666665,-86.58181666666667,5.0,,28.53725,33.607749999999996,0.8321,4.71237,1540.9203947657022,1513.98,26.940394765702194,direct_CTD_depth,165.0,FIO_CTD_Data_Daly_2/Daly_CTD_WB0911/WB0911_PCB04.csv,https://data.gulfresearchinitiative.org/data/Y1.x030.000:0007
GRIIDC_Y1x030x0007,GRIIDC_PCB04_Latitude_29_34.024_Longitude_86_34.909,Gulf of Mexico / West Florida Shelf,global_augmentation,,29.567066666666665,-86.58181666666667,10.0,,28.552100000000003,33.9292,0.81395,4.78258,1541.3706146979785,1513.98,27.390614697978435,direct_CTD_depth,165.0,FIO_CTD_Data_Daly_2/Daly_CTD_WB0911/WB0911_PCB04.csv,https://data.gulfresearchinitiative.org/data/Y1.x030.000:0007
GRIIDC_Y1x030x0007,GRIIDC_PCB04_Latitude_29_34.024_Longitude_86_34.909,Gulf of Mexico / West Florida Shelf,global_augmentation,,29.567066666666665,-86.58181666666667,20.0,,29.0138,34.8689,0.80365,3.89393,1543.5008515211475,1513.98,29.520851521147506,direct_CTD_depth,165.0,FIO_CTD_Data_Daly_2/Daly_CTD_WB0911/WB0911_PCB04.csv,https://data.gulfresearchinitiative.org/data/Y1.x030.000:0007
GRIIDC_Y1x030x0007,GRIIDC_PCB04_Latitude_29_34.024_Longitude_86_34.909,Gulf of Mexico / West Florida Shelf,global_augmentation,,29.567066666666665,-86.58181666666667,30.0,,28.44445,35.59555,0.8054,3.8206100000000003,1543.2115907975374,1524.025,19.186590797537292,direct_CTD_depth,165.0,FIO_CTD_Data_Daly_2/Daly_CTD_WB0911/WB0911_PCB04.csv,https://data.gulfresearchinitiative.org/data/Y1.x030.000:0007
GRIIDC_Y1x030x0007,GRIIDC_PCB04_Latitude_29_34.024_Longitude_86_34.909,Gulf of Mexico / West Florida Shelf,global_augmentation,,29.567066666666665,-86.58181666666667,50.0,,25.67435,36.848349999999996,0.7866500000000001,3.9229649999999996,1538.691949266064,1524.025,14.666949266063966,direct_CTD_depth,165.0,FIO_CTD_Data_Daly_2/Daly_CTD_WB0911/WB0911_PCB04.csv,https://data.gulfresearchinitiative.org/data/Y1.x030.000:0007
GRIIDC_Y1x030x0007,GRIIDC_PCB04_Latitude_29_34.024_Longitude_86_34.909,Gulf of Mexico / West Florida Shelf,global_augmentation,,29.567066666666665,-86.58181666666667,75.0,,21.26545,36.582049999999995,0.7659,3.82324,1527.8855001778331,1524.025,3.860500177833046,direct_CTD_depth,165.0,FIO_CTD_Data_Daly_2/Daly_CTD_WB0911/WB0911_PCB04.csv,https://data.gulfresearchinitiative.org/data/Y1.x030.000:0007
GRIIDC_Y1x030x0007,GRIIDC_PCB04_Latitude_29_34.024_Longitude_86_34.909,Gulf of Mexico / West Florida Shelf,global_augmentation,,29.567066666666665,-86.58181666666667,100.0,,18.589,36.428,0.75755,3.180435,1520.7720987836024,1527.545,-6.772901216397713,direct_CTD_depth,165.0,FIO_CTD_Data_Daly_2/Daly_CTD_WB0911/WB0911_PCB04.csv,https://data.gulfresearchinitiative.org/data/Y1.x030.000:0007
GRIIDC_Y1x030x0007,GRIIDC_PCB04_Latitude_29_34.024_Longitude_86_34.909,Gulf of Mexico / West Florida Shelf,global_augmentation,,29.567066666666665,-86.58181666666667,150.0,,15.96115,36.1082,0.7477,2.980195,1513.442998044424,1527.545,-14.102001955576043,direct_CTD_depth,165.0,FIO_CTD_Data_Daly_2/Daly_CTD_WB0911/WB0911_PCB04.csv,https://data.gulfresearchinitiative.org/data/Y1.x030.000:0007
GRIIDC_Y1x030x0007,GRIIDC_PCB04_Latitude_29_38.221_Longitude_86_48.510,Gulf of Mexico / West Florida Shelf,global_augmentation,2010-12-04 05:55:27,29.637016666666668,-86.8085,1.0,,20.826900000000002,22.797649999999997,0.1812,5.7224450000000004,1509.9843777463657,1483.385,26.59937774636569,direct_CTD_depth,205.0,FIO_CTD_Data_Daly_2/Daly_CTD_WB1210/WB1210_PCB04.csv,https://data.gulfresearchinitiative.org/data/Y1.x030.000:0007
GRIIDC_Y1x030x0007,GRIIDC_PCB04_Latitude_29_38.221_Longitude_86_48.510,Gulf of Mexico / West Florida Shelf,global_augmentation,2010-12-04 05:55:27,29.637016666666668,-86.8085,2.0,,22.6944,32.95225,0.1779,5.4447399999999995,1526.3722832562767,1483.385,42.98728325627667,direct_CTD_depth,205.0,FIO_CTD_Data_Daly_2/Daly_CTD_WB1210/WB1210_PCB04.csv,https://data.gulfresearchinitiative.org/data/Y1.x030.000:0007
GRIIDC_Y1x030x0007,GRIIDC_PCB04_Latitude_29_38.221_Longitude_86_48.510,Gulf of Mexico / West Florida Shelf,global_augmentation,2010-12-04 05:55:27,29.637016666666668,-86.8085,5.0,,23.32045,36.350899999999996,0.2724,4.600375,1531.7583974286997,1483.385,48.37339742869972,direct_CTD_depth,205.0,FIO_CTD_Data_Daly_2/Daly_CTD_WB1210/WB1210_PCB04.csv,https://data.gulfresearchinitiative.org/data/Y1.x030.000:0007
GRIIDC_Y1x030x0007,GRIIDC_PCB04_Latitude_29_38.221_Longitude_86_48.510,Gulf of Mexico / West Florida Shelf,global_augmentation,2010-12-04 05:55:27,29.637016666666668,-86.8085,10.0,,23.32545,36.352850000000004,0.32620000000000005,4.631265,1531.8545090744474,1483.385,48.46950907444739,direct_CTD_depth,205.0,FIO_CTD_Data_Daly_2/Daly_CTD_WB1210/WB1210_PCB04.csv,https://data.gulfresearchinitiative.org/data/Y1.x030.000:0007
GRIIDC_Y1x030x0007,GRIIDC_PCB04_Latitude_29_38.221_Longitude_86_48.510,Gulf of Mexico / West Florida Shelf,global_augmentation,2010-12-04 05:55:27,29.637016666666668,-86.8085,20.0,,23.33,36.353300000000004,0.34909999999999997,4.63644,1532.0293845312913,1483.385,48.64438453129128,direct_CTD_depth,205.0,FIO_CTD_Data_Daly_2/Daly_CTD_WB1210/WB1210_PCB04.csv,https://data.gulfresearchinitiative.org/data/Y1.x030.000:0007
GRIIDC_Y1x030x0007,GRIIDC_PCB04_Latitude_29_38.221_Longitude_86_48.510,Gulf of Mexico / West Florida Shelf,global_augmentation,2010-12-04 05:55:27,29.637016666666668,-86.8085,30.0,,23.32725,36.353750000000005,0.36545,4.638885,1532.186115799208,1504.74,27.446115799207973,direct_CTD_depth,205.0,FIO_CTD_Data_Daly_2/Daly_CTD_WB1210/WB1210_PCB04.csv,https://data.gulfresearchinitiative.org/data/Y1.x030.000:0007
GRIIDC_Y1x030x0007,GRIIDC_PCB04_Latitude_29_38.221_Longitude_86_48.510,Gulf of Mexico / West Florida Shelf,global_augmentation,2010-12-04 05:55:27,29.637016666666668,-86.8085,50.0,,23.3336,36.3535,0.4062,4.644145,1532.5279177557595,1515.465,17.0629177557596,direct_CTD_depth,205.0,FIO_CTD_Data_Daly_2/Daly_CTD_WB1210/WB1210_PCB04.csv,https://data.gulfresearchinitiative.org/data/Y1.x030.000:0007
GRIIDC_Y1x030x0007,GRIIDC_PCB04_Latitude_29_38.221_Longitude_86_48.510,Gulf of Mexico / West Florida Shelf,global_augmentation,2010-12-04 05:55:27,29.637016666666668,-86.8085,75.0,,21.14085,36.58965,0.4619,3.818415,1527.5643780078888,1519.3049999999998,8.259378007888927,direct_CTD_depth,205.0,FIO_CTD_Data_Daly_2/Daly_CTD_WB1210/WB1210_PCB04.csv,https://data.gulfresearchinitiative.org/data/Y1.x030.000:0007
GRIIDC_Y1x030x0007,GRIIDC_PCB04_Latitude_29_38.221_Longitude_86_48.510,Gulf of Mexico / West Florida Shelf,global_augmentation,2010-12-04 05:55:27,29.637016666666668,-86.8085,100.0,,19.62025,36.5196,0.48325,3.586525,1523.7739763366249,1521.005,2.768976336624746,direct_CTD_depth,205.0,FIO_CTD_Data_Daly_2/Daly_CTD_WB1210/WB1210_PCB04.csv,https://data.gulfresearchinitiative.org/data/Y1.x030.000:0007
GRIIDC_Y1x030x0007,GRIIDC_PCB04_Latitude_29_38.221_Longitude_86_48.510,Gulf of Mexico / West Florida Shelf,global_augmentation,2010-12-04 05:55:27,29.637016666666668,-86.8085,150.0,,17.3555,36.31285,0.48135,3.12094,1517.878198845276,1521.08,-3.201801154723853,direct_CTD_depth,205.0,FIO_CTD_Data_Daly_2/Daly_CTD_WB1210/WB1210_PCB04.csv,https://data.gulfresearchinitiative.org/data/Y1.x030.000:0007
GRIIDC_Y1x030x0007,GRIIDC_PCB04_Latitude_29_38.221_Longitude_86_48.510,Gulf of Mexico / West Florida Shelf,global_augmentation,2010-12-04 05:55:27,29.637016666666668,-86.8085,200.0,,15.74085,36.072599999999994,0.5106,2.847715,1513.5410296962305,1520.44,-6.898970303769602,direct_CTD_depth,205.0,FIO_CTD_Data_Daly_2/Daly_CTD_WB1210/WB1210_PCB04.csv,https://data.gulfresearchinitiative.org/data/Y1.x030.000:0007
GRIIDC_Y1x030x0007,GRIIDC_PCB04_cast1_Latitude_29_33.95_Longitude_086_35.28,Gulf of Mexico / West Florida Shelf,global_augmentation,2012-05-12 03:40:16,29.565833333333334,-86.588,1.0,,23.8197,15.6193,2.4146,5.5131,1510.2089131259067,1493.16,17.048913125906665,direct_CTD_depth,183.0,FIO_CTD_Data_Daly_2/Daly_CTD_WB0512/WB0512_PCB04_Cast1.csv,https://data.gulfresearchinitiative.org/data/Y1.x030.000:0007
GRIIDC_Y1x030x0007,GRIIDC_PCB04_cast1_Latitude_29_33.95_Longitude_086_35.28,Gulf of Mexico / West Florida Shelf,global_augmentation,2012-05-12 03:40:16,29.565833333333334,-86.588,2.0,,24.17895,34.211650000000006,1.09785,4.6977150000000005,1531.4845968339937,1507.645,23.83959683399371,direct_CTD_depth,183.0,FIO_CTD_Data_Daly_2/Daly_CTD_WB0512/WB0512_PCB04_Cast1.csv,https://data.gulfresearchinitiative.org/data/Y1.x030.000:0007
GRIIDC_Y1x030x0007,GRIIDC_PCB04_cast1_Latitude_29_33.95_Longitude_086_35.28,Gulf of Mexico / West Florida Shelf,global_augmentation,2012-05-12 03:40:16,29.565833333333334,-86.588,5.0,,24.2121,35.55565,0.9962,4.620185,1533.0821106751705,1507.645,25.437110675170516,direct_CTD_depth,183.0,FIO_CTD_Data_Daly_2/Daly_CTD_WB0512/WB0512_PCB04_Cast1.csv,https://data.gulfresearchinitiative.org/data/Y1.x030.000:0007
GRIIDC_Y1x030x0007,GRIIDC_PCB04_cast1_Latitude_29_33.95_Longitude_086_35.28,Gulf of Mexico / West Florida Shelf,global_augmentation,2012-05-12 03:40:16,29.565833333333334,-86.588,10.0,,24.205399999999997,35.5536,1.01145,4.554,1533.1450727848935,1507.645,25.50007278489352,direct_CTD_depth,183.0,FIO_CTD_Data_Daly_2/Daly_CTD_WB0512/WB0512_PCB04_Cast1.csv,https://data.gulfresearchinitiative.org/data/Y1.x030.000:0007
GRIIDC_Y1x030x0007,GRIIDC_PCB04_cast1_Latitude_29_33.95_Longitude_086_35.28,Gulf of Mexico / West Florida Shelf,global_augmentation,2012-05-12 03:40:16,29.565833333333334,-86.588,20.0,,24.32675,35.7314,1.00095,4.6186050000000005,1533.7969884517522,1507.645,26.15198845175223,direct_CTD_depth,183.0,FIO_CTD_Data_Daly_2/Daly_CTD_WB0512/WB0512_PCB04_Cast1.csv,https://data.gulfresearchinitiative.org/data/Y1.x030.000:0007
GRIIDC_Y1x030x0007,GRIIDC_PCB04_cast1_Latitude_29_33.95_Longitude_086_35.28,Gulf of Mexico / West Florida Shelf,global_augmentation,2012-05-12 03:40:16,29.565833333333334,-86.588,30.0,,23.340600000000002,35.887100000000004,1.0041,4.77528,1531.7056832996007,1517.87,13.83568329960076,direct_CTD_depth,183.0,FIO_CTD_Data_Daly_2/Daly_CTD_WB0512/WB0512_PCB04_Cast1.csv,https://data.gulfresearchinitiative.org/data/Y1.x030.000:0007
GRIIDC_Y1x030x0007,GRIIDC_PCB04_cast1_Latitude_29_33.95_Longitude_086_35.28,Gulf of Mexico / West Florida Shelf,global_augmentation,2012-05-12 03:40:16,29.565833333333334,-86.588,50.0,,21.4314,36.131600000000006,1.00645,4.91559,1527.4100634560991,1517.87,9.540063456099233,direct_CTD_depth,183.0,FIO_CTD_Data_Daly_2/Daly_CTD_WB0512/WB0512_PCB04_Cast1.csv,https://data.gulfresearchinitiative.org/data/Y1.x030.000:0007
GRIIDC_Y1x030x0007,GRIIDC_PCB04_cast1_Latitude_29_33.95_Longitude_086_35.28,Gulf of Mexico / West Florida Shelf,global_augmentation,2012-05-12 03:40:16,29.565833333333334,-86.588,75.0,,20.042749999999998,36.13015,0.99945,4.68938,1524.0865357699233,1517.87,6.216535769923439,direct_CTD_depth,183.0,FIO_CTD_Data_Daly_2/Daly_CTD_WB0512/WB0512_PCB04_Cast1.csv,https://data.gulfresearchinitiative.org/data/Y1.x030.000:0007
GRIIDC_Y1x030x0007,GRIIDC_PCB04_cast1_Latitude_29_33.95_Longitude_086_35.28,Gulf of Mexico / West Florida Shelf,global_augmentation,2012-05-12 03:40:16,29.565833333333334,-86.588,100.0,,19.50545,36.185100000000006,0.9899,4.35208,1523.0743104066064,1517.87,5.20431040660651,direct_CTD_depth,183.0,FIO_CTD_Data_Daly_2/Daly_CTD_WB0512/WB0512_PCB04_Cast1.csv,https://data.gulfresearchinitiative.org/data/Y1.x030.000:0007
GRIIDC_Y1x030x0007,GRIIDC_PCB04_cast1_Latitude_29_33.95_Longitude_086_35.28,Gulf of Mexico / West Florida Shelf,global_augmentation,2012-05-12 03:40:16,29.565833333333334,-86.588,150.0,,15.89585,36.0932,0.9667,2.91511,1513.2248291844437,1517.87,-4.645170815556185,direct_CTD_depth,183.0,FIO_CTD_Data_Daly_2/Daly_CTD_WB0512/WB0512_PCB04_Cast1.csv,https://data.gulfresearchinitiative.org/data/Y1.x030.000:0007
GRIIDC_Y1x030x0007,GRIIDC_PCB04_cast1_Latitude_29_33.968_Longitude_86_35.046,Gulf of Mexico / West Florida Shelf,global_augmentation,2011-02-22 04:24:21,29.566133333333333,-86.5841,1.0,,19.82175,25.09825,8.28525,5.60638,1509.7307383791176,1465.875,43.85573837911761,direct_CTD_depth,153.0,FIO_CTD_Data_Daly_2/Daly_CTD_WB0211/WB0211_pcb04.csv,https://data.gulfresearchinitiative.org/data/Y1.x030.000:0007
GRIIDC_Y1x030x0007,GRIIDC_PCB04_cast1_Latitude_29_33.968_Longitude_86_35.046,Gulf of Mexico / West Florida Shelf,global_augmentation,2011-02-22 04:24:21,29.566133333333333,-86.5841,2.0,,19.909149999999997,35.5076,0.9547,5.264799999999999,1521.8218526259188,1465.875,55.94685262591884,direct_CTD_depth,153.0,FIO_CTD_Data_Daly_2/Daly_CTD_WB0211/WB0211_pcb04.csv,https://data.gulfresearchinitiative.org/data/Y1.x030.000:0007
GRIIDC_Y1x030x0007,GRIIDC_PCB04_cast1_Latitude_29_33.968_Longitude_86_35.046,Gulf of Mexico / West Florida Shelf,global_augmentation,2011-02-22 04:24:21,29.566133333333333,-86.5841,5.0,,19.91485,36.255250000000004,0.37215,5.298325,1522.7357001223947,1465.875,56.860700122394746,direct_CTD_depth,153.0,FIO_CTD_Data_Daly_2/Daly_CTD_WB0211/WB0211_pcb04.csv,https://data.gulfresearchinitiative.org/data/Y1.x030.000:0007
GRIIDC_Y1x030x0007,GRIIDC_PCB04_cast1_Latitude_29_33.968_Longitude_86_35.046,Gulf of Mexico / West Florida Shelf,global_augmentation,2011-02-22 04:24:21,29.566133333333333,-86.5841,10.0,,19.807699999999997,36.2856,0.40375000000000005,5.216395,1522.556822369165,1465.875,56.68182236916505,direct_CTD_depth,153.0,FIO_CTD_Data_Daly_2/Daly_CTD_WB0211/WB0211_pcb04.csv,https://data.gulfresearchinitiative.org/data/Y1.x030.000:0007
GRIIDC_Y1x030x0007,GRIIDC_PCB04_cast1_Latitude_29_33.968_Longitude_86_35.046,Gulf of Mexico / West Florida Shelf,global_augmentation,2011-02-22 04:24:21,29.566133333333333,-86.5841,20.0,,19.0612,36.141549999999995,0.428,5.4762450000000005,1520.4758037661868,1465.875,54.6008037661868,direct_CTD_depth,153.0,FIO_CTD_Data_Daly_2/Daly_CTD_WB0211/WB0211_pcb04.csv,https://data.gulfresearchinitiative.org/data/Y1.x030.000:0007
GRIIDC_Y1x030x0007,GRIIDC_PCB04_cast1_Latitude_29_33.968_Longitude_86_35.046,Gulf of Mexico / West Florida Shelf,global_augmentation,2011-02-22 04:24:21,29.566133333333333,-86.5841,30.0,,18.171599999999998,35.9929,0.42795000000000005,5.49765,1517.930826461575,1490.245,27.68582646157506,direct_CTD_depth,153.0,FIO_CTD_Data_Daly_2/Daly_CTD_WB0211/WB0211_pcb04.csv,https://data.gulfresearchinitiative.org/data/Y1.x030.000:0007
GRIIDC_Y1x030x0007,GRIIDC_PCB04_cast1_Latitude_29_33.968_Longitude_86_35.046,Gulf of Mexico / West Florida Shelf,global_augmentation,2011-02-22 04:24:21,29.566133333333333,-86.5841,50.0,,17.729799999999997,35.9257,0.39205,4.694535,1516.8953360760045,1492.035,24.860336076004387,direct_CTD_depth,153.0,FIO_CTD_Data_Daly_2/Daly_CTD_WB0211/WB0211_pcb04.csv,https://data.gulfresearchinitiative.org/data/Y1.x030.000:0007
GRIIDC_Y1x030x0007,GRIIDC_PCB04_cast1_Latitude_29_33.968_Longitude_86_35.046,Gulf of Mexico / West Florida Shelf,global_augmentation,2011-02-22 04:24:21,29.566133333333333,-86.5841,75.0,,16.84055,35.83715,0.42085,5.200785,1514.5671493675766,1506.605,7.962149367576558,direct_CTD_depth,153.0,FIO_CTD_Data_Daly_2/Daly_CTD_WB0211/WB0211_pcb04.csv,https://data.gulfresearchinitiative.org/data/Y1.x030.000:0007
GRIIDC_Y1x030x0007,GRIIDC_PCB04_cast1_Latitude_29_33.968_Longitude_86_35.046,Gulf of Mexico / West Florida Shelf,global_augmentation,2011-02-22 04:24:21,29.566133333333333,-86.5841,100.0,,16.66485,36.061099999999996,0.42985,4.8926549999999995,1514.7092050358413,1506.605,8.104205035841233,direct_CTD_depth,153.0,FIO_CTD_Data_Daly_2/Daly_CTD_WB0211/WB0211_pcb04.csv,https://data.gulfresearchinitiative.org/data/Y1.x030.000:0007
GRIIDC_Y1x030x0007,GRIIDC_PCB04_cast1_Latitude_29_33.968_Longitude_86_35.046,Gulf of Mexico / West Florida Shelf,global_augmentation,2011-02-22 04:24:21,29.566133333333333,-86.5841,150.0,,16.2029,36.0392,0.37795,4.51054,1514.1012347584083,1509.15,4.951234758408191,direct_CTD_depth,153.0,FIO_CTD_Data_Daly_2/Daly_CTD_WB0211/WB0211_pcb04.csv,https://data.gulfresearchinitiative.org/data/Y1.x030.000:0007
GRIIDC_Y1x030x0007,GRIIDC_PCB04_cast1_Latitude_29_34.022_Longitude_86_34.969,Gulf of Mexico / West Florida Shelf,global_augmentation,2011-05-06 00:38:33,29.567033333333335,-86.58281666666667,1.0,,21.49225,23.763350000000003,0.9434,5.7086749999999995,1512.9222451767323,1483.55,29.37224517673235,direct_CTD_depth,188.0,FIO_CTD_Data_Daly_2/Daly_CTD_WB0511/WB0511_PCB04.csv,https://data.gulfresearchinitiative.org/data/Y1.x030.000:0007
GRIIDC_Y1x030x0007,GRIIDC_PCB04_cast1_Latitude_29_34.022_Longitude_86_34.969,Gulf of Mexico / West Florida Shelf,global_augmentation,2011-05-06 00:38:33,29.567033333333335,-86.58281666666667,2.0,,23.389850000000003,33.8207,0.66645,5.360825,1529.0983065380458,1483.55,45.548306538045836,direct_CTD_depth,188.0,FIO_CTD_Data_Daly_2/Daly_CTD_WB0511/WB0511_PCB04.csv,https://data.gulfresearchinitiative.org/data/Y1.x030.000:0007
GRIIDC_Y1x030x0007,GRIIDC_PCB04_cast1_Latitude_29_34.022_Longitude_86_34.969,Gulf of Mexico / West Florida Shelf,global_augmentation,2011-05-06 00:38:33,29.567033333333335,-86.58281666666667,5.0,,23.494,34.534400000000005,0.6529,4.856165,1530.1928805743335,1483.55,46.6428805743335,direct_CTD_depth,188.0,FIO_CTD_Data_Daly_2/Daly_CTD_WB0511/WB0511_PCB04.csv,https://data.gulfresearchinitiative.org/data/Y1.x030.000:0007
GRIIDC_Y1x030x0007,GRIIDC_PCB04_cast1_Latitude_29_34.022_Longitude_86_34.969,Gulf of Mexico / West Florida Shelf,global_augmentation,2011-05-06 00:38:33,29.567033333333335,-86.58281666666667,10.0,,23.518900000000002,34.575149999999994,0.70285,4.833515,1530.381318413032,1483.55,46.83131841303202,direct_CTD_depth,188.0,FIO_CTD_Data_Daly_2/Daly_CTD_WB0511/WB0511_PCB04.csv,https://data.gulfresearchinitiative.org/data/Y1.x030.000:0007
GRIIDC_Y1x030x0007,GRIIDC_PCB04_cast1_Latitude_29_34.022_Longitude_86_34.969,Gulf of Mexico / West Florida Shelf,global_augmentation,2011-05-06 00:38:33,29.567033333333335,-86.58281666666667,20.0,,22.78065,35.0527,0.7855,4.930565,1529.211400888896,1483.55,45.66140088889597,direct_CTD_depth,188.0,FIO_CTD_Data_Daly_2/Daly_CTD_WB0511/WB0511_PCB04.csv,https://data.gulfresearchinitiative.org/data/Y1.x030.000:0007
GRIIDC_Y1x030x0007,GRIIDC_PCB04_cast1_Latitude_29_34.022_Longitude_86_34.969,Gulf of Mexico / West Florida Shelf,global_augmentation,2011-05-06 00:38:33,29.567033333333335,-86.58281666666667,30.0,,20.9478,36.2345,0.8251999999999999,4.89226,1525.9173720439815,1503.1599999999999,22.757372043981604,direct_CTD_depth,188.0,FIO_CTD_Data_Daly_2/Daly_CTD_WB0511/WB0511_PCB04.csv,https://data.gulfresearchinitiative.org/data/Y1.x030.000:0007
GRIIDC_Y1x030x0007,GRIIDC_PCB04_cast1_Latitude_29_34.022_Longitude_86_34.969,Gulf of Mexico / West Florida Shelf,global_augmentation,2011-05-06 00:38:33,29.567033333333335,-86.58281666666667,50.0,,19.49755,36.31315,0.9684999999999999,4.36084,1522.3820927478805,1503.1599999999999,19.22209274788065,direct_CTD_depth,188.0,FIO_CTD_Data_Daly_2/Daly_CTD_WB0511/WB0511_PCB04.csv,https://data.gulfresearchinitiative.org/data/Y1.x030.000:0007
GRIIDC_Y1x030x0007,GRIIDC_PCB04_cast1_Latitude_29_34.022_Longitude_86_34.969,Gulf of Mexico / West Florida Shelf,global_augmentation,2011-05-06 00:38:33,29.567033333333335,-86.58281666666667,75.0,,18.61055,36.30205,0.83725,3.7168200000000002,1520.2805373498277,1503.1599999999999,17.120537349827828,direct_CTD_depth,188.0,FIO_CTD_Data_Daly_2/Daly_CTD_WB0511/WB0511_PCB04.csv,https://data.gulfresearchinitiative.org/data/Y1.x030.000:0007
GRIIDC_Y1x030x0007,GRIIDC_PCB04_cast1_Latitude_29_34.022_Longitude_86_34.969,Gulf of Mexico / West Florida Shelf,global_augmentation,2011-05-06 00:38:33,29.567033333333335,-86.58281666666667,100.0,,17.83045,36.297799999999995,0.8075,3.28665,1518.4361423849073,1503.1599999999999,15.276142384907416,direct_CTD_depth,188.0,FIO_CTD_Data_Daly_2/Daly_CTD_WB0511/WB0511_PCB04.csv,https://data.gulfresearchinitiative.org/data/Y1.x030.000:0007
GRIIDC_Y1x030x0007,GRIIDC_PCB04_cast1_Latitude_29_34.022_Longitude_86_34.969,Gulf of Mexico / West Florida Shelf,global_augmentation,2011-05-06 00:38:33,29.567033333333335,-86.58281666666667,150.0,,16.033,36.09955,0.8228,3.11132,1513.653043480046,1516.755,-3.101956519954001,direct_CTD_depth,188.0,FIO_CTD_Data_Daly_2/Daly_CTD_WB0511/WB0511_PCB04.csv,https://data.gulfresearchinitiative.org/data/Y1.x030.000:0007
GRIIDC_Y1x030x0007,GRIIDC_PCB04_cast1_Latitude_29_34.02_Longitude_086_34.96,Gulf of Mexico / West Florida Shelf,global_augmentation,2012-02-17 07:46:48,29.567,-86.58266666666667,1.0,,19.1079,30.088050000000003,1.81055,5.290995000000001,1513.3713846866306,1491.165,22.2063846866306,direct_CTD_depth,182.0,FIO_CTD_Data_Daly_2/Daly_CTD_WB0212/WB0212_pcb04.csv,https://data.gulfresearchinitiative.org/data/Y1.x030.000:0007
GRIIDC_Y1x030x0007,GRIIDC_PCB04_cast1_Latitude_29_34.02_Longitude_086_34.96,Gulf of Mexico / West Florida Shelf,global_augmentation,2012-02-17 07:46:48,29.567,-86.58266666666667,2.0,,19.24955,35.746300000000005,0.7242,5.233264999999999,1520.2596930887837,1491.165,29.094693088783742,direct_CTD_depth,182.0,FIO_CTD_Data_Daly_2/Daly_CTD_WB0212/WB0212_pcb04.csv,https://data.gulfresearchinitiative.org/data/Y1.x030.000:0007
GRIIDC_Y1x030x0007,GRIIDC_PCB04_cast1_Latitude_29_34.02_Longitude_086_34.96,Gulf of Mexico / West Florida Shelf,global_augmentation,2012-02-17 07:46:48,29.567,-86.58266666666667,5.0,,19.248350000000002,35.637950000000004,0.75395,5.03418,1520.1814182124238,1491.165,29.016418212423787,direct_CTD_depth,182.0,FIO_CTD_Data_Daly_2/Daly_CTD_WB0212/WB0212_pcb04.csv,https://data.gulfresearchinitiative.org/data/Y1.x030.000:0007
GRIIDC_Y1x030x0007,GRIIDC_PCB04_cast1_Latitude_29_34.02_Longitude_086_34.96,Gulf of Mexico / West Florida Shelf,global_augmentation,2012-02-17 07:46:48,29.567,-86.58266666666667,10.0,,19.18745,35.72125,0.7581500000000001,5.012695,1520.1871103685537,1491.165,29.02211036855374,direct_CTD_depth,182.0,FIO_CTD_Data_Daly_2/Daly_CTD_WB0212/WB0212_pcb04.csv,https://data.gulfresearchinitiative.org/data/Y1.x030.000:0007
GRIIDC_Y1x030x0007,GRIIDC_PCB04_cast1_Latitude_29_34.02_Longitude_086_34.96,Gulf of Mexico / West Florida Shelf,global_augmentation,2012-02-17 07:46:48,29.567,-86.58266666666667,20.0,,19.16975,35.7599,0.7900499999999999,5.0015,1520.3446006849174,1491.165,29.179600684917432,direct_CTD_depth,182.0,FIO_CTD_Data_Daly_2/Daly_CTD_WB0212/WB0212_pcb04.csv,https://data.gulfresearchinitiative.org/data/Y1.x030.000:0007
GRIIDC_Y1x030x0007,GRIIDC_PCB04_cast1_Latitude_29_34.02_Longitude_086_34.96,Gulf of Mexico / West Florida Shelf,global_augmentation,2012-02-17 07:46:48,29.567,-86.58266666666667,30.0,,19.1235,35.7846,0.7351000000000001,4.947995000000001,1520.4058289328,1504.435,15.970828932800032,direct_CTD_depth,182.0,FIO_CTD_Data_Daly_2/Daly_CTD_WB0212/WB0212_pcb04.csv,https://data.gulfresearchinitiative.org/data/Y1.x030.000:0007
GRIIDC_Y1x030x0007,GRIIDC_PCB04_cast1_Latitude_29_34.02_Longitude_086_34.96,Gulf of Mexico / West Florida Shelf,global_augmentation,2012-02-17 07:46:48,29.567,-86.58266666666667,50.0,,19.116300000000003,35.798249999999996,0.7385999999999999,4.918675,1520.7274434229741,1504.435,16.292443422974202,direct_CTD_depth,182.0,FIO_CTD_Data_Daly_2/Daly_CTD_WB0212/WB0212_pcb04.csv,https://data.gulfresearchinitiative.org/data/Y1.x030.000:0007
GRIIDC_Y1x030x0007,GRIIDC_PCB04_cast1_Latitude_29_34.02_Longitude_086_34.96,Gulf of Mexico / West Florida Shelf,global_augmentation,2012-02-17 07:46:48,29.567,-86.58266666666667,75.0,,19.087899999999998,35.856899999999996,0.73035,4.78132,1521.1225947740536,1504.435,16.68759477405365,direct_CTD_depth,182.0,FIO_CTD_Data_Daly_2/Daly_CTD_WB0212/WB0212_pcb04.csv,https://data.gulfresearchinitiative.org/data/Y1.x030.000:0007
GRIIDC_Y1x030x0007,GRIIDC_PCB04_cast1_Latitude_29_34.02_Longitude_086_34.96,Gulf of Mexico / West Florida Shelf,global_augmentation,2012-02-17 07:46:48,29.567,-86.58266666666667,100.0,,18.730400000000003,36.1485,0.7521,4.2031849999999995,1520.8535006456102,1514.695,6.158500645610275,direct_CTD_depth,182.0,FIO_CTD_Data_Daly_2/Daly_CTD_WB0212/WB0212_pcb04.csv,https://data.gulfresearchinitiative.org/data/Y1.x030.000:0007
GRIIDC_Y1x030x0007,GRIIDC_PCB04_cast1_Latitude_29_34.02_Longitude_086_34.96,Gulf of Mexico / West Florida Shelf,global_augmentation,2012-02-17 07:46:48,29.567,-86.58266666666667,150.0,,16.87235,36.248599999999996,0.7701,2.95831,1516.3679200510637,1514.695,1.6729200510637838,direct_CTD_depth,182.0,FIO_CTD_Data_Daly_2/Daly_CTD_WB0212/WB0212_pcb04.csv,https://data.gulfresearchinitiative.org/data/Y1.x030.000:0007
GRIIDC_Y1x030x0007,GRIIDC_PCB04_cast2_Latitude_29_33.98_Longitude_086_34.99,Gulf of Mexico / West Florida Shelf,global_augmentation,2012-05-12 05:19:08,29.566333333333333,-86.58316666666667,1.0,,24.33205,35.50985,1.1597,4.923215,1533.2584483961139,1533.22,0.03844839611383577,direct_CTD_depth,51.0,FIO_CTD_Data_Daly_2/Daly_CTD_WB0512/WB0512_PCB04_Cast2.csv,https://data.gulfresearchinitiative.org/data/Y1.x030.000:0007
GRIIDC_Y1x030x0007,GRIIDC_PCB04_cast2_Latitude_29_33.98_Longitude_086_34.99,Gulf of Mexico / West Florida Shelf,global_augmentation,2012-05-12 05:19:08,29.566333333333333,-86.58316666666667,2.0,,24.33335,35.55915,1.0617999999999999,4.446104999999999,1533.3316687614479,1533.22,0.1116687614478451,direct_CTD_depth,51.0,FIO_CTD_Data_Daly_2/Daly_CTD_WB0512/WB0512_PCB04_Cast2.csv,https://data.gulfresearchinitiative.org/data/Y1.x030.000:0007
GRIIDC_Y1x030x0007,GRIIDC_PCB04_cast2_Latitude_29_33.98_Longitude_086_34.99,Gulf of Mexico / West Florida Shelf,global_augmentation,2012-05-12 05:19:08,29.566333333333333,-86.58316666666667,5.0,,24.3411,35.56935,1.1101,4.603955,1533.4104923603813,1533.22,0.19049236038131312,direct_CTD_depth,51.0,FIO_CTD_Data_Daly_2/Daly_CTD_WB0512/WB0512_PCB04_Cast2.csv,https://data.gulfresearchinitiative.org/data/Y1.x030.000:0007
GRIIDC_Y1x030x0007,GRIIDC_PCB04_cast2_Latitude_29_33.98_Longitude_086_34.99,Gulf of Mexico / West Florida Shelf,global_augmentation,2012-05-12 05:19:08,29.566333333333333,-86.58316666666667,10.0,,24.2922,35.5681,1.1595499999999999,4.65179,1533.371971729183,1533.22,0.15197172918306023,direct_CTD_depth,51.0,FIO_CTD_Data_Daly_2/Daly_CTD_WB0512/WB0512_PCB04_Cast2.csv,https://data.gulfresearchinitiative.org/data/Y1.x030.000:0007
GRIIDC_Y1x030x0007,GRIIDC_PCB04_cast2_Latitude_29_33.98_Longitude_086_34.99,Gulf of Mexico / West Florida Shelf,global_augmentation,2012-05-12 05:19:08,29.566333333333333,-86.58316666666667,20.0,,24.244,35.7465,1.1608,4.688865,1533.6126067179969,1533.22,0.3926067179968413,direct_CTD_depth,51.0,FIO_CTD_Data_Daly_2/Daly_CTD_WB0512/WB0512_PCB04_Cast2.csv,https://data.gulfresearchinitiative.org/data/Y1.x030.000:0007
GRIIDC_Y1x030x0007,GRIIDC_PCB04_cast2_Latitude_29_33.98_Longitude_086_34.99,Gulf of Mexico / West Florida Shelf,global_augmentation,2012-05-12 05:19:08,29.566333333333333,-86.58316666666667,30.0,,23.0963,35.88315,1.16655,4.800325,1531.0898811000661,1533.22,-2.1301188999339047,direct_CTD_depth,51.0,FIO_CTD_Data_Daly_2/Daly_CTD_WB0512/WB0512_PCB04_Cast2.csv,https://data.gulfresearchinitiative.org/data/Y1.x030.000:0007
GRIIDC_Y1x030x0007,GRIIDC_PCB04_cast2_Latitude_29_33.98_Longitude_086_34.99,Gulf of Mexico / West Florida Shelf,global_augmentation,2012-05-12 05:19:08,29.566333333333333,-86.58316666666667,50.0,,21.227649999999997,36.1502,1.1598,4.88156,1526.8928810962304,1533.22,-6.327118903769588,direct_CTD_depth,51.0,FIO_CTD_Data_Daly_2/Daly_CTD_WB0512/WB0512_PCB04_Cast2.csv,https://data.gulfresearchinitiative.org/data/Y1.x030.000:0007
GRIIDC_Y1x030x0007,GRIIDC_PCB05_Latitude_29_26.631_Longitude_86_47.226,Gulf of Mexico / West Florida Shelf,global_augmentation,,29.44385,-86.7871,1.0,,28.5567,31.141350000000003,2.8526,4.4056049999999995,1538.3141066973396,1508.0949999999998,30.21910669733984,direct_CTD_depth,340.0,FIO_CTD_Data_Daly_2/Daly_CTD_WB0911/WB0911_PCB05.csv,https://data.gulfresearchinitiative.org/data/Y1.x030.000:0007
GRIIDC_Y1x030x0007,GRIIDC_PCB05_Latitude_29_26.631_Longitude_86_47.226,Gulf of Mexico / West Florida Shelf,global_augmentation,,29.44385,-86.7871,2.0,,28.657049999999998,33.106899999999996,0.89845,4.542835,1540.6055329730996,1508.0949999999998,32.51053297309977,direct_CTD_depth,340.0,FIO_CTD_Data_Daly_2/Daly_CTD_WB0911/WB0911_PCB05.csv,https://data.gulfresearchinitiative.org/data/Y1.x030.000:0007
GRIIDC_Y1x030x0007,GRIIDC_PCB05_Latitude_29_26.631_Longitude_86_47.226,Gulf of Mexico / West Florida Shelf,global_augmentation,,29.44385,-86.7871,5.0,,28.548650000000002,33.2613,0.91595,4.97593,1540.5821286005569,1508.0949999999998,32.48712860055707,direct_CTD_depth,340.0,FIO_CTD_Data_Daly_2/Daly_CTD_WB0911/WB0911_PCB05.csv,https://data.gulfresearchinitiative.org/data/Y1.x030.000:0007
GRIIDC_Y1x030x0007,GRIIDC_PCB05_Latitude_29_26.631_Longitude_86_47.226,Gulf of Mexico / West Florida Shelf,global_augmentation,,29.44385,-86.7871,10.0,,28.5001,33.7645,0.90145,5.18529,1541.085945328659,1508.0949999999998,32.99094532865911,direct_CTD_depth,340.0,FIO_CTD_Data_Daly_2/Daly_CTD_WB0911/WB0911_PCB05.csv,https://data.gulfresearchinitiative.org/data/Y1.x030.000:0007
GRIIDC_Y1x030x0007,GRIIDC_PCB05_Latitude_29_26.631_Longitude_86_47.226,Gulf of Mexico / West Florida Shelf,global_augmentation,,29.44385,-86.7871,20.0,,28.6674,35.07535,0.8976,4.156925,1542.9806154121884,1508.0949999999998,34.8856154121886,direct_CTD_depth,340.0,FIO_CTD_Data_Daly_2/Daly_CTD_WB0911/WB0911_PCB05.csv,https://data.gulfresearchinitiative.org/data/Y1.x030.000:0007
GRIIDC_Y1x030x0007,GRIIDC_PCB05_Latitude_29_26.631_Longitude_86_47.226,Gulf of Mexico / West Florida Shelf,global_augmentation,,29.44385,-86.7871,30.0,,28.59935,35.67615,0.8892,3.998795,1543.627247070662,1508.0949999999998,35.53224707066215,direct_CTD_depth,340.0,FIO_CTD_Data_Daly_2/Daly_CTD_WB0911/WB0911_PCB05.csv,https://data.gulfresearchinitiative.org/data/Y1.x030.000:0007
GRIIDC_Y1x030x0007,GRIIDC_PCB05_Latitude_29_26.631_Longitude_86_47.226,Gulf of Mexico / West Florida Shelf,global_augmentation,,29.44385,-86.7871,50.0,,24.723,37.41005,0.8711,3.6712949999999998,1537.065414748745,1518.0349999999999,19.030414748745216,direct_CTD_depth,340.0,FIO_CTD_Data_Daly_2/Daly_CTD_WB0911/WB0911_PCB05.csv,https://data.gulfresearchinitiative.org/data/Y1.x030.000:0007
GRIIDC_Y1x030x0007,GRIIDC_PCB05_Latitude_29_26.631_Longitude_86_47.226,Gulf of Mexico / West Florida Shelf,global_augmentation,,29.44385,-86.7871,75.0,,21.225450000000002,36.63849999999999,0.8387,3.72952,1527.8431606051108,1518.0349999999999,9.80816060511097,direct_CTD_depth,340.0,FIO_CTD_Data_Daly_2/Daly_CTD_WB0911/WB0911_PCB05.csv,https://data.gulfresearchinitiative.org/data/Y1.x030.000:0007
GRIIDC_Y1x030x0007,GRIIDC_PCB05_Latitude_29_26.631_Longitude_86_47.226,Gulf of Mexico / West Florida Shelf,global_augmentation,,29.44385,-86.7871,100.0,,19.21925,36.43770000000001,0.8202499999999999,3.4472,1522.5639902497194,1518.0349999999999,4.528990249719527,direct_CTD_depth,340.0,FIO_CTD_Data_Daly_2/Daly_CTD_WB0911/WB0911_PCB05.csv,https://data.gulfresearchinitiative.org/data/Y1.x030.000:0007
GRIIDC_Y1x030x0007,GRIIDC_PCB05_Latitude_29_26.631_Longitude_86_47.226,Gulf of Mexico / West Florida Shelf,global_augmentation,,29.44385,-86.7871,150.0,,16.684649999999998,36.213499999999996,0.8027500000000001,3.151925,1515.7640073635284,1520.975,-5.210992636471474,direct_CTD_depth,340.0,FIO_CTD_Data_Daly_2/Daly_CTD_WB0911/WB0911_PCB05.csv,https://data.gulfresearchinitiative.org/data/Y1.x030.000:0007
GRIIDC_Y1x030x0007,GRIIDC_PCB05_Latitude_29_26.631_Longitude_86_47.226,Gulf of Mexico / West Florida Shelf,global_augmentation,,29.44385,-86.7871,200.0,,14.332,35.8481,0.7888,2.9734749999999996,1508.8408271791836,1518.28,-9.439172820816339,direct_CTD_depth,340.0,FIO_CTD_Data_Daly_2/Daly_CTD_WB0911/WB0911_PCB05.csv,https://data.gulfresearchinitiative.org/data/Y1.x030.000:0007
GRIIDC_Y1x030x0007,GRIIDC_PCB05_Latitude_29_26.631_Longitude_86_47.226,Gulf of Mexico / West Florida Shelf,global_augmentation,,29.44385,-86.7871,300.0,,10.767299999999999,35.2971,0.76655,2.777755,1497.8100346884728,1515.7199999999998,-17.909965311527003,direct_CTD_depth,340.0,FIO_CTD_Data_Daly_2/Daly_CTD_WB0911/WB0911_PCB05.csv,https://data.gulfresearchinitiative.org/data/Y1.x030.000:0007
GRIIDC_Y1x030x0007,GRIIDC_PCB05_cast1_Latitude_29_26.149_Longitude_86_47.138,Gulf of Mexico / West Florida Shelf,global_augmentation,2011-05-06 04:46:20,29.435816666666668,-86.78563333333334,1.0,,21.6672,24.11745,0.623,5.700559999999999,1513.7989757350788,1491.055,22.74397573507872,direct_CTD_depth,377.0,FIO_CTD_Data_Daly_2/Daly_CTD_WB0511/WB0511_PCB05.csv,https://data.gulfresearchinitiative.org/data/Y1.x030.000:0007
GRIIDC_Y1x030x0007,GRIIDC_PCB05_cast1_Latitude_29_26.149_Longitude_86_47.138,Gulf of Mexico / West Florida Shelf,global_augmentation,2011-05-06 04:46:20,29.435816666666668,-86.78563333333334,2.0,,23.554850000000002,33.28425,0.6698999999999999,5.422675,1528.922394981975,1491.055,37.86739498197494,direct_CTD_depth,377.0,FIO_CTD_Data_Daly_2/Daly_CTD_WB0511/WB0511_PCB05.csv,https://data.gulfresearchinitiative.org/data/Y1.x030.000:0007
GRIIDC_Y1x030x0007,GRIIDC_PCB05_cast1_Latitude_29_26.149_Longitude_86_47.138,Gulf of Mexico / West Florida Shelf,global_augmentation,2011-05-06 04:46:20,29.435816666666668,-86.78563333333334,5.0,,23.86365,34.93905,0.7076,4.804075,1531.554067257913,1491.055,40.499067257912884,direct_CTD_depth,377.0,FIO_CTD_Data_Daly_2/Daly_CTD_WB0511/WB0511_PCB05.csv,https://data.gulfresearchinitiative.org/data/Y1.x030.000:0007
GRIIDC_Y1x030x0007,GRIIDC_PCB05_cast1_Latitude_29_26.149_Longitude_86_47.138,Gulf of Mexico / West Florida Shelf,global_augmentation,2011-05-06 04:46:20,29.435816666666668,-86.78563333333334,10.0,,23.89355,34.966499999999996,0.6579,4.779555,1531.7393337034891,1491.055,40.684333703489074,direct_CTD_depth,377.0,FIO_CTD_Data_Daly_2/Daly_CTD_WB0511/WB0511_PCB05.csv,https://data.gulfresearchinitiative.org/data/Y1.x030.000:0007
GRIIDC_Y1x030x0007,GRIIDC_PCB05_cast1_Latitude_29_26.149_Longitude_86_47.138,Gulf of Mexico / West Florida Shelf,global_augmentation,2011-05-06 04:46:20,29.435816666666668,-86.78563333333334,20.0,,23.9022,35.7053,0.823,4.821295,1532.7326765960245,1491.055,41.67767659602441,direct_CTD_depth,377.0,FIO_CTD_Data_Daly_2/Daly_CTD_WB0511/WB0511_PCB05.csv,https://data.gulfresearchinitiative.org/data/Y1.x030.000:0007
GRIIDC_Y1x030x0007,GRIIDC_PCB05_cast1_Latitude_29_26.149_Longitude_86_47.138,Gulf of Mexico / West Florida Shelf,global_augmentation,2011-05-06 04:46:20,29.435816666666668,-86.78563333333334,30.0,,21.8835,36.1635,0.8516999999999999,5.051295,1528.3021014813594,1505.88,22.422101481359277,direct_CTD_depth,377.0,FIO_CTD_Data_Daly_2/Daly_CTD_WB0511/WB0511_PCB05.csv,https://data.gulfresearchinitiative.org/data/Y1.x030.000:0007
GRIIDC_Y1x030x0007,GRIIDC_PCB05_cast1_Latitude_29_26.149_Longitude_86_47.138,Gulf of Mexico / West Florida Shelf,global_augmentation,2011-05-06 04:46:20,29.435816666666668,-86.78563333333334,50.0,,19.03625,36.3096,0.92885,4.201565,1521.0872657253171,1505.88,15.20726572531703,direct_CTD_depth,377.0,FIO_CTD_Data_Daly_2/Daly_CTD_WB0511/WB0511_PCB05.csv,https://data.gulfresearchinitiative.org/data/Y1.x030.000:0007
GRIIDC_Y1x030x0007,GRIIDC_PCB05_cast1_Latitude_29_26.149_Longitude_86_47.138,Gulf of Mexico / West Florida Shelf,global_augmentation,2011-05-06 04:46:20,29.435816666666668,-86.78563333333334,75.0,,17.9287,36.2556,0.8803000000000001,3.58146,1518.264904554931,1514.095,4.1699045549310085,direct_CTD_depth,377.0,FIO_CTD_Data_Daly_2/Daly_CTD_WB0511/WB0511_PCB05.csv,https://data.gulfresearchinitiative.org/data/Y1.x030.000:0007
GRIIDC_Y1x030x0007,GRIIDC_PCB05_cast1_Latitude_29_26.149_Longitude_86_47.138,Gulf of Mexico / West Florida Shelf,global_augmentation,2011-05-06 04:46:20,29.435816666666668,-86.78563333333334,100.0,,16.973,36.2299,0.8573500000000001,3.1607950000000002,1515.8296919616623,1513.92,1.9096919616622472,direct_CTD_depth,377.0,FIO_CTD_Data_Daly_2/Daly_CTD_WB0511/WB0511_PCB05.csv,https://data.gulfresearchinitiative.org/data/Y1.x030.000:0007
GRIIDC_Y1x030x0007,GRIIDC_PCB05_cast1_Latitude_29_26.149_Longitude_86_47.138,Gulf of Mexico / West Florida Shelf,global_augmentation,2011-05-06 04:46:20,29.435816666666668,-86.78563333333334,150.0,,14.99835,35.95165,0.7796,2.96169,1510.2646543305004,1513.025,-2.7603456694996567,direct_CTD_depth,377.0,FIO_CTD_Data_Daly_2/Daly_CTD_WB0511/WB0511_PCB05.csv,https://data.gulfresearchinitiative.org/data/Y1.x030.000:0007
GRIIDC_Y1x030x0007,GRIIDC_PCB05_cast1_Latitude_29_26.149_Longitude_86_47.138,Gulf of Mexico / West Florida Shelf,global_augmentation,2011-05-06 04:46:20,29.435816666666668,-86.78563333333334,200.0,,12.9796,35.6346,0.76685,2.7991099999999998,1504.1653723289655,1511.665,-7.499627671034432,direct_CTD_depth,377.0,FIO_CTD_Data_Daly_2/Daly_CTD_WB0511/WB0511_PCB05.csv,https://data.gulfresearchinitiative.org/data/Y1.x030.000:0007
GRIIDC_Y1x030x0007,GRIIDC_PCB05_cast1_Latitude_29_26.149_Longitude_86_47.138,Gulf of Mexico / West Florida Shelf,global_augmentation,2011-05-06 04:46:20,29.435816666666668,-86.78563333333334,300.0,,10.74805,35.2894,0.71885,2.759035,1497.7326282155013,1510.29,-12.557371784498628,direct_CTD_depth,377.0,FIO_CTD_Data_Daly_2/Daly_CTD_WB0511/WB0511_PCB05.csv,https://data.gulfresearchinitiative.org/data/Y1.x030.000:0007
GRIIDC_Y1x030x0007,GRIIDC_PCB05_cast1_Latitude_29_26.23_Longitude_086_46.8,Gulf of Mexico / West Florida Shelf,global_augmentation,2012-05-14 11:03:50,29.437166666666666,-86.78,1.0,,25.004350000000002,30.936950000000003,2.3944,4.835305,1529.9178961682592,1497.645,32.272896168259194,direct_CTD_depth,392.0,FIO_CTD_Data_Daly_2/Daly_CTD_WB0512/WB0512_PCB05_Cast1.csv,https://data.gulfresearchinitiative.org/data/Y1.x030.000:0007
GRIIDC_Y1x030x0007,GRIIDC_PCB05_cast1_Latitude_29_26.23_Longitude_086_46.8,Gulf of Mexico / West Florida Shelf,global_augmentation,2012-05-14 11:03:50,29.437166666666666,-86.78,2.0,,25.232,34.3863,1.2799,4.5479400000000005,1534.2145611492695,1497.645,36.569561149269475,direct_CTD_depth,392.0,FIO_CTD_Data_Daly_2/Daly_CTD_WB0512/WB0512_PCB05_Cast1.csv,https://data.gulfresearchinitiative.org/data/Y1.x030.000:0007
GRIIDC_Y1x030x0007,GRIIDC_PCB05_cast1_Latitude_29_26.23_Longitude_086_46.8,Gulf of Mexico / West Florida Shelf,global_augmentation,2012-05-14 11:03:50,29.437166666666666,-86.78,5.0,,25.32325,34.958,1.25345,4.5102,1535.0974955442043,1497.645,37.45249554420434,direct_CTD_depth,392.0,FIO_CTD_Data_Daly_2/Daly_CTD_WB0512/WB0512_PCB05_Cast1.csv,https://data.gulfresearchinitiative.org/data/Y1.x030.000:0007
GRIIDC_Y1x030x0007,GRIIDC_PCB05_cast1_Latitude_29_26.23_Longitude_086_46.8,Gulf of Mexico / West Florida Shelf,global_augmentation,2012-05-14 11:03:50,29.437166666666666,-86.78,10.0,,25.3298,35.8074,1.27195,4.536825,1536.1121426056393,1497.645,38.46714260563931,direct_CTD_depth,392.0,FIO_CTD_Data_Daly_2/Daly_CTD_WB0512/WB0512_PCB05_Cast1.csv,https://data.gulfresearchinitiative.org/data/Y1.x030.000:0007
GRIIDC_Y1x030x0007,GRIIDC_PCB05_cast1_Latitude_29_26.23_Longitude_086_46.8,Gulf of Mexico / West Florida Shelf,global_augmentation,2012-05-14 11:03:50,29.437166666666666,-86.78,20.0,,25.14065,35.98565000000001,1.3032499999999998,4.58356,1536.0218498774082,1497.645,38.376849877408176,direct_CTD_depth,392.0,FIO_CTD_Data_Daly_2/Daly_CTD_WB0512/WB0512_PCB05_Cast1.csv,https://data.gulfresearchinitiative.org/data/Y1.x030.000:0007
GRIIDC_Y1x030x0007,GRIIDC_PCB05_cast1_Latitude_29_26.23_Longitude_086_46.8,Gulf of Mexico / West Florida Shelf,global_augmentation,2012-05-14 11:03:50,29.437166666666666,-86.78,30.0,,24.486150000000002,36.27705,1.3133,4.52937,1534.939836035186,1497.645,37.29483603518611,direct_CTD_depth,392.0,FIO_CTD_Data_Daly_2/Daly_CTD_WB0512/WB0512_PCB05_Cast1.csv,https://data.gulfresearchinitiative.org/data/Y1.x030.000:0007
GRIIDC_Y1x030x0007,GRIIDC_PCB05_cast1_Latitude_29_26.23_Longitude_086_46.8,Gulf of Mexico / West Florida Shelf,global_augmentation,2012-05-14 11:03:50,29.437166666666666,-86.78,50.0,,22.2012,36.2328,1.3655,5.01832,1529.5273055365485,1502.93,26.597305536548447,direct_CTD_depth,392.0,FIO_CTD_Data_Daly_2/Daly_CTD_WB0512/WB0512_PCB05_Cast1.csv,https://data.gulfresearchinitiative.org/data/Y1.x030.000:0007
GRIIDC_Y1x030x0007,GRIIDC_PCB05_cast1_Latitude_29_26.23_Longitude_086_46.8,Gulf of Mexico / West Florida Shelf,global_augmentation,2012-05-14 11:03:50,29.437166666666666,-86.78,75.0,,20.8257,36.30455,1.32415,4.38087,1526.40415148773,1497.645,28.759151487729923,direct_CTD_depth,392.0,FIO_CTD_Data_Daly_2/Daly_CTD_WB0512/WB0512_PCB05_Cast1.csv,https://data.gulfresearchinitiative.org/data/Y1.x030.000:0007
GRIIDC_Y1x030x0007,GRIIDC_PCB05_cast1_Latitude_29_26.23_Longitude_086_46.8,Gulf of Mexico / West Florida Shelf,global_augmentation,2012-05-14 11:03:50,29.437166666666666,-86.78,100.0,,19.7577,36.4202,1.3209,3.53754,1524.0406719615014,1497.645,26.39567196150142,direct_CTD_depth,392.0,FIO_CTD_Data_Daly_2/Daly_CTD_WB0512/WB0512_PCB05_Cast1.csv,https://data.gulfresearchinitiative.org/data/Y1.x030.000:0007
GRIIDC_Y1x030x0007,GRIIDC_PCB05_cast1_Latitude_29_26.23_Longitude_086_46.8,Gulf of Mexico / West Florida Shelf,global_augmentation,2012-05-14 11:03:50,29.437166666666666,-86.78,150.0,,16.6802,36.212,1.3147,3.0353,1515.7488722480266,1502.93,12.818872248026537,direct_CTD_depth,392.0,FIO_CTD_Data_Daly_2/Daly_CTD_WB0512/WB0512_PCB05_Cast1.csv,https://data.gulfresearchinitiative.org/data/Y1.x030.000:0007
GRIIDC_Y1x030x0007,GRIIDC_PCB05_cast1_Latitude_29_26.23_Longitude_086_46.8,Gulf of Mexico / West Florida Shelf,global_augmentation,2012-05-14 11:03:50,29.437166666666666,-86.78,200.0,,14.59905,35.89245,1.2890000000000001,2.95497,1509.7473334752287,1502.1750000000002,7.572333475228561,direct_CTD_depth,392.0,FIO_CTD_Data_Daly_2/Daly_CTD_WB0512/WB0512_PCB05_Cast1.csv,https://data.gulfresearchinitiative.org/data/Y1.x030.000:0007
GRIIDC_Y1x030x0007,GRIIDC_PCB05_cast1_Latitude_29_26.23_Longitude_086_46.8,Gulf of Mexico / West Florida Shelf,global_augmentation,2012-05-14 11:03:50,29.437166666666666,-86.78,300.0,,11.9721,35.4698,1.30905,2.8214,1502.205723095097,1501.42,0.7857230950969551,direct_CTD_depth,392.0,FIO_CTD_Data_Daly_2/Daly_CTD_WB0512/WB0512_PCB05_Cast1.csv,https://data.gulfresearchinitiative.org/data/Y1.x030.000:0007
GRIIDC_Y1x030x0007,GRIIDC_PCB05_cast1_Latitude_29_26.49_Longitude_086_47.00,Gulf of Mexico / West Florida Shelf,global_augmentation,2012-02-16 23:14:56,29.4415,-86.78333333333333,1.0,,21.19245,29.765299999999996,1.2027999999999999,5.25124,1518.8316756279658,1499.52,19.31167562796577,direct_CTD_depth,378.0,FIO_CTD_Data_Daly_2/Daly_CTD_WB0212/WB0212_pcb05.csv,https://data.gulfresearchinitiative.org/data/Y1.x030.000:0007
GRIIDC_Y1x030x0007,GRIIDC_PCB05_cast1_Latitude_29_26.49_Longitude_086_47.00,Gulf of Mexico / West Florida Shelf,global_augmentation,2012-02-16 23:14:56,29.4415,-86.78333333333333,2.0,,21.16605,35.51885,0.8362,4.828005,1525.237748838844,1499.52,25.717748838844045,direct_CTD_depth,378.0,FIO_CTD_Data_Daly_2/Daly_CTD_WB0212/WB0212_pcb05.csv,https://data.gulfresearchinitiative.org/data/Y1.x030.000:0007
GRIIDC_Y1x030x0007,GRIIDC_PCB05_cast1_Latitude_29_26.49_Longitude_086_47.00,Gulf of Mexico / West Florida Shelf,global_augmentation,2012-02-16 23:14:56,29.4415,-86.78333333333333,5.0,,21.16435,36.2887,0.7733,4.863605,1526.146723080877,1499.52,26.626723080877127,direct_CTD_depth,378.0,FIO_CTD_Data_Daly_2/Daly_CTD_WB0212/WB0212_pcb05.csv,https://data.gulfresearchinitiative.org/data/Y1.x030.000:0007
GRIIDC_Y1x030x0007,GRIIDC_PCB05_cast1_Latitude_29_26.49_Longitude_086_47.00,Gulf of Mexico / West Florida Shelf,global_augmentation,2012-02-16 23:14:56,29.4415,-86.78333333333333,10.0,,21.162300000000002,36.2996,0.7653000000000001,4.870065,1526.2350411437924,1499.52,26.715041143792405,direct_CTD_depth,378.0,FIO_CTD_Data_Daly_2/Daly_CTD_WB0212/WB0212_pcb05.csv,https://data.gulfresearchinitiative.org/data/Y1.x030.000:0007
GRIIDC_Y1x030x0007,GRIIDC_PCB05_cast1_Latitude_29_26.49_Longitude_086_47.00,Gulf of Mexico / West Florida Shelf,global_augmentation,2012-02-16 23:14:56,29.4415,-86.78333333333333,20.0,,21.17305,36.338350000000005,0.768,4.8474450000000004,1526.4701083924053,1499.52,26.950108392405355,direct_CTD_depth,378.0,FIO_CTD_Data_Daly_2/Daly_CTD_WB0212/WB0212_pcb05.csv,https://data.gulfresearchinitiative.org/data/Y1.x030.000:0007
GRIIDC_Y1x030x0007,GRIIDC_PCB05_cast1_Latitude_29_26.49_Longitude_086_47.00,Gulf of Mexico / West Florida Shelf,global_augmentation,2012-02-16 23:14:56,29.4415,-86.78333333333333,30.0,,21.127,36.33475,0.7678,4.80612,1526.5070103525343,1509.205,17.302010352534353,direct_CTD_depth,378.0,FIO_CTD_Data_Daly_2/Daly_CTD_WB0212/WB0212_pcb05.csv,https://data.gulfresearchinitiative.org/data/Y1.x030.000:0007
GRIIDC_Y1x030x0007,GRIIDC_PCB05_cast1_Latitude_29_26.49_Longitude_086_47.00,Gulf of Mexico / West Florida Shelf,global_augmentation,2012-02-16 23:14:56,29.4415,-86.78333333333333,50.0,,21.0283,36.30375,0.7567999999999999,4.770615,1526.536092830812,1509.205,17.331092830812167,direct_CTD_depth,378.0,FIO_CTD_Data_Daly_2/Daly_CTD_WB0212/WB0212_pcb05.csv,https://data.gulfresearchinitiative.org/data/Y1.x030.000:0007
GRIIDC_Y1x030x0007,GRIIDC_PCB05_cast1_Latitude_29_26.49_Longitude_086_47.00,Gulf of Mexico / West Florida Shelf,global_augmentation,2012-02-16 23:14:56,29.4415,-86.78333333333333,75.0,,20.982,36.286699999999996,0.7648999999999999,4.7506450000000005,1526.8016049452276,1509.205,17.596604945227682,direct_CTD_depth,378.0,FIO_CTD_Data_Daly_2/Daly_CTD_WB0212/WB0212_pcb05.csv,https://data.gulfresearchinitiative.org/data/Y1.x030.000:0007
GRIIDC_Y1x030x0007,GRIIDC_PCB05_cast1_Latitude_29_26.49_Longitude_086_47.00,Gulf of Mexico / West Florida Shelf,global_augmentation,2012-02-16 23:14:56,29.4415,-86.78333333333333,100.0,,19.609299999999998,36.51025,0.7486999999999999,3.144705,1523.7330093838189,1516.375,7.358009383818853,direct_CTD_depth,378.0,FIO_CTD_Data_Daly_2/Daly_CTD_WB0212/WB0212_pcb05.csv,https://data.gulfresearchinitiative.org/data/Y1.x030.000:0007
GRIIDC_Y1x030x0007,GRIIDC_PCB05_cast1_Latitude_29_26.49_Longitude_086_47.00,Gulf of Mexico / West Florida Shelf,global_augmentation,2012-02-16 23:14:56,29.4415,-86.78333333333333,150.0,,17.1848,36.30515,0.72435,3.19604,1517.364316029336,1516.375,0.989316029335896,direct_CTD_depth,378.0,FIO_CTD_Data_Daly_2/Daly_CTD_WB0212/WB0212_pcb05.csv,https://data.gulfresearchinitiative.org/data/Y1.x030.000:0007
GRIIDC_Y1x030x0007,GRIIDC_PCB05_cast1_Latitude_29_26.49_Longitude_086_47.00,Gulf of Mexico / West Florida Shelf,global_augmentation,2012-02-16 23:14:56,29.4415,-86.78333333333333,200.0,,14.45745,35.86685,0.7423,2.878205,1509.264975358563,1516.02,-6.755024641436876,direct_CTD_depth,378.0,FIO_CTD_Data_Daly_2/Daly_CTD_WB0212/WB0212_pcb05.csv,https://data.gulfresearchinitiative.org/data/Y1.x030.000:0007
GRIIDC_Y1x030x0007,GRIIDC_PCB05_cast1_Latitude_29_26.49_Longitude_086_47.00,Gulf of Mexico / West Florida Shelf,global_augmentation,2012-02-16 23:14:56,29.4415,-86.78333333333333,300.0,,11.4832,35.39805,0.70245,2.75514,1500.43617561387,1514.48,-14.043824386129927,direct_CTD_depth,378.0,FIO_CTD_Data_Daly_2/Daly_CTD_WB0212/WB0212_pcb05.csv,https://data.gulfresearchinitiative.org/data/Y1.x030.000:0007
GRIIDC_Y1x030x0007,GRIIDC_PCB05_cast1_Latitude_29_26.502_Longitude_86_46.976,Gulf of Mexico / West Florida Shelf,global_augmentation,2011-02-22 01:08:15,29.4417,-86.78293333333333,1.0,,20.0517,25.507649999999998,6.4758,5.29735,1510.8530057624248,1497.08,13.773005762424873,direct_CTD_depth,351.0,FIO_CTD_Data_Daly_2/Daly_CTD_WB0211/WB0211_pcb05.csv,https://data.gulfresearchinitiative.org/data/Y1.x030.000:0007
GRIIDC_Y1x030x0007,GRIIDC_PCB05_cast1_Latitude_29_26.502_Longitude_86_46.976,Gulf of Mexico / West Florida Shelf,global_augmentation,2011-02-22 01:08:15,29.4417,-86.78293333333333,2.0,,20.148400000000002,35.5197,0.9866,5.026009999999999,1522.4927511948356,1497.08,25.412751194835664,direct_CTD_depth,351.0,FIO_CTD_Data_Daly_2/Daly_CTD_WB0211/WB0211_pcb05.csv,https://data.gulfresearchinitiative.org/data/Y1.x030.000:0007
GRIIDC_Y1x030x0007,GRIIDC_PCB05_cast1_Latitude_29_26.502_Longitude_86_46.976,Gulf of Mexico / West Florida Shelf,global_augmentation,2011-02-22 01:08:15,29.4417,-86.78293333333333,5.0,,20.1051,36.35805,0.5629500000000001,5.350745,1523.3736745049944,1497.08,26.293674504994442,direct_CTD_depth,351.0,FIO_CTD_Data_Daly_2/Daly_CTD_WB0211/WB0211_pcb05.csv,https://data.gulfresearchinitiative.org/data/Y1.x030.000:0007
GRIIDC_Y1x030x0007,GRIIDC_PCB05_cast1_Latitude_29_26.502_Longitude_86_46.976,Gulf of Mexico / West Florida Shelf,global_augmentation,2011-02-22 01:08:15,29.4417,-86.78293333333333,10.0,,19.47185,36.2398,0.5674,5.306725,1521.5745716330832,1497.08,24.494571633083297,direct_CTD_depth,351.0,FIO_CTD_Data_Daly_2/Daly_CTD_WB0211/WB0211_pcb05.csv,https://data.gulfresearchinitiative.org/data/Y1.x030.000:0007
GRIIDC_Y1x030x0007,GRIIDC_PCB05_cast1_Latitude_29_26.502_Longitude_86_46.976,Gulf of Mexico / West Florida Shelf,global_augmentation,2011-02-22 01:08:15,29.4417,-86.78293333333333,20.0,,19.0963,36.17175,0.6784,5.304375,1520.609155256978,1497.08,23.52915525697813,direct_CTD_depth,351.0,FIO_CTD_Data_Daly_2/Daly_CTD_WB0211/WB0211_pcb05.csv,https://data.gulfresearchinitiative.org/data/Y1.x030.000:0007
GRIIDC_Y1x030x0007,GRIIDC_PCB05_cast1_Latitude_29_26.502_Longitude_86_46.976,Gulf of Mexico / West Florida Shelf,global_augmentation,2011-02-22 01:08:15,29.4417,-86.78293333333333,30.0,,18.93595,36.149,0.5804,5.25393,1520.2940944089391,1506.44,13.85409440893909,direct_CTD_depth,351.0,FIO_CTD_Data_Daly_2/Daly_CTD_WB0211/WB0211_pcb05.csv,https://data.gulfresearchinitiative.org/data/Y1.x030.000:0007
GRIIDC_Y1x030x0007,GRIIDC_PCB05_cast1_Latitude_29_26.502_Longitude_86_46.976,Gulf of Mexico / West Florida Shelf,global_augmentation,2011-02-22 01:08:15,29.4417,-86.78293333333333,50.0,,18.81665,36.210499999999996,0.6389,5.033215,1520.3532198016067,1511.525,8.828219801606565,direct_CTD_depth,351.0,FIO_CTD_Data_Daly_2/Daly_CTD_WB0211/WB0211_pcb05.csv,https://data.gulfresearchinitiative.org/data/Y1.x030.000:0007
GRIIDC_Y1x030x0007,GRIIDC_PCB05_cast1_Latitude_29_26.502_Longitude_86_46.976,Gulf of Mexico / West Florida Shelf,global_augmentation,2011-02-22 01:08:15,29.4417,-86.78293333333333,75.0,,18.964599999999997,36.308099999999996,0.6225,4.832185,1521.2915762435846,1513.09,8.201576243584668,direct_CTD_depth,351.0,FIO_CTD_Data_Daly_2/Daly_CTD_WB0211/WB0211_pcb05.csv,https://data.gulfresearchinitiative.org/data/Y1.x030.000:0007
GRIIDC_Y1x030x0007,GRIIDC_PCB05_cast1_Latitude_29_26.502_Longitude_86_46.976,Gulf of Mexico / West Florida Shelf,global_augmentation,2011-02-22 01:08:15,29.4417,-86.78293333333333,100.0,,18.48735,36.1714,0.6242,4.879745,1520.1867101376756,1513.09,7.0967101376757,direct_CTD_depth,351.0,FIO_CTD_Data_Daly_2/Daly_CTD_WB0211/WB0211_pcb05.csv,https://data.gulfresearchinitiative.org/data/Y1.x030.000:0007
GRIIDC_Y1x030x0007,GRIIDC_PCB05_cast1_Latitude_29_26.502_Longitude_86_46.976,Gulf of Mexico / West Florida Shelf,global_augmentation,2011-02-22 01:08:15,29.4417,-86.78293333333333,150.0,,17.23105,36.2961,0.5692999999999999,3.1254049999999998,1517.490830554428,1514.1399999999999,3.3508305544280574,direct_CTD_depth,351.0,FIO_CTD_Data_Daly_2/Daly_CTD_WB0211/WB0211_pcb05.csv,https://data.gulfresearchinitiative.org/data/Y1.x030.000:0007
GRIIDC_Y1x030x0007,GRIIDC_PCB05_cast1_Latitude_29_26.502_Longitude_86_46.976,Gulf of Mexico / West Florida Shelf,global_augmentation,2011-02-22 01:08:15,29.4417,-86.78293333333333,200.0,,15.0321,35.9587,0.6392,2.950065,1511.197175394679,1513.885,-2.687824605320884,direct_CTD_depth,351.0,FIO_CTD_Data_Daly_2/Daly_CTD_WB0211/WB0211_pcb05.csv,https://data.gulfresearchinitiative.org/data/Y1.x030.000:0007
GRIIDC_Y1x030x0007,GRIIDC_PCB05_cast1_Latitude_29_26.502_Longitude_86_46.976,Gulf of Mexico / West Florida Shelf,global_augmentation,2011-02-22 01:08:15,29.4417,-86.78293333333333,300.0,,11.9527,35.47725,0.72695,2.69555,1502.148462642004,1512.295,-10.146537357996067,direct_CTD_depth,351.0,FIO_CTD_Data_Daly_2/Daly_CTD_WB0211/WB0211_pcb05.csv,https://data.gulfresearchinitiative.org/data/Y1.x030.000:0007
GRIIDC_Y1x030x0007,GRIIDC_PCB05_cast2_Latitude_29_26.5_Longitude_086_46.9,Gulf of Mexico / West Florida Shelf,global_augmentation,2012-05-14 13:32:16,29.441666666666666,-86.78166666666667,1.0,,25.316000000000003,30.520699999999998,2.66605,4.9186049999999994,1530.2206148100595,1498.7,31.520614810059442,direct_CTD_depth,51.0,FIO_CTD_Data_Daly_2/Daly_CTD_WB0512/WB0512_PCB05_Cast2.csv,https://data.gulfresearchinitiative.org/data/Y1.x030.000:0007
GRIIDC_Y1x030x0007,GRIIDC_PCB05_cast2_Latitude_29_26.5_Longitude_086_46.9,Gulf of Mexico / West Florida Shelf,global_augmentation,2012-05-14 13:32:16,29.441666666666666,-86.78166666666667,2.0,,25.2756,34.653099999999995,1.3235000000000001,5.146775,1534.6063962851208,1498.7,35.90639628512076,direct_CTD_depth,51.0,FIO_CTD_Data_Daly_2/Daly_CTD_WB0512/WB0512_PCB05_Cast2.csv,https://data.gulfresearchinitiative.org/data/Y1.x030.000:0007
GRIIDC_Y1x030x0007,GRIIDC_PCB05_cast2_Latitude_29_26.5_Longitude_086_46.9,Gulf of Mexico / West Florida Shelf,global_augmentation,2012-05-14 13:32:16,29.441666666666666,-86.78166666666667,5.0,,25.26595,35.16785,1.2557999999999998,4.5658,1535.1888994246056,1498.7,36.488899424605506,direct_CTD_depth,51.0,FIO_CTD_Data_Daly_2/Daly_CTD_WB0512/WB0512_PCB05_Cast2.csv,https://data.gulfresearchinitiative.org/data/Y1.x030.000:0007
GRIIDC_Y1x030x0007,GRIIDC_PCB05_cast2_Latitude_29_26.5_Longitude_086_46.9,Gulf of Mexico / West Florida Shelf,global_augmentation,2012-05-14 13:32:16,29.441666666666666,-86.78166666666667,10.0,,25.2553,35.7673,1.33985,4.527565,1535.8933197299746,1498.7,37.19331972997452,direct_CTD_depth,51.0,FIO_CTD_Data_Daly_2/Daly_CTD_WB0512/WB0512_PCB05_Cast2.csv,https://data.gulfresearchinitiative.org/data/Y1.x030.000:0007
GRIIDC_Y1x030x0007,GRIIDC_PCB05_cast2_Latitude_29_26.5_Longitude_086_46.9,Gulf of Mexico / West Florida Shelf,global_augmentation,2012-05-14 13:32:16,29.441666666666666,-86.78166666666667,20.0,,24.6643,36.0843,1.4032499999999999,4.593859999999999,1534.994952445052,1498.7,36.29495244505188,direct_CTD_depth,51.0,FIO_CTD_Data_Daly_2/Daly_CTD_WB0512/WB0512_PCB05_Cast2.csv,https://data.gulfresearchinitiative.org/data/Y1.x030.000:0007
GRIIDC_Y1x030x0007,GRIIDC_PCB05_cast2_Latitude_29_26.5_Longitude_086_46.9,Gulf of Mexico / West Florida Shelf,global_augmentation,2012-05-14 13:32:16,29.441666666666666,-86.78166666666667,30.0,,23.963,36.257,1.4753,4.65415,1533.6486670152146,1498.7,34.948667015214596,direct_CTD_depth,51.0,FIO_CTD_Data_Daly_2/Daly_CTD_WB0512/WB0512_PCB05_Cast2.csv,https://data.gulfresearchinitiative.org/data/Y1.x030.000:0007
GRIIDC_Y1x030x0007,GRIIDC_PCB05_cast2_Latitude_29_26.5_Longitude_086_46.9,Gulf of Mexico / West Florida Shelf,global_augmentation,2012-05-14 13:32:16,29.441666666666666,-86.78166666666667,50.0,,22.24355,36.3767,1.49775,4.63625,1529.796277667681,1498.7,31.09627766768085,direct_CTD_depth,51.0,FIO_CTD_Data_Daly_2/Daly_CTD_WB0512/WB0512_PCB05_Cast2.csv,https://data.gulfresearchinitiative.org/data/Y1.x030.000:0007
GRIIDC_Y1x030x0007,GRIIDC_PCB06-A_Latitude_29_06.117_Longitude_87_17.313,Gulf of Mexico / West Florida Shelf,global_augmentation,2010-12-05 00:47:30,29.10195,-87.28855,1.0,,21.1962,11.085,0.2209,6.27637,1497.8687612759102,1484.98,12.888761275910156,direct_CTD_depth,170.0,FIO_CTD_Data_Daly_2/Daly_CTD_WB1210/WB1210_PCB06A.csv,https://data.gulfresearchinitiative.org/data/Y1.x030.000:0007
GRIIDC_Y1x030x0007,GRIIDC_PCB06-A_Latitude_29_06.117_Longitude_87_17.313,Gulf of Mexico / West Florida Shelf,global_augmentation,2010-12-05 00:47:30,29.10195,-87.28855,2.0,,23.1142,32.526,0.3075,5.90302,1526.9750779214032,1484.98,41.99507792140321,direct_CTD_depth,170.0,FIO_CTD_Data_Daly_2/Daly_CTD_WB1210/WB1210_PCB06A.csv,https://data.gulfresearchinitiative.org/data/Y1.x030.000:0007
GRIIDC_Y1x030x0007,GRIIDC_PCB06-A_Latitude_29_06.117_Longitude_87_17.313,Gulf of Mexico / West Florida Shelf,global_augmentation,2010-12-05 00:47:30,29.10195,-87.28855,5.0,,23.4549,36.1634,0.3657,4.62672,1531.8864340795942,1484.98,46.90643407959419,direct_CTD_depth,170.0,FIO_CTD_Data_Daly_2/Daly_CTD_WB1210/WB1210_PCB06A.csv,https://data.gulfresearchinitiative.org/data/Y1.x030.000:0007
GRIIDC_Y1x030x0007,GRIIDC_PCB06-A_Latitude_29_06.117_Longitude_87_17.313,Gulf of Mexico / West Florida Shelf,global_augmentation,2010-12-05 00:47:30,29.10195,-87.28855,10.0,,23.471,36.1637,0.3947,4.63856,1532.0082398526538,1484.98,47.02823985265377,direct_CTD_depth,170.0,FIO_CTD_Data_Daly_2/Daly_CTD_WB1210/WB1210_PCB06A.csv,https://data.gulfresearchinitiative.org/data/Y1.x030.000:0007
GRIIDC_Y1x030x0007,GRIIDC_PCB06-A_Latitude_29_06.117_Longitude_87_17.313,Gulf of Mexico / West Florida Shelf,global_augmentation,2010-12-05 00:47:30,29.10195,-87.28855,20.0,,23.4566,36.1667,0.4467,4.67761,1532.1388459678492,1484.98,47.158845967849174,direct_CTD_depth,170.0,FIO_CTD_Data_Daly_2/Daly_CTD_WB1210/WB1210_PCB06A.csv,https://data.gulfresearchinitiative.org/data/Y1.x030.000:0007
GRIIDC_Y1x030x0007,GRIIDC_PCB06-A_Latitude_29_06.117_Longitude_87_17.313,Gulf of Mexico / West Florida Shelf,global_augmentation,2010-12-05 00:47:30,29.10195,-87.28855,30.0,,23.4575,36.17,0.4404,4.67365,1532.3077922839154,1508.6,23.707792283915524,direct_CTD_depth,170.0,FIO_CTD_Data_Daly_2/Daly_CTD_WB1210/WB1210_PCB06A.csv,https://data.gulfresearchinitiative.org/data/Y1.x030.000:0007
GRIIDC_Y1x030x0007,GRIIDC_PCB06-A_Latitude_29_06.117_Longitude_87_17.313,Gulf of Mexico / West Florida Shelf,global_augmentation,2010-12-05 00:47:30,29.10195,-87.28855,50.0,,23.4346,36.1735,0.313,4.65753,1532.5810390033205,1508.6,23.981039003320575,direct_CTD_depth,170.0,FIO_CTD_Data_Daly_2/Daly_CTD_WB1210/WB1210_PCB06A.csv,https://data.gulfresearchinitiative.org/data/Y1.x030.000:0007
GRIIDC_Y1x030x0007,GRIIDC_PCB06-A_Latitude_29_06.117_Longitude_87_17.313,Gulf of Mexico / West Florida Shelf,global_augmentation,2010-12-05 00:47:30,29.10195,-87.28855,75.0,,21.4199,36.6279,0.313,4.01706,1528.3438743566749,1524.24,4.103874356674851,direct_CTD_depth,170.0,FIO_CTD_Data_Daly_2/Daly_CTD_WB1210/WB1210_PCB06A.csv,https://data.gulfresearchinitiative.org/data/Y1.x030.000:0007
GRIIDC_Y1x030x0007,GRIIDC_PCB06-A_Latitude_29_06.117_Longitude_87_17.313,Gulf of Mexico / West Florida Shelf,global_augmentation,2010-12-05 00:47:30,29.10195,-87.28855,100.0,,19.5566,36.5227,0.2984,3.61376,1523.6011501028124,1524.24,-0.6388498971875833,direct_CTD_depth,170.0,FIO_CTD_Data_Daly_2/Daly_CTD_WB1210/WB1210_PCB06A.csv,https://data.gulfresearchinitiative.org/data/Y1.x030.000:0007
GRIIDC_Y1x030x0007,GRIIDC_PCB06-A_Latitude_29_06.117_Longitude_87_17.313,Gulf of Mexico / West Florida Shelf,global_augmentation,2010-12-05 00:47:30,29.10195,-87.28855,150.0,,17.2226,36.3146,0.2927,3.13846,1517.4873288107256,1524.4,-6.912671189274533,direct_CTD_depth,170.0,FIO_CTD_Data_Daly_2/Daly_CTD_WB1210/WB1210_PCB06A.csv,https://data.gulfresearchinitiative.org/data/Y1.x030.000:0007
GRIIDC_Y1x030x0007,GRIIDC_PCB06_Latitude_29_05.97_Longitude_87_15.33,Gulf of Mexico / West Florida Shelf,global_augmentation,2010-12-04 22:07:21,29.0995,-87.2555,1.0,,22.31615,22.70335,0.15805,5.51066,1513.9888837260053,1476.745,37.24388372600538,direct_CTD_depth,966.0,FIO_CTD_Data_Daly_2/Daly_CTD_WB1210/WB1210_PCB06.csv,https://data.gulfresearchinitiative.org/data/Y1.x030.000:0007
GRIIDC_Y1x030x0007,GRIIDC_PCB06_Latitude_29_05.97_Longitude_87_15.33,Gulf of Mexico / West Florida Shelf,global_augmentation,2010-12-04 22:07:21,29.0995,-87.2555,2.0,,23.360300000000002,33.2563,0.17595,5.355825,1528.4029048257623,1476.745,51.657904825762444,direct_CTD_depth,966.0,FIO_CTD_Data_Daly_2/Daly_CTD_WB1210/WB1210_PCB06.csv,https://data.gulfresearchinitiative.org/data/Y1.x030.000:0007
GRIIDC_Y1x030x0007,GRIIDC_PCB06_Latitude_29_05.97_Longitude_87_15.33,Gulf of Mexico / West Florida Shelf,global_augmentation,2010-12-04 22:07:21,29.0995,-87.2555,5.0,,23.6423,36.195800000000006,0.27180000000000004,4.6356649999999995,1532.3859976270526,1476.745,55.640997627052684,direct_CTD_depth,966.0,FIO_CTD_Data_Daly_2/Daly_CTD_WB1210/WB1210_PCB06.csv,https://data.gulfresearchinitiative.org/data/Y1.x030.000:0007
GRIIDC_Y1x030x0007,GRIIDC_PCB06_Latitude_29_05.97_Longitude_87_15.33,Gulf of Mexico / West Florida Shelf,global_augmentation,2010-12-04 22:07:21,29.0995,-87.2555,10.0,,23.652299999999997,36.199200000000005,0.32989999999999997,4.6438500000000005,1532.4959268521873,1476.745,55.750926852187376,direct_CTD_depth,966.0,FIO_CTD_Data_Daly_2/Daly_CTD_WB1210/WB1210_PCB06.csv,https://data.gulfresearchinitiative.org/data/Y1.x030.000:0007
GRIIDC_Y1x030x0007,GRIIDC_PCB06_Latitude_29_05.97_Longitude_87_15.33,Gulf of Mexico / West Florida Shelf,global_augmentation,2010-12-04 22:07:21,29.0995,-87.2555,20.0,,23.6327,36.19535,0.31884999999999997,4.6524149999999995,1532.6063619391152,1476.745,55.86136193911534,direct_CTD_depth,966.0,FIO_CTD_Data_Daly_2/Daly_CTD_WB1210/WB1210_PCB06.csv,https://data.gulfresearchinitiative.org/data/Y1.x030.000:0007
GRIIDC_Y1x030x0007,GRIIDC_PCB06_Latitude_29_05.97_Longitude_87_15.33,Gulf of Mexico / West Florida Shelf,global_augmentation,2010-12-04 22:07:21,29.0995,-87.2555,30.0,,23.6538,36.1993,0.34109999999999996,4.65019,1532.8258722353332,1496.32,36.5058722353333,direct_CTD_depth,966.0,FIO_CTD_Data_Daly_2/Daly_CTD_WB1210/WB1210_PCB06.csv,https://data.gulfresearchinitiative.org/data/Y1.x030.000:0007
GRIIDC_Y1x030x0007,GRIIDC_PCB06_Latitude_29_05.97_Longitude_87_15.33,Gulf of Mexico / West Florida Shelf,global_augmentation,2010-12-04 22:07:21,29.0995,-87.2555,50.0,,23.54065,36.173500000000004,0.41090000000000004,4.64967,1532.8440751649969,1496.32,36.52407516499693,direct_CTD_depth,966.0,FIO_CTD_Data_Daly_2/Daly_CTD_WB1210/WB1210_PCB06.csv,https://data.gulfresearchinitiative.org/data/Y1.x030.000:0007
GRIIDC_Y1x030x0007,GRIIDC_PCB06_Latitude_29_05.97_Longitude_87_15.33,Gulf of Mexico / West Florida Shelf,global_augmentation,2010-12-04 22:07:21,29.0995,-87.2555,75.0,,21.38025,36.60065,0.41355,3.928935,1528.2090375417224,1509.6999999999998,18.50903754172259,direct_CTD_depth,966.0,FIO_CTD_Data_Daly_2/Daly_CTD_WB1210/WB1210_PCB06.csv,https://data.gulfresearchinitiative.org/data/Y1.x030.000:0007
GRIIDC_Y1x030x0007,GRIIDC_PCB06_Latitude_29_05.97_Longitude_87_15.33,Gulf of Mexico / West Florida Shelf,global_augmentation,2010-12-04 22:07:21,29.0995,-87.2555,100.0,,19.570050000000002,36.53805,0.39185000000000003,3.409435,1523.6559326794184,1509.6999999999998,13.955932679418538,direct_CTD_depth,966.0,FIO_CTD_Data_Daly_2/Daly_CTD_WB1210/WB1210_PCB06.csv,https://data.gulfresearchinitiative.org/data/Y1.x030.000:0007
GRIIDC_Y1x030x0007,GRIIDC_PCB06_Latitude_29_05.97_Longitude_87_15.33,Gulf of Mexico / West Florida Shelf,global_augmentation,2010-12-04 22:07:21,29.0995,-87.2555,150.0,,17.074199999999998,36.28575,0.3519,3.161795,1517.013288895729,1510.835,6.178288895728883,direct_CTD_depth,966.0,FIO_CTD_Data_Daly_2/Daly_CTD_WB1210/WB1210_PCB06.csv,https://data.gulfresearchinitiative.org/data/Y1.x030.000:0007
GRIIDC_Y1x030x0007,GRIIDC_PCB06_Latitude_29_05.97_Longitude_87_15.33,Gulf of Mexico / West Florida Shelf,global_augmentation,2010-12-04 22:07:21,29.0995,-87.2555,200.0,,15.07125,35.97225,0.35924999999999996,2.9039650000000004,1511.3363987054097,1510.13,1.2063987054095833,direct_CTD_depth,966.0,FIO_CTD_Data_Daly_2/Daly_CTD_WB1210/WB1210_PCB06.csv,https://data.gulfresearchinitiative.org/data/Y1.x030.000:0007
GRIIDC_Y1x030x0007,GRIIDC_PCB06_Latitude_29_05.97_Longitude_87_15.33,Gulf of Mexico / West Florida Shelf,global_augmentation,2010-12-04 22:07:21,29.0995,-87.2555,300.0,,13.0863,35.64135,0.31079999999999997,2.75109,1506.166265801596,1508.17,-2.0037341984041177,direct_CTD_depth,966.0,FIO_CTD_Data_Daly_2/Daly_CTD_WB1210/WB1210_PCB06.csv,https://data.gulfresearchinitiative.org/data/Y1.x030.000:0007
GRIIDC_Y1x030x0007,GRIIDC_PCB06_Latitude_29_05.97_Longitude_87_15.33,Gulf of Mexico / West Florida Shelf,global_augmentation,2010-12-04 22:07:21,29.0995,-87.2555,400.0,,10.2341,35.2164,0.28305,2.6993150000000004,1497.4575871831098,1506.34,-8.88241281689011,direct_CTD_depth,966.0,FIO_CTD_Data_Daly_2/Daly_CTD_WB1210/WB1210_PCB06.csv,https://data.gulfresearchinitiative.org/data/Y1.x030.000:0007
GRIIDC_Y1x030x0007,GRIIDC_PCB06_Latitude_29_05.97_Longitude_87_15.33,Gulf of Mexico / West Florida Shelf,global_augmentation,2010-12-04 22:07:21,29.0995,-87.2555,500.0,,8.45945,35.008449999999996,0.2845,2.6975949999999997,1492.3470979201504,1504.4499999999998,-12.1029020798494,direct_CTD_depth,966.0,FIO_CTD_Data_Daly_2/Daly_CTD_WB1210/WB1210_PCB06.csv,https://data.gulfresearchinitiative.org/data/Y1.x030.000:0007
GRIIDC_Y1x030x0007,GRIIDC_PCB06_Latitude_29_05.97_Longitude_87_15.33,Gulf of Mexico / West Florida Shelf,global_augmentation,2010-12-04 22:07:21,29.0995,-87.2555,750.0,,6.3437,34.89945,0.26575,3.220465,1488.1991771801415,1501.4499999999998,-13.250822819858286,direct_CTD_depth,966.0,FIO_CTD_Data_Daly_2/Daly_CTD_WB1210/WB1210_PCB06.csv,https://data.gulfresearchinitiative.org/data/Y1.x030.000:0007
GRIIDC_Y1x030x0007,GRIIDC_PCB06_cast1_Latitude_29_07.15_Longitude_087_15.91,Gulf of Mexico / West Florida Shelf,global_augmentation,2012-05-14 18:02:46,29.11916666666667,-87.26516666666667,1.0,,26.3378,35.3806,2.2675,5.22451,1537.844921893322,1537.99,-0.14507810667805643,direct_CTD_depth,23.0,FIO_CTD_Data_Daly_2/Daly_CTD_WB0512/WB0512_PCB06_Cast1.csv,https://data.gulfresearchinitiative.org/data/Y1.x030.000:0007
GRIIDC_Y1x030x0007,GRIIDC_PCB06_cast1_Latitude_29_07.15_Longitude_087_15.91,Gulf of Mexico / West Florida Shelf,global_augmentation,2012-05-14 18:02:46,29.11916666666667,-87.26516666666667,2.0,,26.3817,35.3087,1.086,4.31215,1537.88466212117,1537.99,-0.10533787882991419,direct_CTD_depth,23.0,FIO_CTD_Data_Daly_2/Daly_CTD_WB0512/WB0512_PCB06_Cast1.csv,https://data.gulfresearchinitiative.org/data/Y1.x030.000:0007
GRIIDC_Y1x030x0007,GRIIDC_PCB06_cast1_Latitude_29_07.15_Longitude_087_15.91,Gulf of Mexico / West Florida Shelf,global_augmentation,2012-05-14 18:02:46,29.11916666666667,-87.26516666666667,5.0,,26.1069,35.3495,1.251,4.48471,1537.3468235098787,1537.99,-0.6431764901212773,direct_CTD_depth,23.0,FIO_CTD_Data_Daly_2/Daly_CTD_WB0512/WB0512_PCB06_Cast1.csv,https://data.gulfresearchinitiative.org/data/Y1.x030.000:0007
GRIIDC_Y1x030x0007,GRIIDC_PCB06_cast1_Latitude_29_07.15_Longitude_087_15.91,Gulf of Mexico / West Florida Shelf,global_augmentation,2012-05-14 18:02:46,29.11916666666667,-87.26516666666667,10.0,,25.5915,35.3571,1.2747,4.50901,1536.2401651226353,1537.99,-1.7498348773647194,direct_CTD_depth,23.0,FIO_CTD_Data_Daly_2/Daly_CTD_WB0512/WB0512_PCB06_Cast1.csv,https://data.gulfresearchinitiative.org/data/Y1.x030.000:0007
GRIIDC_Y1x030x0007,GRIIDC_PCB06_cast1_Latitude_29_07.15_Longitude_087_15.91,Gulf of Mexico / West Florida Shelf,global_augmentation,2012-05-14 18:02:46,29.11916666666667,-87.26516666666667,20.0,,25.8443,36.0847,1.3834,4.48171,1537.7745410144923,1537.99,-0.2154589855076665,direct_CTD_depth,23.0,FIO_CTD_Data_Daly_2/Daly_CTD_WB0512/WB0512_PCB06_Cast1.csv,https://data.gulfresearchinitiative.org/data/Y1.x030.000:0007
GRIIDC_Y1x030x0007,GRIIDC_PCB06_cast1_Latitude_29_07.17_Longitude_087_15.66,Gulf of Mexico / West Florida Shelf,global_augmentation,2012-02-21 01:10:50,29.1195,-87.261,1.0,,17.8855,22.0662,1.2711,6.01155,1500.5196841649965,1486.72,13.799684164996506,direct_CTD_depth,998.0,FIO_CTD_Data_Daly_2/Daly_CTD_WB0212/WB0212_pcb06.csv,https://data.gulfresearchinitiative.org/data/Y1.x030.000:0007
GRIIDC_Y1x030x0007,GRIIDC_PCB06_cast1_Latitude_29_07.17_Longitude_087_15.66,Gulf of Mexico / West Florida Shelf,global_augmentation,2012-02-21 01:10:50,29.1195,-87.261,2.0,,20.9946,35.599000000000004,0.83795,4.91065,1524.8708214028893,1492.585,32.28582140288927,direct_CTD_depth,998.0,FIO_CTD_Data_Daly_2/Daly_CTD_WB0212/WB0212_pcb06.csv,https://data.gulfresearchinitiative.org/data/Y1.x030.000:0007
GRIIDC_Y1x030x0007,GRIIDC_PCB06_cast1_Latitude_29_07.17_Longitude_087_15.66,Gulf of Mexico / West Florida Shelf,global_augmentation,2012-02-21 01:10:50,29.1195,-87.261,5.0,,21.1411,36.1982,0.817,4.9831,1525.983391725658,1492.585,33.39839172565803,direct_CTD_depth,998.0,FIO_CTD_Data_Daly_2/Daly_CTD_WB0212/WB0212_pcb06.csv,https://data.gulfresearchinitiative.org/data/Y1.x030.000:0007
GRIIDC_Y1x030x0007,GRIIDC_PCB06_cast1_Latitude_29_07.17_Longitude_087_15.66,Gulf of Mexico / West Florida Shelf,global_augmentation,2012-02-21 01:10:50,29.1195,-87.261,10.0,,21.15665,36.22295,0.7926500000000001,4.95624,1526.133968609512,1492.585,33.54896860951203,direct_CTD_depth,998.0,FIO_CTD_Data_Daly_2/Daly_CTD_WB0212/WB0212_pcb06.csv,https://data.gulfresearchinitiative.org/data/Y1.x030.000:0007
GRIIDC_Y1x030x0007,GRIIDC_PCB06_cast1_Latitude_29_07.17_Longitude_087_15.66,Gulf of Mexico / West Florida Shelf,global_augmentation,2012-02-21 01:10:50,29.1195,-87.261,20.0,,21.05295,36.3121,0.7511,4.81263,1526.1217222290766,1492.585,33.53672222907653,direct_CTD_depth,998.0,FIO_CTD_Data_Daly_2/Daly_CTD_WB0212/WB0212_pcb06.csv,https://data.gulfresearchinitiative.org/data/Y1.x030.000:0007
GRIIDC_Y1x030x0007,GRIIDC_PCB06_cast1_Latitude_29_07.17_Longitude_087_15.66,Gulf of Mexico / West Florida Shelf,global_augmentation,2012-02-21 01:10:50,29.1195,-87.261,30.0,,21.091,36.3351,0.74605,4.80456,1526.4118083790897,1502.45,23.96180837908969,direct_CTD_depth,998.0,FIO_CTD_Data_Daly_2/Daly_CTD_WB0212/WB0212_pcb06.csv,https://data.gulfresearchinitiative.org/data/Y1.x030.000:0007
GRIIDC_Y1x030x0007,GRIIDC_PCB06_cast1_Latitude_29_07.17_Longitude_087_15.66,Gulf of Mexico / West Florida Shelf,global_augmentation,2012-02-21 01:10:50,29.1195,-87.261,50.0,,21.134149999999998,36.36085,0.74885,4.802125,1526.8815715271805,1502.45,24.431571527180495,direct_CTD_depth,998.0,FIO_CTD_Data_Daly_2/Daly_CTD_WB0212/WB0212_pcb06.csv,https://data.gulfresearchinitiative.org/data/Y1.x030.000:0007
GRIIDC_Y1x030x0007,GRIIDC_PCB06_cast1_Latitude_29_07.17_Longitude_087_15.66,Gulf of Mexico / West Florida Shelf,global_augmentation,2012-02-21 01:10:50,29.1195,-87.261,75.0,,20.353949999999998,36.48285,0.7471000000000001,3.7295350000000003,1525.3343185928932,1502.45,22.884318592893123,direct_CTD_depth,998.0,FIO_CTD_Data_Daly_2/Daly_CTD_WB0212/WB0212_pcb06.csv,https://data.gulfresearchinitiative.org/data/Y1.x030.000:0007
GRIIDC_Y1x030x0007,GRIIDC_PCB06_cast1_Latitude_29_07.17_Longitude_087_15.66,Gulf of Mexico / West Florida Shelf,global_augmentation,2012-02-21 01:10:50,29.1195,-87.261,100.0,,18.77985,36.414,0.82545,2.865105,1521.2986116871407,1509.56,11.738611687140747,direct_CTD_depth,998.0,FIO_CTD_Data_Daly_2/Daly_CTD_WB0212/WB0212_pcb06.csv,https://data.gulfresearchinitiative.org/data/Y1.x030.000:0007
GRIIDC_Y1x030x0007,GRIIDC_PCB06_cast1_Latitude_29_07.17_Longitude_087_15.66,Gulf of Mexico / West Florida Shelf,global_augmentation,2012-02-21 01:10:50,29.1195,-87.261,150.0,,17.52885,36.3019,0.79755,2.9527099999999997,1518.375826792695,1509.56,8.815826792695134,direct_CTD_depth,998.0,FIO_CTD_Data_Daly_2/Daly_CTD_WB0212/WB0212_pcb06.csv,https://data.gulfresearchinitiative.org/data/Y1.x030.000:0007
GRIIDC_Y1x030x0007,GRIIDC_PCB06_cast1_Latitude_29_07.17_Longitude_087_15.66,Gulf of Mexico / West Florida Shelf,global_augmentation,2012-02-21 01:10:50,29.1195,-87.261,200.0,,15.19735,35.9906,0.6936,2.94897,1511.7539206584877,1509.375,2.3789206584876865,direct_CTD_depth,998.0,FIO_CTD_Data_Daly_2/Daly_CTD_WB0212/WB0212_pcb06.csv,https://data.gulfresearchinitiative.org/data/Y1.x030.000:0007
GRIIDC_Y1x030x0007,GRIIDC_PCB06_cast1_Latitude_29_07.17_Longitude_087_15.66,Gulf of Mexico / West Florida Shelf,global_augmentation,2012-02-21 01:10:50,29.1195,-87.261,300.0,,11.9886,35.477599999999995,0.6866,2.79181,1502.2716055374385,1509.375,-7.103394462561482,direct_CTD_depth,998.0,FIO_CTD_Data_Daly_2/Daly_CTD_WB0212/WB0212_pcb06.csv,https://data.gulfresearchinitiative.org/data/Y1.x030.000:0007
GRIIDC_Y1x030x0007,GRIIDC_PCB06_cast1_Latitude_29_07.17_Longitude_087_15.66,Gulf of Mexico / West Florida Shelf,global_augmentation,2012-02-21 01:10:50,29.1195,-87.261,400.0,,9.8964,35.183400000000006,0.67655,2.684995,1496.203299877872,1506.825,-10.621700122128004,direct_CTD_depth,998.0,FIO_CTD_Data_Daly_2/Daly_CTD_WB0212/WB0212_pcb06.csv,https://data.gulfresearchinitiative.org/data/Y1.x030.000:0007
GRIIDC_Y1x030x0007,GRIIDC_PCB06_cast1_Latitude_29_07.17_Longitude_087_15.66,Gulf of Mexico / West Florida Shelf,global_augmentation,2012-02-21 01:10:50,29.1195,-87.261,500.0,,8.36155,35.0061,0.66745,2.71716,1491.9771215234275,1504.29,-12.31287847657245,direct_CTD_depth,998.0,FIO_CTD_Data_Daly_2/Daly_CTD_WB0212/WB0212_pcb06.csv,https://data.gulfresearchinitiative.org/data/Y1.x030.000:0007
GRIIDC_Y1x030x0007,GRIIDC_PCB06_cast1_Latitude_29_07.17_Longitude_087_15.66,Gulf of Mexico / West Florida Shelf,global_augmentation,2012-02-21 01:10:50,29.1195,-87.261,750.0,,6.14125,34.90325,0.6501,3.3365,1487.4028779324674,1500.565,-13.162122067532664,direct_CTD_depth,998.0,FIO_CTD_Data_Daly_2/Daly_CTD_WB0212/WB0212_pcb06.csv,https://data.gulfresearchinitiative.org/data/Y1.x030.000:0007
GRIIDC_Y1x030x0007,GRIIDC_PCB06_cast1_Latitude_29_07.625_Longitude_87_15.953,Gulf of Mexico / West Florida Shelf,global_augmentation,2011-02-21 15:50:58,29.127083333333335,-87.26588333333333,1.0,,21.4446,16.6143,0.0959,5.50777,1504.782556884997,1493.27,11.512556884996911,direct_CTD_depth,397.0,FIO_CTD_Data_Daly_2/Daly_CTD_WB0211/WB0211_pcb06_cast1.csv,https://data.gulfresearchinitiative.org/data/Y1.x030.000:0007
GRIIDC_Y1x030x0007,GRIIDC_PCB06_cast1_Latitude_29_07.625_Longitude_87_15.953,Gulf of Mexico / West Florida Shelf,global_augmentation,2011-02-21 15:50:58,29.127083333333335,-87.26588333333333,2.0,,19.15365,35.48975,0.43045,5.434005,1519.696896845146,1497.99,21.706896845146048,direct_CTD_depth,397.0,FIO_CTD_Data_Daly_2/Daly_CTD_WB0211/WB0211_pcb06_cast1.csv,https://data.gulfresearchinitiative.org/data/Y1.x030.000:0007
GRIIDC_Y1x030x0007,GRIIDC_PCB06_cast1_Latitude_29_07.625_Longitude_87_15.953,Gulf of Mexico / West Florida Shelf,global_augmentation,2011-02-21 15:50:58,29.127083333333335,-87.26588333333333,5.0,,19.06895,36.01690000000001,0.59375,5.408295,1520.1103957618109,1497.99,22.12039576181087,direct_CTD_depth,397.0,FIO_CTD_Data_Daly_2/Daly_CTD_WB0211/WB0211_pcb06_cast1.csv,https://data.gulfresearchinitiative.org/data/Y1.x030.000:0007
GRIIDC_Y1x030x0007,GRIIDC_PCB06_cast1_Latitude_29_07.625_Longitude_87_15.953,Gulf of Mexico / West Florida Shelf,global_augmentation,2011-02-21 15:50:58,29.127083333333335,-87.26588333333333,10.0,,18.90965,36.01805,0.65835,5.395295,1519.7435212345415,1497.99,21.753521234541495,direct_CTD_depth,397.0,FIO_CTD_Data_Daly_2/Daly_CTD_WB0211/WB0211_pcb06_cast1.csv,https://data.gulfresearchinitiative.org/data/Y1.x030.000:0007
GRIIDC_Y1x030x0007,GRIIDC_PCB06_cast1_Latitude_29_07.625_Longitude_87_15.953,Gulf of Mexico / West Florida Shelf,global_augmentation,2011-02-21 15:50:58,29.127083333333335,-87.26588333333333,20.0,,17.5469,35.760149999999996,0.7517,5.56415,1515.6776591250675,1497.99,17.687659125067512,direct_CTD_depth,397.0,FIO_CTD_Data_Daly_2/Daly_CTD_WB0211/WB0211_pcb06_cast1.csv,https://data.gulfresearchinitiative.org/data/Y1.x030.000:0007
GRIIDC_Y1x030x0007,GRIIDC_PCB06_cast1_Latitude_29_07.625_Longitude_87_15.953,Gulf of Mexico / West Florida Shelf,global_augmentation,2011-02-21 15:50:58,29.127083333333335,-87.26588333333333,30.0,,17.41115,35.746449999999996,0.71425,5.064170000000001,1515.4248254869362,1503.53,11.89482548693627,direct_CTD_depth,397.0,FIO_CTD_Data_Daly_2/Daly_CTD_WB0211/WB0211_pcb06_cast1.csv,https://data.gulfresearchinitiative.org/data/Y1.x030.000:0007
GRIIDC_Y1x030x0007,GRIIDC_PCB06_cast1_Latitude_29_07.625_Longitude_87_15.953,Gulf of Mexico / West Florida Shelf,global_augmentation,2011-02-21 15:50:58,29.127083333333335,-87.26588333333333,50.0,,17.65515,35.844049999999996,0.6850499999999999,5.00786,1516.582153347506,1503.53,13.052153347505964,direct_CTD_depth,397.0,FIO_CTD_Data_Daly_2/Daly_CTD_WB0211/WB0211_pcb06_cast1.csv,https://data.gulfresearchinitiative.org/data/Y1.x030.000:0007
GRIIDC_Y1x030x0007,GRIIDC_PCB06_cast1_Latitude_29_07.625_Longitude_87_15.953,Gulf of Mexico / West Florida Shelf,global_augmentation,2011-02-21 15:50:58,29.127083333333335,-87.26588333333333,75.0,,17.35855,35.8481,0.7957,4.62101,1516.1218347384377,1507.225,8.896834738437747,direct_CTD_depth,397.0,FIO_CTD_Data_Daly_2/Daly_CTD_WB0211/WB0211_pcb06_cast1.csv,https://data.gulfresearchinitiative.org/data/Y1.x030.000:0007
GRIIDC_Y1x030x0007,GRIIDC_PCB06_cast1_Latitude_29_07.625_Longitude_87_15.953,Gulf of Mexico / West Florida Shelf,global_augmentation,2011-02-21 15:50:58,29.127083333333335,-87.26588333333333,100.0,,17.0718,36.1793,0.7883,3.070075,1516.0650699965431,1507.225,8.840069996543207,direct_CTD_depth,397.0,FIO_CTD_Data_Daly_2/Daly_CTD_WB0211/WB0211_pcb06_cast1.csv,https://data.gulfresearchinitiative.org/data/Y1.x030.000:0007
GRIIDC_Y1x030x0007,GRIIDC_PCB06_cast1_Latitude_29_07.625_Longitude_87_15.953,Gulf of Mexico / West Florida Shelf,global_augmentation,2011-02-21 15:50:58,29.127083333333335,-87.26588333333333,150.0,,14.440650000000002,35.867549999999994,0.7999499999999999,2.839905,1508.3941990467838,1508.04,0.3541990467838332,direct_CTD_depth,397.0,FIO_CTD_Data_Daly_2/Daly_CTD_WB0211/WB0211_pcb06_cast1.csv,https://data.gulfresearchinitiative.org/data/Y1.x030.000:0007
GRIIDC_Y1x030x0007,GRIIDC_PCB06_cast1_Latitude_29_07.625_Longitude_87_15.953,Gulf of Mexico / West Florida Shelf,global_augmentation,2011-02-21 15:50:58,29.127083333333335,-87.26588333333333,200.0,,12.34225,35.54375,0.75105,2.7251000000000003,1501.9164299633821,1507.345,-5.428570036617884,direct_CTD_depth,397.0,FIO_CTD_Data_Daly_2/Daly_CTD_WB0211/WB0211_pcb06_cast1.csv,https://data.gulfresearchinitiative.org/data/Y1.x030.000:0007
GRIIDC_Y1x030x0007,GRIIDC_PCB06_cast1_Latitude_29_07.625_Longitude_87_15.953,Gulf of Mexico / West Florida Shelf,global_augmentation,2011-02-21 15:50:58,29.127083333333335,-87.26588333333333,300.0,,9.7835,35.172250000000005,0.7170000000000001,2.6364650000000003,1494.139965920311,1504.725,-10.585034079688967,direct_CTD_depth,397.0,FIO_CTD_Data_Daly_2/Daly_CTD_WB0211/WB0211_pcb06_cast1.csv,https://data.gulfresearchinitiative.org/data/Y1.x030.000:0007
GRIIDC_Y1x030x0007,GRIIDC_PCB06_cast2_Latitude_29_07.13_Longitude_087_15.87,Gulf of Mexico / West Florida Shelf,global_augmentation,2012-05-14 19:50:02,29.118833333333335,-87.2645,1.0,,26.3378,35.3806,2.2675,5.22451,1537.844921893322,1537.99,-0.14507810667805643,direct_CTD_depth,23.0,FIO_CTD_Data_Daly_2/Daly_CTD_WB0512/WB0512_PCB06_Cast2.csv,https://data.gulfresearchinitiative.org/data/Y1.x030.000:0007
GRIIDC_Y1x030x0007,GRIIDC_PCB06_cast2_Latitude_29_07.13_Longitude_087_15.87,Gulf of Mexico / West Florida Shelf,global_augmentation,2012-05-14 19:50:02,29.118833333333335,-87.2645,2.0,,26.3817,35.3087,1.086,4.31215,1537.88466212117,1537.99,-0.10533787882991419,direct_CTD_depth,23.0,FIO_CTD_Data_Daly_2/Daly_CTD_WB0512/WB0512_PCB06_Cast2.csv,https://data.gulfresearchinitiative.org/data/Y1.x030.000:0007
GRIIDC_Y1x030x0007,GRIIDC_PCB06_cast2_Latitude_29_07.13_Longitude_087_15.87,Gulf of Mexico / West Florida Shelf,global_augmentation,2012-05-14 19:50:02,29.118833333333335,-87.2645,5.0,,26.1069,35.3495,1.251,4.48471,1537.3468235098787,1537.99,-0.6431764901212773,direct_CTD_depth,23.0,FIO_CTD_Data_Daly_2/Daly_CTD_WB0512/WB0512_PCB06_Cast2.csv,https://data.gulfresearchinitiative.org/data/Y1.x030.000:0007
GRIIDC_Y1x030x0007,GRIIDC_PCB06_cast2_Latitude_29_07.13_Longitude_087_15.87,Gulf of Mexico / West Florida Shelf,global_augmentation,2012-05-14 19:50:02,29.118833333333335,-87.2645,10.0,,25.5915,35.3571,1.2747,4.50901,1536.2401651226353,1537.99,-1.7498348773647194,direct_CTD_depth,23.0,FIO_CTD_Data_Daly_2/Daly_CTD_WB0512/WB0512_PCB06_Cast2.csv,https://data.gulfresearchinitiative.org/data/Y1.x030.000:0007
GRIIDC_Y1x030x0007,GRIIDC_PCB06_cast2_Latitude_29_07.13_Longitude_087_15.87,Gulf of Mexico / West Florida Shelf,global_augmentation,2012-05-14 19:50:02,29.118833333333335,-87.2645,20.0,,25.8443,36.0847,1.3834,4.48171,1537.7745410144923,1537.99,-0.2154589855076665,direct_CTD_depth,23.0,FIO_CTD_Data_Daly_2/Daly_CTD_WB0512/WB0512_PCB06_Cast2.csv,https://data.gulfresearchinitiative.org/data/Y1.x030.000:0007
GRIIDC_Y1x030x0007,GRIIDC_PCB06_cast2_Latitude_29_07.668_Longitude_87_16.077,Gulf of Mexico / West Florida Shelf,global_augmentation,2011-02-21 19:00:29,29.1278,-87.26795,1.0,,19.97755,24.26625,0.65925,5.726725,1509.2323708054716,1490.615,18.617370805471637,direct_CTD_depth,744.0,FIO_CTD_Data_Daly_2/Daly_CTD_WB0211/WB0211_pcb06_cast2.csv,https://data.gulfresearchinitiative.org/data/Y1.x030.000:0007
GRIIDC_Y1x030x0007,GRIIDC_PCB06_cast2_Latitude_29_07.668_Longitude_87_16.077,Gulf of Mexico / West Florida Shelf,global_augmentation,2011-02-21 19:00:29,29.1278,-87.26795,2.0,,19.44815,34.31645,1.3794000000000002,5.814724999999999,1519.1843007569757,1490.615,28.569300756975736,direct_CTD_depth,744.0,FIO_CTD_Data_Daly_2/Daly_CTD_WB0211/WB0211_pcb06_cast2.csv,https://data.gulfresearchinitiative.org/data/Y1.x030.000:0007
GRIIDC_Y1x030x0007,GRIIDC_PCB06_cast2_Latitude_29_07.668_Longitude_87_16.077,Gulf of Mexico / West Florida Shelf,global_augmentation,2011-02-21 19:00:29,29.1278,-87.26795,5.0,,19.33915,35.7829,0.55995,6.536485000000001,1520.6014212769592,1490.615,29.986421276959163,direct_CTD_depth,744.0,FIO_CTD_Data_Daly_2/Daly_CTD_WB0211/WB0211_pcb06_cast2.csv,https://data.gulfresearchinitiative.org/data/Y1.x030.000:0007
GRIIDC_Y1x030x0007,GRIIDC_PCB06_cast2_Latitude_29_07.668_Longitude_87_16.077,Gulf of Mexico / West Florida Shelf,global_augmentation,2011-02-21 19:00:29,29.1278,-87.26795,10.0,,18.96145,36.027100000000004,0.56995,5.286145,1519.9003406094446,1490.615,29.285340609444575,direct_CTD_depth,744.0,FIO_CTD_Data_Daly_2/Daly_CTD_WB0211/WB0211_pcb06_cast2.csv,https://data.gulfresearchinitiative.org/data/Y1.x030.000:0007
GRIIDC_Y1x030x0007,GRIIDC_PCB06_cast2_Latitude_29_07.668_Longitude_87_16.077,Gulf of Mexico / West Florida Shelf,global_augmentation,2011-02-21 19:00:29,29.1278,-87.26795,20.0,,18.8422,36.07825,0.59615,5.188305,1519.7845968133956,1490.615,29.16959681339563,direct_CTD_depth,744.0,FIO_CTD_Data_Daly_2/Daly_CTD_WB0211/WB0211_pcb06_cast2.csv,https://data.gulfresearchinitiative.org/data/Y1.x030.000:0007
GRIIDC_Y1x030x0007,GRIIDC_PCB06_cast2_Latitude_29_07.668_Longitude_87_16.077,Gulf of Mexico / West Florida Shelf,global_augmentation,2011-02-21 19:00:29,29.1278,-87.26795,30.0,,18.15035,35.97465,0.6585,5.143655,1517.8483711034723,1499.25,18.598371103472346,direct_CTD_depth,744.0,FIO_CTD_Data_Daly_2/Daly_CTD_WB0211/WB0211_pcb06_cast2.csv,https://data.gulfresearchinitiative.org/data/Y1.x030.000:0007
GRIIDC_Y1x030x0007,GRIIDC_PCB06_cast2_Latitude_29_07.668_Longitude_87_16.077,Gulf of Mexico / West Florida Shelf,global_augmentation,2011-02-21 19:00:29,29.1278,-87.26795,50.0,,18.7329,36.19625,0.8120999999999999,4.899035,1520.0991776803546,1499.25,20.849177680354614,direct_CTD_depth,744.0,FIO_CTD_Data_Daly_2/Daly_CTD_WB0211/WB0211_pcb06_cast2.csv,https://data.gulfresearchinitiative.org/data/Y1.x030.000:0007
GRIIDC_Y1x030x0007,GRIIDC_PCB06_cast2_Latitude_29_07.668_Longitude_87_16.077,Gulf of Mexico / West Florida Shelf,global_augmentation,2011-02-21 19:00:29,29.1278,-87.26795,75.0,,18.6046,36.1884,0.57515,4.67737,1520.1329594652475,1504.62,15.512959465247604,direct_CTD_depth,744.0,FIO_CTD_Data_Daly_2/Daly_CTD_WB0211/WB0211_pcb06_cast2.csv,https://data.gulfresearchinitiative.org/data/Y1.x030.000:0007
GRIIDC_Y1x030x0007,GRIIDC_PCB06_cast2_Latitude_29_07.668_Longitude_87_16.077,Gulf of Mexico / West Florida Shelf,global_augmentation,2011-02-21 19:00:29,29.1278,-87.26795,100.0,,17.27015,36.14,0.71315,3.22365,1516.6079493314949,1504.92,11.687949331494792,direct_CTD_depth,744.0,FIO_CTD_Data_Daly_2/Daly_CTD_WB0211/WB0211_pcb06_cast2.csv,https://data.gulfresearchinitiative.org/data/Y1.x030.000:0007
GRIIDC_Y1x030x0007,GRIIDC_PCB06_cast2_Latitude_29_07.668_Longitude_87_16.077,Gulf of Mexico / West Florida Shelf,global_augmentation,2011-02-21 19:00:29,29.1278,-87.26795,150.0,,14.4469,35.8759,0.62695,2.85451,1508.4241421389486,1505.6799999999998,2.744142138948746,direct_CTD_depth,744.0,FIO_CTD_Data_Daly_2/Daly_CTD_WB0211/WB0211_pcb06_cast2.csv,https://data.gulfresearchinitiative.org/data/Y1.x030.000:0007
GRIIDC_Y1x030x0007,GRIIDC_PCB06_cast2_Latitude_29_07.668_Longitude_87_16.077,Gulf of Mexico / West Florida Shelf,global_augmentation,2011-02-21 19:00:29,29.1278,-87.26795,200.0,,12.382349999999999,35.5447,0.718,2.721155,1502.0532355241044,1504.995,-2.941764475895525,direct_CTD_depth,744.0,FIO_CTD_Data_Daly_2/Daly_CTD_WB0211/WB0211_pcb06_cast2.csv,https://data.gulfresearchinitiative.org/data/Y1.x030.000:0007
GRIIDC_Y1x030x0007,GRIIDC_PCB06_cast2_Latitude_29_07.668_Longitude_87_16.077,Gulf of Mexico / West Florida Shelf,global_augmentation,2011-02-21 19:00:29,29.1278,-87.26795,300.0,,9.514800000000001,35.13335,0.62205,2.6385899999999998,1493.1157293413614,1502.0749999999998,-8.959270658638388,direct_CTD_depth,744.0,FIO_CTD_Data_Daly_2/Daly_CTD_WB0211/WB0211_pcb06_cast2.csv,https://data.gulfresearchinitiative.org/data/Y1.x030.000:0007
GRIIDC_Y1x030x0007,GRIIDC_PCB06_cast2_Latitude_29_07.668_Longitude_87_16.077,Gulf of Mexico / West Florida Shelf,global_augmentation,2011-02-21 19:00:29,29.1278,-87.26795,400.0,,7.487,34.93815,0.62245,2.8312999999999997,1486.9276094663842,1499.5149999999999,-12.58739053361569,direct_CTD_depth,744.0,FIO_CTD_Data_Daly_2/Daly_CTD_WB0211/WB0211_pcb06_cast2.csv,https://data.gulfresearchinitiative.org/data/Y1.x030.000:0007
GRIIDC_Y1x030x0007,GRIIDC_PCB06_cast2_Latitude_29_07.668_Longitude_87_16.077,Gulf of Mexico / West Florida Shelf,global_augmentation,2011-02-21 19:00:29,29.1278,-87.26795,500.0,,6.82865,34.90585,0.6459,3.0282099999999996,1485.9843406827054,1498.44,-12.455659317294703,direct_CTD_depth,744.0,FIO_CTD_Data_Daly_2/Daly_CTD_WB0211/WB0211_pcb06_cast2.csv,https://data.gulfresearchinitiative.org/data/Y1.x030.000:0007
GRIIDC_Y1x030x0007,GRIIDC_PCB11_cast1_Latitude_28_47.581_Longitude_87_19.282,Gulf of Mexico / West Florida Shelf,global_augmentation,2011-02-21 02:23:40,28.793016666666666,-87.32136666666666,1.0,,19.8632,24.85085,0.47885,5.622695,1509.5684716299313,1491.8600000000001,17.708471629931182,direct_CTD_depth,396.0,FIO_CTD_Data_Daly_2/Daly_CTD_WB0211/WB0211_pcb11_cast1.csv,https://data.gulfresearchinitiative.org/data/Y1.x030.000:0007
GRIIDC_Y1x030x0007,GRIIDC_PCB11_cast1_Latitude_28_47.581_Longitude_87_19.282,Gulf of Mexico / West Florida Shelf,global_augmentation,2011-02-21 02:23:40,28.793016666666666,-87.32136666666666,2.0,,20.28255,37.50255,0.5681,5.11233,1525.104077100713,1491.8600000000001,33.24407710071296,direct_CTD_depth,396.0,FIO_CTD_Data_Daly_2/Daly_CTD_WB0211/WB0211_pcb11_cast1.csv,https://data.gulfresearchinitiative.org/data/Y1.x030.000:0007
GRIIDC_Y1x030x0007,GRIIDC_PCB11_cast1_Latitude_28_47.581_Longitude_87_19.282,Gulf of Mexico / West Florida Shelf,global_augmentation,2011-02-21 02:23:40,28.793016666666666,-87.32136666666666,5.0,,20.249850000000002,36.49085,0.5945499999999999,5.008274999999999,1523.9187396442792,1491.8600000000001,32.05873964427906,direct_CTD_depth,396.0,FIO_CTD_Data_Daly_2/Daly_CTD_WB0211/WB0211_pcb11_cast1.csv,https://data.gulfresearchinitiative.org/data/Y1.x030.000:0007
GRIIDC_Y1x030x0007,GRIIDC_PCB11_cast1_Latitude_28_47.581_Longitude_87_19.282,Gulf of Mexico / West Florida Shelf,global_augmentation,2011-02-21 02:23:40,28.793016666666666,-87.32136666666666,10.0,,20.20745,36.491550000000004,0.7042,5.03565,1523.8856623096715,1491.8600000000001,32.02566230967136,direct_CTD_depth,396.0,FIO_CTD_Data_Daly_2/Daly_CTD_WB0211/WB0211_pcb11_cast1.csv,https://data.gulfresearchinitiative.org/data/Y1.x030.000:0007
GRIIDC_Y1x030x0007,GRIIDC_PCB11_cast1_Latitude_28_47.581_Longitude_87_19.282,Gulf of Mexico / West Florida Shelf,global_augmentation,2011-02-21 02:23:40,28.793016666666666,-87.32136666666666,20.0,,19.89525,36.483599999999996,0.7859499999999999,4.93464,1523.1858090147527,1491.8600000000001,31.325809014752622,direct_CTD_depth,396.0,FIO_CTD_Data_Daly_2/Daly_CTD_WB0211/WB0211_pcb11_cast1.csv,https://data.gulfresearchinitiative.org/data/Y1.x030.000:0007
GRIIDC_Y1x030x0007,GRIIDC_PCB11_cast1_Latitude_28_47.581_Longitude_87_19.282,Gulf of Mexico / West Florida Shelf,global_augmentation,2011-02-21 02:23:40,28.793016666666666,-87.32136666666666,30.0,,19.822499999999998,36.4807,0.863,4.818105,1523.1455304723768,1503.95,19.19553047237673,direct_CTD_depth,396.0,FIO_CTD_Data_Daly_2/Daly_CTD_WB0211/WB0211_pcb11_cast1.csv,https://data.gulfresearchinitiative.org/data/Y1.x030.000:0007
GRIIDC_Y1x030x0007,GRIIDC_PCB11_cast1_Latitude_28_47.581_Longitude_87_19.282,Gulf of Mexico / West Florida Shelf,global_augmentation,2011-02-21 02:23:40,28.793016666666666,-87.32136666666666,50.0,,19.8156,36.495599999999996,0.94045,4.68965,1523.4697399003612,1503.95,19.519739900361174,direct_CTD_depth,396.0,FIO_CTD_Data_Daly_2/Daly_CTD_WB0211/WB0211_pcb11_cast1.csv,https://data.gulfresearchinitiative.org/data/Y1.x030.000:0007
GRIIDC_Y1x030x0007,GRIIDC_PCB11_cast1_Latitude_28_47.581_Longitude_87_19.282,Gulf of Mexico / West Florida Shelf,global_augmentation,2011-02-21 02:23:40,28.793016666666666,-87.32136666666666,75.0,,19.5931,36.4591,1.3131,4.60399,1523.2216444048577,1514.43,8.791644404857607,direct_CTD_depth,396.0,FIO_CTD_Data_Daly_2/Daly_CTD_WB0211/WB0211_pcb11_cast1.csv,https://data.gulfresearchinitiative.org/data/Y1.x030.000:0007
GRIIDC_Y1x030x0007,GRIIDC_PCB11_cast1_Latitude_28_47.581_Longitude_87_19.282,Gulf of Mexico / West Florida Shelf,global_augmentation,2011-02-21 02:23:40,28.793016666666666,-87.32136666666666,100.0,,18.867800000000003,36.3017,1.1246,4.810230000000001,1521.4189252656342,1512.71,8.708925265634207,direct_CTD_depth,396.0,FIO_CTD_Data_Daly_2/Daly_CTD_WB0211/WB0211_pcb11_cast1.csv,https://data.gulfresearchinitiative.org/data/Y1.x030.000:0007
GRIIDC_Y1x030x0007,GRIIDC_PCB11_cast1_Latitude_28_47.581_Longitude_87_19.282,Gulf of Mexico / West Florida Shelf,global_augmentation,2011-02-21 02:23:40,28.793016666666666,-87.32136666666666,150.0,,16.6842,36.2141,1.3789,2.970825,1515.7633556369499,1513.67,2.093355636949809,direct_CTD_depth,396.0,FIO_CTD_Data_Daly_2/Daly_CTD_WB0211/WB0211_pcb11_cast1.csv,https://data.gulfresearchinitiative.org/data/Y1.x030.000:0007
GRIIDC_Y1x030x0007,GRIIDC_PCB11_cast1_Latitude_28_47.581_Longitude_87_19.282,Gulf of Mexico / West Florida Shelf,global_augmentation,2011-02-21 02:23:40,28.793016666666666,-87.32136666666666,200.0,,14.64545,35.898250000000004,1.3774,2.8804,1509.9019257315542,1513.12,-3.218074268445662,direct_CTD_depth,396.0,FIO_CTD_Data_Daly_2/Daly_CTD_WB0211/WB0211_pcb11_cast1.csv,https://data.gulfresearchinitiative.org/data/Y1.x030.000:0007
GRIIDC_Y1x030x0007,GRIIDC_PCB11_cast1_Latitude_28_47.581_Longitude_87_19.282,Gulf of Mexico / West Florida Shelf,global_augmentation,2011-02-21 02:23:40,28.793016666666666,-87.32136666666666,300.0,,11.300149999999999,35.37875,1.3557000000000001,2.68421,1499.777201517451,1512.04,-12.262798482548988,direct_CTD_depth,396.0,FIO_CTD_Data_Daly_2/Daly_CTD_WB0211/WB0211_pcb11_cast1.csv,https://data.gulfresearchinitiative.org/data/Y1.x030.000:0007
GRIIDC_Y1x030x0007,GRIIDC_PCB11_cast1_Latitude_28_48.10_Longitude_087_18.42,Gulf of Mexico / West Florida Shelf,global_augmentation,2012-02-21 11:40:22,28.801666666666666,-87.307,1.0,,20.5452,29.652300000000004,1.1931500000000002,5.23166,1516.929885306725,1490.25,26.679885306725055,direct_CTD_depth,1152.0,FIO_CTD_Data_Daly_2/Daly_CTD_WB0212/WB0212_pcb11_cast1.csv,https://data.gulfresearchinitiative.org/data/Y1.x030.000:0007
GRIIDC_Y1x030x0007,GRIIDC_PCB11_cast1_Latitude_28_48.10_Longitude_087_18.42,Gulf of Mexico / West Florida Shelf,global_augmentation,2012-02-21 11:40:22,28.801666666666666,-87.307,2.0,,21.2679,37.042500000000004,0.65215,4.686025,1527.2177620791401,1490.25,36.96776207914013,direct_CTD_depth,1152.0,FIO_CTD_Data_Daly_2/Daly_CTD_WB0212/WB0212_pcb11_cast1.csv,https://data.gulfresearchinitiative.org/data/Y1.x030.000:0007
GRIIDC_Y1x030x0007,GRIIDC_PCB11_cast1_Latitude_28_48.10_Longitude_087_18.42,Gulf of Mexico / West Florida Shelf,global_augmentation,2012-02-21 11:40:22,28.801666666666666,-87.307,5.0,,21.2048,36.279,0.7156,4.74442,1526.2430322086716,1490.25,35.99303220867159,direct_CTD_depth,1152.0,FIO_CTD_Data_Daly_2/Daly_CTD_WB0212/WB0212_pcb11_cast1.csv,https://data.gulfresearchinitiative.org/data/Y1.x030.000:0007
GRIIDC_Y1x030x0007,GRIIDC_PCB11_cast1_Latitude_28_48.10_Longitude_087_18.42,Gulf of Mexico / West Florida Shelf,global_augmentation,2012-02-21 11:40:22,28.801666666666666,-87.307,10.0,,21.2147,36.2792,0.7043,4.7565,1526.3509878895702,1490.25,36.100987889570206,direct_CTD_depth,1152.0,FIO_CTD_Data_Daly_2/Daly_CTD_WB0212/WB0212_pcb11_cast1.csv,https://data.gulfresearchinitiative.org/data/Y1.x030.000:0007
GRIIDC_Y1x030x0007,GRIIDC_PCB11_cast1_Latitude_28_48.10_Longitude_087_18.42,Gulf of Mexico / West Florida Shelf,global_augmentation,2012-02-21 11:40:22,28.801666666666666,-87.307,20.0,,21.212699999999998,36.27915,0.7033499999999999,4.750085,1526.5086858172567,1490.25,36.25868581725672,direct_CTD_depth,1152.0,FIO_CTD_Data_Daly_2/Daly_CTD_WB0212/WB0212_pcb11_cast1.csv,https://data.gulfresearchinitiative.org/data/Y1.x030.000:0007
GRIIDC_Y1x030x0007,GRIIDC_PCB11_cast1_Latitude_28_48.10_Longitude_087_18.42,Gulf of Mexico / West Florida Shelf,global_augmentation,2012-02-21 11:40:22,28.801666666666666,-87.307,30.0,,21.2167,36.2776,0.6956,4.74176,1526.6806212340075,1504.63,22.050621234007394,direct_CTD_depth,1152.0,FIO_CTD_Data_Daly_2/Daly_CTD_WB0212/WB0212_pcb11_cast1.csv,https://data.gulfresearchinitiative.org/data/Y1.x030.000:0007
GRIIDC_Y1x030x0007,GRIIDC_PCB11_cast1_Latitude_28_48.10_Longitude_087_18.42,Gulf of Mexico / West Florida Shelf,global_augmentation,2012-02-21 11:40:22,28.801666666666666,-87.307,50.0,,21.22215,36.278850000000006,0.83045,4.750780000000001,1527.0227204021478,1501.2,25.822720402147752,direct_CTD_depth,1152.0,FIO_CTD_Data_Daly_2/Daly_CTD_WB0212/WB0212_pcb11_cast1.csv,https://data.gulfresearchinitiative.org/data/Y1.x030.000:0007
GRIIDC_Y1x030x0007,GRIIDC_PCB11_cast1_Latitude_28_48.10_Longitude_087_18.42,Gulf of Mexico / West Florida Shelf,global_augmentation,2012-02-21 11:40:22,28.801666666666666,-87.307,75.0,,21.2295,36.2786,0.70015,4.75914,1527.4499151292796,1501.2,26.249915129279543,direct_CTD_depth,1152.0,FIO_CTD_Data_Daly_2/Daly_CTD_WB0212/WB0212_pcb11_cast1.csv,https://data.gulfresearchinitiative.org/data/Y1.x030.000:0007
GRIIDC_Y1x030x0007,GRIIDC_PCB11_cast1_Latitude_28_48.10_Longitude_087_18.42,Gulf of Mexico / West Florida Shelf,global_augmentation,2012-02-21 11:40:22,28.801666666666666,-87.307,100.0,,21.189700000000002,36.273,0.6989,4.791995,1527.7464467211596,1509.7350000000001,18.011446721159473,direct_CTD_depth,1152.0,FIO_CTD_Data_Daly_2/Daly_CTD_WB0212/WB0212_pcb11_cast1.csv,https://data.gulfresearchinitiative.org/data/Y1.x030.000:0007
GRIIDC_Y1x030x0007,GRIIDC_PCB11_cast1_Latitude_28_48.10_Longitude_087_18.42,Gulf of Mexico / West Florida Shelf,global_augmentation,2012-02-21 11:40:22,28.801666666666666,-87.307,150.0,,18.298450000000003,36.42105,0.68695,3.019615,1520.7495611231311,1509.7350000000001,11.014561123130989,direct_CTD_depth,1152.0,FIO_CTD_Data_Daly_2/Daly_CTD_WB0212/WB0212_pcb11_cast1.csv,https://data.gulfresearchinitiative.org/data/Y1.x030.000:0007
GRIIDC_Y1x030x0007,GRIIDC_PCB11_cast1_Latitude_28_48.10_Longitude_087_18.42,Gulf of Mexico / West Florida Shelf,global_augmentation,2012-02-21 11:40:22,28.801666666666666,-87.307,200.0,,15.937149999999999,36.10425,0.70095,3.024975,1514.1825748752824,1509.92,4.262574875282326,direct_CTD_depth,1152.0,FIO_CTD_Data_Daly_2/Daly_CTD_WB0212/WB0212_pcb11_cast1.csv,https://data.gulfresearchinitiative.org/data/Y1.x030.000:0007
GRIIDC_Y1x030x0007,GRIIDC_PCB11_cast1_Latitude_28_48.10_Longitude_087_18.42,Gulf of Mexico / West Florida Shelf,global_augmentation,2012-02-21 11:40:22,28.801666666666666,-87.307,300.0,,12.5648,35.56625,0.6689,2.822515,1504.3329505546787,1509.92,-5.587049445321327,direct_CTD_depth,1152.0,FIO_CTD_Data_Daly_2/Daly_CTD_WB0212/WB0212_pcb11_cast1.csv,https://data.gulfresearchinitiative.org/data/Y1.x030.000:0007
GRIIDC_Y1x030x0007,GRIIDC_PCB11_cast1_Latitude_28_48.10_Longitude_087_18.42,Gulf of Mexico / West Florida Shelf,global_augmentation,2012-02-21 11:40:22,28.801666666666666,-87.307,400.0,,10.4613,35.25925,0.6605,2.6821599999999997,1498.3209051898343,1507.47,-9.149094810165707,direct_CTD_depth,1152.0,FIO_CTD_Data_Daly_2/Daly_CTD_WB0212/WB0212_pcb11_cast1.csv,https://data.gulfresearchinitiative.org/data/Y1.x030.000:0007
GRIIDC_Y1x030x0007,GRIIDC_PCB11_cast1_Latitude_28_48.10_Longitude_087_18.42,Gulf of Mexico / West Florida Shelf,global_augmentation,2012-02-21 11:40:22,28.801666666666666,-87.307,500.0,,8.7338,35.04315,0.65845,2.66918,1493.414235224151,1505.04,-11.625764775848893,direct_CTD_depth,1152.0,FIO_CTD_Data_Daly_2/Daly_CTD_WB0212/WB0212_pcb11_cast1.csv,https://data.gulfresearchinitiative.org/data/Y1.x030.000:0007
GRIIDC_Y1x030x0007,GRIIDC_PCB11_cast1_Latitude_28_48.10_Longitude_087_18.42,Gulf of Mexico / West Florida Shelf,global_augmentation,2012-02-21 11:40:22,28.801666666666666,-87.307,750.0,,6.1123,34.902100000000004,0.64055,3.360425,1487.2865210108594,1501.31,-14.023478989140585,direct_CTD_depth,1152.0,FIO_CTD_Data_Daly_2/Daly_CTD_WB0212/WB0212_pcb11_cast1.csv,https://data.gulfresearchinitiative.org/data/Y1.x030.000:0007
GRIIDC_Y1x030x0007,GRIIDC_PCB11_cast1_Latitude_28_48.10_Longitude_087_18.42,Gulf of Mexico / West Florida Shelf,global_augmentation,2012-02-21 11:40:22,28.801666666666666,-87.307,1000.0,,5.075,34.93185,0.6255999999999999,4.01901,1487.3003781910904,1498.96,-11.659621808909606,direct_CTD_depth,1152.0,FIO_CTD_Data_Daly_2/Daly_CTD_WB0212/WB0212_pcb11_cast1.csv,https://data.gulfresearchinitiative.org/data/Y1.x030.000:0007
GRIIDC_Y1x030x0007,GRIIDC_PCB11_cast1_Latitude_28_48.17_Longitude_087_18.45,Gulf of Mexico / West Florida Shelf,global_augmentation,2011-09-25 16:34:17,28.802833333333332,-87.3075,1.0,,28.84,33.180099999999996,0.8918,4.902165,1541.0589109153689,1511.925,29.133910915368915,direct_CTD_depth,401.0,FIO_CTD_Data_Daly_2/Daly_CTD_WB0911/WB0911_PCB11_Cast1.csv,https://data.gulfresearchinitiative.org/data/Y1.x030.000:0007
GRIIDC_Y1x030x0007,GRIIDC_PCB11_cast1_Latitude_28_48.17_Longitude_087_18.45,Gulf of Mexico / West Florida Shelf,global_augmentation,2011-09-25 16:34:17,28.802833333333332,-87.3075,2.0,,28.8508,34.1182,0.77825,4.20047,1542.0779869392425,1511.925,30.15298693924251,direct_CTD_depth,401.0,FIO_CTD_Data_Daly_2/Daly_CTD_WB0911/WB0911_PCB11_Cast1.csv,https://data.gulfresearchinitiative.org/data/Y1.x030.000:0007
GRIIDC_Y1x030x0007,GRIIDC_PCB11_cast1_Latitude_28_48.17_Longitude_087_18.45,Gulf of Mexico / West Florida Shelf,global_augmentation,2011-09-25 16:34:17,28.802833333333332,-87.3075,5.0,,28.7988,33.95115,0.79335,4.42066,1541.8413840222318,1511.925,29.916384022231796,direct_CTD_depth,401.0,FIO_CTD_Data_Daly_2/Daly_CTD_WB0911/WB0911_PCB11_Cast1.csv,https://data.gulfresearchinitiative.org/data/Y1.x030.000:0007
GRIIDC_Y1x030x0007,GRIIDC_PCB11_cast1_Latitude_28_48.17_Longitude_087_18.45,Gulf of Mexico / West Florida Shelf,global_augmentation,2011-09-25 16:34:17,28.802833333333332,-87.3075,10.0,,28.724899999999998,33.9714,0.7944,4.426465,1541.7859339094025,1511.925,29.860933909402547,direct_CTD_depth,401.0,FIO_CTD_Data_Daly_2/Daly_CTD_WB0911/WB0911_PCB11_Cast1.csv,https://data.gulfresearchinitiative.org/data/Y1.x030.000:0007
GRIIDC_Y1x030x0007,GRIIDC_PCB11_cast1_Latitude_28_48.17_Longitude_087_18.45,Gulf of Mexico / West Florida Shelf,global_augmentation,2011-09-25 16:34:17,28.802833333333332,-87.3075,20.0,,28.933549999999997,35.707499999999996,0.7887,4.3928899999999995,1544.2060084813156,1511.925,32.281008481315666,direct_CTD_depth,401.0,FIO_CTD_Data_Daly_2/Daly_CTD_WB0911/WB0911_PCB11_Cast1.csv,https://data.gulfresearchinitiative.org/data/Y1.x030.000:0007
GRIIDC_Y1x030x0007,GRIIDC_PCB11_cast1_Latitude_28_48.17_Longitude_087_18.45,Gulf of Mexico / West Florida Shelf,global_augmentation,2011-09-25 16:34:17,28.802833333333332,-87.3075,30.0,,29.22655,36.086650000000006,0.7744,4.390784999999999,1545.3792254525936,1521.1399999999999,24.2392254525937,direct_CTD_depth,401.0,FIO_CTD_Data_Daly_2/Daly_CTD_WB0911/WB0911_PCB11_Cast1.csv,https://data.gulfresearchinitiative.org/data/Y1.x030.000:0007
GRIIDC_Y1x030x0007,GRIIDC_PCB11_cast1_Latitude_28_48.17_Longitude_087_18.45,Gulf of Mexico / West Florida Shelf,global_augmentation,2011-09-25 16:34:17,28.802833333333332,-87.3075,50.0,,25.75295,36.389849999999996,0.77245,4.66162,1538.3805672412357,1521.1399999999999,17.240567241235794,direct_CTD_depth,401.0,FIO_CTD_Data_Daly_2/Daly_CTD_WB0911/WB0911_PCB11_Cast1.csv,https://data.gulfresearchinitiative.org/data/Y1.x030.000:0007
GRIIDC_Y1x030x0007,GRIIDC_PCB11_cast1_Latitude_28_48.17_Longitude_087_18.45,Gulf of Mexico / West Florida Shelf,global_augmentation,2011-09-25 16:34:17,28.802833333333332,-87.3075,75.0,,21.08625,36.51795,0.7431000000000001,4.103325,1527.3389721484461,1521.1399999999999,6.198972148446273,direct_CTD_depth,401.0,FIO_CTD_Data_Daly_2/Daly_CTD_WB0911/WB0911_PCB11_Cast1.csv,https://data.gulfresearchinitiative.org/data/Y1.x030.000:0007
GRIIDC_Y1x030x0007,GRIIDC_PCB11_cast1_Latitude_28_48.17_Longitude_087_18.45,Gulf of Mexico / West Florida Shelf,global_augmentation,2011-09-25 16:34:17,28.802833333333332,-87.3075,100.0,,19.45665,36.421499999999995,0.722,3.70695,1523.2081505902395,1524.775,-1.5668494097606072,direct_CTD_depth,401.0,FIO_CTD_Data_Daly_2/Daly_CTD_WB0911/WB0911_PCB11_Cast1.csv,https://data.gulfresearchinitiative.org/data/Y1.x030.000:0007
GRIIDC_Y1x030x0007,GRIIDC_PCB11_cast1_Latitude_28_48.17_Longitude_087_18.45,Gulf of Mexico / West Florida Shelf,global_augmentation,2011-09-25 16:34:17,28.802833333333332,-87.3075,150.0,,17.77935,36.3551,0.7157,3.093165,1519.1706029840507,1524.775,-5.6043970159494165,direct_CTD_depth,401.0,FIO_CTD_Data_Daly_2/Daly_CTD_WB0911/WB0911_PCB11_Cast1.csv,https://data.gulfresearchinitiative.org/data/Y1.x030.000:0007
GRIIDC_Y1x030x0007,GRIIDC_PCB11_cast1_Latitude_28_48.17_Longitude_087_18.45,Gulf of Mexico / West Florida Shelf,global_augmentation,2011-09-25 16:34:17,28.802833333333332,-87.3075,200.0,,15.874949999999998,36.09354999999999,0.70415,3.097945,1513.9788653193148,1522.095,-8.116134680685263,direct_CTD_depth,401.0,FIO_CTD_Data_Daly_2/Daly_CTD_WB0911/WB0911_PCB11_Cast1.csv,https://data.gulfresearchinitiative.org/data/Y1.x030.000:0007
GRIIDC_Y1x030x0007,GRIIDC_PCB11_cast1_Latitude_28_48.17_Longitude_087_18.45,Gulf of Mexico / West Florida Shelf,global_augmentation,2011-09-25 16:34:17,28.802833333333332,-87.3075,300.0,,12.73245,35.59335,0.68025,2.833075,1504.9285884379813,1519.02,-14.09141156201872,direct_CTD_depth,401.0,FIO_CTD_Data_Daly_2/Daly_CTD_WB0911/WB0911_PCB11_Cast1.csv,https://data.gulfresearchinitiative.org/data/Y1.x030.000:0007
GRIIDC_Y1x030x0007,GRIIDC_PCB11_cast1_Latitude_28_48.17_Longitude_087_18.45,Gulf of Mexico / West Florida Shelf,global_augmentation,2011-09-25 16:34:17,28.802833333333332,-87.3075,400.0,,10.344100000000001,35.23625,0.6685,2.7075,1497.875074879898,1516.26,-18.384925120102025,direct_CTD_depth,401.0,FIO_CTD_Data_Daly_2/Daly_CTD_WB0911/WB0911_PCB11_Cast1.csv,https://data.gulfresearchinitiative.org/data/Y1.x030.000:0007
GRIIDC_Y1x030x0007,GRIIDC_PCB11_cast1_Latitude_Longitude,Gulf of Mexico / West Florida Shelf,global_augmentation,,861.6025219298245,7.742734923245614,5.0,,34.9313,33.944076,99.891,,1553.77375813098,1498.26,55.51375813098002,direct_CTD_depth,23.3328,FIO_CTD_Data_Daly_2/Daly_CTD_WB0512/WB0512_PCB11_StandAlone.csv,https://data.gulfresearchinitiative.org/data/Y1.x030.000:0007
GRIIDC_Y1x030x0007,GRIIDC_PCB11_cast1_Latitude_Longitude,Gulf of Mexico / West Florida Shelf,global_augmentation,,861.6025219298245,7.742734923245614,10.0,,35.2080534351145,38.505646839694656,99.37042213740457,,1558.807994665244,1515.32,43.48799466524406,direct_CTD_depth,23.3328,FIO_CTD_Data_Daly_2/Daly_CTD_WB0512/WB0512_PCB11_StandAlone.csv,https://data.gulfresearchinitiative.org/data/Y1.x030.000:0007
GRIIDC_Y1x030x0007,GRIIDC_PCB11_cast1_Latitude_Longitude,Gulf of Mexico / West Florida Shelf,global_augmentation,,861.6025219298245,7.742734923245614,20.0,,23.855282339100896,32.0840673040461,44.856901373375806,,1528.6504088443078,1505.1479618785772,23.50244696573054,direct_CTD_depth,23.3328,FIO_CTD_Data_Daly_2/Daly_CTD_WB0512/WB0512_PCB11_StandAlone.csv,https://data.gulfresearchinitiative.org/data/Y1.x030.000:0007
GRIIDC_Y1x030x0007,GRIIDC_PCB11_cast2_Latitude_28_47.886_Longitude_87_19.055,Gulf of Mexico / West Florida Shelf,global_augmentation,2011-02-21 04:58:39,28.7981,-87.31758333333333,1.0,,19.9524,23.5332,0.7367999999999999,5.4869900000000005,1508.327895859737,1488.35,19.977895859737146,direct_CTD_depth,1096.0,FIO_CTD_Data_Daly_2/Daly_CTD_WB0211/WB0211_pcb11_cast2.csv,https://data.gulfresearchinitiative.org/data/Y1.x030.000:0007
GRIIDC_Y1x030x0007,GRIIDC_PCB11_cast2_Latitude_28_47.886_Longitude_87_19.055,Gulf of Mexico / West Florida Shelf,global_augmentation,2011-02-21 04:58:39,28.7981,-87.31758333333333,2.0,,20.204050000000002,34.27305,0.9450500000000001,5.32854,1521.232630369954,1488.35,32.882630369954086,direct_CTD_depth,1096.0,FIO_CTD_Data_Daly_2/Daly_CTD_WB0211/WB0211_pcb11_cast2.csv,https://data.gulfresearchinitiative.org/data/Y1.x030.000:0007
GRIIDC_Y1x030x0007,GRIIDC_PCB11_cast2_Latitude_28_47.886_Longitude_87_19.055,Gulf of Mexico / West Florida Shelf,global_augmentation,2011-02-21 04:58:39,28.7981,-87.31758333333333,5.0,,20.248350000000002,36.47135,0.5628,5.045260000000001,1523.8925772110156,1488.35,35.54257721101567,direct_CTD_depth,1096.0,FIO_CTD_Data_Daly_2/Daly_CTD_WB0211/WB0211_pcb11_cast2.csv,https://data.gulfresearchinitiative.org/data/Y1.x030.000:0007
GRIIDC_Y1x030x0007,GRIIDC_PCB11_cast2_Latitude_28_47.886_Longitude_87_19.055,Gulf of Mexico / West Florida Shelf,global_augmentation,2011-02-21 04:58:39,28.7981,-87.31758333333333,10.0,,20.24315,36.475750000000005,0.62975,5.05054,1523.9649278929073,1488.35,35.61492789290742,direct_CTD_depth,1096.0,FIO_CTD_Data_Daly_2/Daly_CTD_WB0211/WB0211_pcb11_cast2.csv,https://data.gulfresearchinitiative.org/data/Y1.x030.000:0007
GRIIDC_Y1x030x0007,GRIIDC_PCB11_cast2_Latitude_28_47.886_Longitude_87_19.055,Gulf of Mexico / West Florida Shelf,global_augmentation,2011-02-21 04:58:39,28.7981,-87.31758333333333,20.0,,19.9625,36.4565,0.6039,5.06484,1523.3396141587834,1488.35,34.989614158783525,direct_CTD_depth,1096.0,FIO_CTD_Data_Daly_2/Daly_CTD_WB0211/WB0211_pcb11_cast2.csv,https://data.gulfresearchinitiative.org/data/Y1.x030.000:0007
GRIIDC_Y1x030x0007,GRIIDC_PCB11_cast2_Latitude_28_47.886_Longitude_87_19.055,Gulf of Mexico / West Florida Shelf,global_augmentation,2011-02-21 04:58:39,28.7981,-87.31758333333333,30.0,,19.608,36.4282,0.6334500000000001,5.0969,1522.4934422710116,1499.225,23.268442271011736,direct_CTD_depth,1096.0,FIO_CTD_Data_Daly_2/Daly_CTD_WB0211/WB0211_pcb11_cast2.csv,https://data.gulfresearchinitiative.org/data/Y1.x030.000:0007
GRIIDC_Y1x030x0007,GRIIDC_PCB11_cast2_Latitude_28_47.886_Longitude_87_19.055,Gulf of Mexico / West Florida Shelf,global_augmentation,2011-02-21 04:58:39,28.7981,-87.31758333333333,50.0,,19.4913,36.4493,0.64665,4.854205,1522.519956465659,1499.225,23.294956465659197,direct_CTD_depth,1096.0,FIO_CTD_Data_Daly_2/Daly_CTD_WB0211/WB0211_pcb11_cast2.csv,https://data.gulfresearchinitiative.org/data/Y1.x030.000:0007
GRIIDC_Y1x030x0007,GRIIDC_PCB11_cast2_Latitude_28_47.886_Longitude_87_19.055,Gulf of Mexico / West Florida Shelf,global_augmentation,2011-02-21 04:58:39,28.7981,-87.31758333333333,75.0,,19.3044,36.4024,0.7298,4.76725,1522.3536304671684,1507.255,15.098630467168277,direct_CTD_depth,1096.0,FIO_CTD_Data_Daly_2/Daly_CTD_WB0211/WB0211_pcb11_cast2.csv,https://data.gulfresearchinitiative.org/data/Y1.x030.000:0007
GRIIDC_Y1x030x0007,GRIIDC_PCB11_cast2_Latitude_28_47.886_Longitude_87_19.055,Gulf of Mexico / West Florida Shelf,global_augmentation,2011-02-21 04:58:39,28.7981,-87.31758333333333,100.0,,18.67725,36.2686,0.69425,4.615445,1520.840269178124,1506.825,14.015269178123845,direct_CTD_depth,1096.0,FIO_CTD_Data_Daly_2/Daly_CTD_WB0211/WB0211_pcb11_cast2.csv,https://data.gulfresearchinitiative.org/data/Y1.x030.000:0007
GRIIDC_Y1x030x0007,GRIIDC_PCB11_cast2_Latitude_28_47.886_Longitude_87_19.055,Gulf of Mexico / West Florida Shelf,global_augmentation,2011-02-21 04:58:39,28.7981,-87.31758333333333,150.0,,16.511200000000002,36.18535,0.67445,2.986685,1515.2082621230973,1507.535,7.6732621230971745,direct_CTD_depth,1096.0,FIO_CTD_Data_Daly_2/Daly_CTD_WB0211/WB0211_pcb11_cast2.csv,https://data.gulfresearchinitiative.org/data/Y1.x030.000:0007
GRIIDC_Y1x030x0007,GRIIDC_PCB11_cast2_Latitude_28_47.886_Longitude_87_19.055,Gulf of Mexico / West Florida Shelf,global_augmentation,2011-02-21 04:58:39,28.7981,-87.31758333333333,200.0,,14.58335,35.87895,0.8430500000000001,2.882565,1509.681246870101,1506.94,2.7412468701008947,direct_CTD_depth,1096.0,FIO_CTD_Data_Daly_2/Daly_CTD_WB0211/WB0211_pcb11_cast2.csv,https://data.gulfresearchinitiative.org/data/Y1.x030.000:0007
GRIIDC_Y1x030x0007,GRIIDC_PCB11_cast2_Latitude_28_47.886_Longitude_87_19.055,Gulf of Mexico / West Florida Shelf,global_augmentation,2011-02-21 04:58:39,28.7981,-87.31758333333333,300.0,,11.026,35.3379,0.73135,2.661845,1498.7698367414444,1505.85,-7.080163258555558,direct_CTD_depth,1096.0,FIO_CTD_Data_Daly_2/Daly_CTD_WB0211/WB0211_pcb11_cast2.csv,https://data.gulfresearchinitiative.org/data/Y1.x030.000:0007
GRIIDC_Y1x030x0007,GRIIDC_PCB11_cast2_Latitude_28_47.886_Longitude_87_19.055,Gulf of Mexico / West Florida Shelf,global_augmentation,2011-02-21 04:58:39,28.7981,-87.31758333333333,400.0,,8.7299,35.04375,0.7824,2.67438,1491.7557885709946,1503.2,-11.444211429005463,direct_CTD_depth,1096.0,FIO_CTD_Data_Daly_2/Daly_CTD_WB0211/WB0211_pcb11_cast2.csv,https://data.gulfresearchinitiative.org/data/Y1.x030.000:0007
GRIIDC_Y1x030x0007,GRIIDC_PCB11_cast2_Latitude_28_47.886_Longitude_87_19.055,Gulf of Mexico / West Florida Shelf,global_augmentation,2011-02-21 04:58:39,28.7981,-87.31758333333333,500.0,,8.0947,34.977599999999995,0.7645,2.7233650000000003,1490.9362776168034,1500.99,-10.0537223831966,direct_CTD_depth,1096.0,FIO_CTD_Data_Daly_2/Daly_CTD_WB0211/WB0211_pcb11_cast2.csv,https://data.gulfresearchinitiative.org/data/Y1.x030.000:0007
GRIIDC_Y1x030x0007,GRIIDC_PCB11_cast2_Latitude_28_47.886_Longitude_87_19.055,Gulf of Mexico / West Florida Shelf,global_augmentation,2011-02-21 04:58:39,28.7981,-87.31758333333333,750.0,,6.2477,34.90135,0.7451,3.2470499999999998,1487.8221988697608,1498.435,-10.612801130239177,direct_CTD_depth,1096.0,FIO_CTD_Data_Daly_2/Daly_CTD_WB0211/WB0211_pcb11_cast2.csv,https://data.gulfresearchinitiative.org/data/Y1.x030.000:0007
GRIIDC_Y1x030x0007,GRIIDC_PCB11_cast2_Latitude_28_47.886_Longitude_87_19.055,Gulf of Mexico / West Florida Shelf,global_augmentation,2011-02-21 04:58:39,28.7981,-87.31758333333333,1000.0,,5.050599999999999,34.932050000000004,0.7867500000000001,3.9718,1487.2012746961311,1496.855,-9.653725303868896,direct_CTD_depth,1096.0,FIO_CTD_Data_Daly_2/Daly_CTD_WB0211/WB0211_pcb11_cast2.csv,https://data.gulfresearchinitiative.org/data/Y1.x030.000:0007
GRIIDC_Y1x030x0007,GRIIDC_PCB11_cast2_Latitude_28_48.17_Longitude_087_18.45,Gulf of Mexico / West Florida Shelf,global_augmentation,2011-09-25 18:38:45,28.802833333333332,-87.3075,1.0,,28.8807,31.363999999999997,0.7682,4.68215,1539.2501049605619,1499.995,39.255104960561994,direct_CTD_depth,1150.0,FIO_CTD_Data_Daly_2/Daly_CTD_WB0911/WB0911_PCB11_Cast2.csv,https://data.gulfresearchinitiative.org/data/Y1.x030.000:0007
GRIIDC_Y1x030x0007,GRIIDC_PCB11_cast2_Latitude_28_48.17_Longitude_087_18.45,Gulf of Mexico / West Florida Shelf,global_augmentation,2011-09-25 18:38:45,28.802833333333332,-87.3075,2.0,,29.11825,34.386449999999996,0.771,4.034375,1542.9253591562122,1499.995,42.93035915621226,direct_CTD_depth,1150.0,FIO_CTD_Data_Daly_2/Daly_CTD_WB0911/WB0911_PCB11_Cast2.csv,https://data.gulfresearchinitiative.org/data/Y1.x030.000:0007
GRIIDC_Y1x030x0007,GRIIDC_PCB11_cast2_Latitude_28_48.17_Longitude_087_18.45,Gulf of Mexico / West Florida Shelf,global_augmentation,2011-09-25 18:38:45,28.802833333333332,-87.3075,5.0,,28.90745,33.94545,0.7682,4.42795,1542.067285393962,1499.995,42.07228539396215,direct_CTD_depth,1150.0,FIO_CTD_Data_Daly_2/Daly_CTD_WB0911/WB0911_PCB11_Cast2.csv,https://data.gulfresearchinitiative.org/data/Y1.x030.000:0007
GRIIDC_Y1x030x0007,GRIIDC_PCB11_cast2_Latitude_28_48.17_Longitude_087_18.45,Gulf of Mexico / West Florida Shelf,global_augmentation,2011-09-25 18:38:45,28.802833333333332,-87.3075,10.0,,28.7057,33.950450000000004,0.78375,4.398994999999999,1541.722885609093,1499.995,41.727885609093164,direct_CTD_depth,1150.0,FIO_CTD_Data_Daly_2/Daly_CTD_WB0911/WB0911_PCB11_Cast2.csv,https://data.gulfresearchinitiative.org/data/Y1.x030.000:0007
GRIIDC_Y1x030x0007,GRIIDC_PCB11_cast2_Latitude_28_48.17_Longitude_087_18.45,Gulf of Mexico / West Florida Shelf,global_augmentation,2011-09-25 18:38:45,28.802833333333332,-87.3075,20.0,,29.116500000000002,35.81885,0.76485,4.406879999999999,1544.7070533670194,1499.995,44.71205336701951,direct_CTD_depth,1150.0,FIO_CTD_Data_Daly_2/Daly_CTD_WB0911/WB0911_PCB11_Cast2.csv,https://data.gulfresearchinitiative.org/data/Y1.x030.000:0007
GRIIDC_Y1x030x0007,GRIIDC_PCB11_cast2_Latitude_28_48.17_Longitude_087_18.45,Gulf of Mexico / West Florida Shelf,global_augmentation,2011-09-25 18:38:45,28.802833333333332,-87.3075,30.0,,29.314500000000002,36.1923,0.76965,4.3723600000000005,1545.672429982495,1510.855,34.817429982495014,direct_CTD_depth,1150.0,FIO_CTD_Data_Daly_2/Daly_CTD_WB0911/WB0911_PCB11_Cast2.csv,https://data.gulfresearchinitiative.org/data/Y1.x030.000:0007
GRIIDC_Y1x030x0007,GRIIDC_PCB11_cast2_Latitude_28_48.17_Longitude_087_18.45,Gulf of Mexico / West Florida Shelf,global_augmentation,2011-09-25 18:38:45,28.802833333333332,-87.3075,50.0,,26.32145,36.339,0.764,4.61461,1539.63231745758,1510.855,28.77731745758001,direct_CTD_depth,1150.0,FIO_CTD_Data_Daly_2/Daly_CTD_WB0911/WB0911_PCB11_Cast2.csv,https://data.gulfresearchinitiative.org/data/Y1.x030.000:0007
GRIIDC_Y1x030x0007,GRIIDC_PCB11_cast2_Latitude_28_48.17_Longitude_087_18.45,Gulf of Mexico / West Florida Shelf,global_augmentation,2011-09-25 18:38:45,28.802833333333332,-87.3075,75.0,,21.171300000000002,36.486850000000004,0.73875,4.23744,1527.5296034286469,1510.855,16.674603428646833,direct_CTD_depth,1150.0,FIO_CTD_Data_Daly_2/Daly_CTD_WB0911/WB0911_PCB11_Cast2.csv,https://data.gulfresearchinitiative.org/data/Y1.x030.000:0007
GRIIDC_Y1x030x0007,GRIIDC_PCB11_cast2_Latitude_28_48.17_Longitude_087_18.45,Gulf of Mexico / West Florida Shelf,global_augmentation,2011-09-25 18:38:45,28.802833333333332,-87.3075,100.0,,19.5735,36.436,0.7227,3.76708,1523.5492227624848,1515.54,8.009222762484796,direct_CTD_depth,1150.0,FIO_CTD_Data_Daly_2/Daly_CTD_WB0911/WB0911_PCB11_Cast2.csv,https://data.gulfresearchinitiative.org/data/Y1.x030.000:0007
GRIIDC_Y1x030x0007,GRIIDC_PCB11_cast2_Latitude_28_48.17_Longitude_087_18.45,Gulf of Mexico / West Florida Shelf,global_augmentation,2011-09-25 18:38:45,28.802833333333332,-87.3075,150.0,,17.92975,36.3748,0.7096499999999999,3.1171699999999998,1519.6310651450697,1515.54,4.091065145069706,direct_CTD_depth,1150.0,FIO_CTD_Data_Daly_2/Daly_CTD_WB0911/WB0911_PCB11_Cast2.csv,https://data.gulfresearchinitiative.org/data/Y1.x030.000:0007
GRIIDC_Y1x030x0007,GRIIDC_PCB11_cast2_Latitude_28_48.17_Longitude_087_18.45,Gulf of Mexico / West Florida Shelf,global_augmentation,2011-09-25 18:38:45,28.802833333333332,-87.3075,200.0,,15.79065,36.081450000000004,0.69275,3.0951950000000004,1513.70506902603,1512.9099999999999,0.7950690260302054,direct_CTD_depth,1150.0,FIO_CTD_Data_Daly_2/Daly_CTD_WB0911/WB0911_PCB11_Cast2.csv,https://data.gulfresearchinitiative.org/data/Y1.x030.000:0007
GRIIDC_Y1x030x0007,GRIIDC_PCB11_cast2_Latitude_28_48.17_Longitude_087_18.45,Gulf of Mexico / West Florida Shelf,global_augmentation,2011-09-25 18:38:45,28.802833333333332,-87.3075,300.0,,12.6236,35.57045,0.68035,2.819515,1504.5357294659123,1509.935,-5.399270534087691,direct_CTD_depth,1150.0,FIO_CTD_Data_Daly_2/Daly_CTD_WB0911/WB0911_PCB11_Cast2.csv,https://data.gulfresearchinitiative.org/data/Y1.x030.000:0007
GRIIDC_Y1x030x0007,GRIIDC_PCB11_cast2_Latitude_28_48.17_Longitude_087_18.45,Gulf of Mexico / West Florida Shelf,global_augmentation,2011-09-25 18:38:45,28.802833333333332,-87.3075,400.0,,10.300049999999999,35.2297,0.6718500000000001,2.70099,1497.7097551859652,1507.24,-9.530244814034859,direct_CTD_depth,1150.0,FIO_CTD_Data_Daly_2/Daly_CTD_WB0911/WB0911_PCB11_Cast2.csv,https://data.gulfresearchinitiative.org/data/Y1.x030.000:0007
GRIIDC_Y1x030x0007,GRIIDC_PCB11_cast2_Latitude_28_48.17_Longitude_087_18.45,Gulf of Mexico / West Florida Shelf,global_augmentation,2011-09-25 18:38:45,28.802833333333332,-87.3075,500.0,,8.70185,35.03775,0.67215,2.714695,1493.288632967728,1505.025,-11.736367032272028,direct_CTD_depth,1150.0,FIO_CTD_Data_Daly_2/Daly_CTD_WB0911/WB0911_PCB11_Cast2.csv,https://data.gulfresearchinitiative.org/data/Y1.x030.000:0007
GRIIDC_Y1x030x0007,GRIIDC_PCB11_cast2_Latitude_28_48.17_Longitude_087_18.45,Gulf of Mexico / West Florida Shelf,global_augmentation,2011-09-25 18:38:45,28.802833333333332,-87.3075,750.0,,6.265000000000001,34.9001,0.6446000000000001,3.311045,1487.8890414396058,1501.69,-13.800958560394292,direct_CTD_depth,1150.0,FIO_CTD_Data_Daly_2/Daly_CTD_WB0911/WB0911_PCB11_Cast2.csv,https://data.gulfresearchinitiative.org/data/Y1.x030.000:0007
GRIIDC_Y1x030x0007,GRIIDC_PCB11_cast2_Latitude_28_48.17_Longitude_087_18.45,Gulf of Mexico / West Florida Shelf,global_augmentation,2011-09-25 18:38:45,28.802833333333332,-87.3075,1000.0,,5.1556,34.928200000000004,0.63395,3.98767,1487.623479439453,1499.625,-12.001520560547078,direct_CTD_depth,1150.0,FIO_CTD_Data_Daly_2/Daly_CTD_WB0911/WB0911_PCB11_Cast2.csv,https://data.gulfresearchinitiative.org/data/Y1.x030.000:0007
GRIIDC_Y1x030x0007,GRIIDC_PCB11_cast2_Latitude_28_48.27_Longitude_087_18.92,Gulf of Mexico / West Florida Shelf,global_augmentation,2012-02-21 13:13:03,28.8045,-87.31533333333333,1.0,,19.98245,29.840999999999998,1.21835,5.514635,1515.5747575633247,1496.1950000000002,19.379757563324574,direct_CTD_depth,207.0,FIO_CTD_Data_Daly_2/Daly_CTD_WB0212/WB0212_pcb11_cast2.csv,https://data.gulfresearchinitiative.org/data/Y1.x030.000:0007
GRIIDC_Y1x030x0007,GRIIDC_PCB11_cast2_Latitude_28_48.27_Longitude_087_18.92,Gulf of Mexico / West Florida Shelf,global_augmentation,2012-02-21 13:13:03,28.8045,-87.31533333333333,2.0,,21.1893,36.32355,0.77555,5.503425,1526.2030855699306,1496.1950000000002,30.008085569930472,direct_CTD_depth,207.0,FIO_CTD_Data_Daly_2/Daly_CTD_WB0212/WB0212_pcb11_cast2.csv,https://data.gulfresearchinitiative.org/data/Y1.x030.000:0007
GRIIDC_Y1x030x0007,GRIIDC_PCB11_cast2_Latitude_28_48.27_Longitude_087_18.92,Gulf of Mexico / West Florida Shelf,global_augmentation,2012-02-21 13:13:03,28.8045,-87.31533333333333,5.0,,21.1512,36.259100000000004,0.69445,4.766515,1526.0786000377727,1496.1950000000002,29.883600037772567,direct_CTD_depth,207.0,FIO_CTD_Data_Daly_2/Daly_CTD_WB0212/WB0212_pcb11_cast2.csv,https://data.gulfresearchinitiative.org/data/Y1.x030.000:0007
GRIIDC_Y1x030x0007,GRIIDC_PCB11_cast2_Latitude_28_48.27_Longitude_087_18.92,Gulf of Mexico / West Florida Shelf,global_augmentation,2012-02-21 13:13:03,28.8045,-87.31533333333333,10.0,,21.152050000000003,36.26,0.6970000000000001,4.772495,1526.1633784770015,1496.1950000000002,29.96837847700135,direct_CTD_depth,207.0,FIO_CTD_Data_Daly_2/Daly_CTD_WB0212/WB0212_pcb11_cast2.csv,https://data.gulfresearchinitiative.org/data/Y1.x030.000:0007
GRIIDC_Y1x030x0007,GRIIDC_PCB11_cast2_Latitude_28_48.27_Longitude_087_18.92,Gulf of Mexico / West Florida Shelf,global_augmentation,2012-02-21 13:13:03,28.8045,-87.31533333333333,20.0,,21.1533,36.259249999999994,0.69025,4.77754,1526.3289023284262,1496.1950000000002,30.133902328426075,direct_CTD_depth,207.0,FIO_CTD_Data_Daly_2/Daly_CTD_WB0212/WB0212_pcb11_cast2.csv,https://data.gulfresearchinitiative.org/data/Y1.x030.000:0007
GRIIDC_Y1x030x0007,GRIIDC_PCB11_cast2_Latitude_28_48.27_Longitude_087_18.92,Gulf of Mexico / West Florida Shelf,global_augmentation,2012-02-21 13:13:03,28.8045,-87.31533333333333,30.0,,21.148000000000003,36.25620000000001,0.69345,4.78608,1526.4744988486125,1509.995,16.479498848612593,direct_CTD_depth,207.0,FIO_CTD_Data_Daly_2/Daly_CTD_WB0212/WB0212_pcb11_cast2.csv,https://data.gulfresearchinitiative.org/data/Y1.x030.000:0007
GRIIDC_Y1x030x0007,GRIIDC_PCB11_cast2_Latitude_28_48.27_Longitude_087_18.92,Gulf of Mexico / West Florida Shelf,global_augmentation,2012-02-21 13:13:03,28.8045,-87.31533333333333,50.0,,21.15075,36.255700000000004,0.6839999999999999,4.780749999999999,1526.807499963293,1509.995,16.81249996329302,direct_CTD_depth,207.0,FIO_CTD_Data_Daly_2/Daly_CTD_WB0212/WB0212_pcb11_cast2.csv,https://data.gulfresearchinitiative.org/data/Y1.x030.000:0007
GRIIDC_Y1x030x0007,GRIIDC_PCB11_cast2_Latitude_28_48.27_Longitude_087_18.92,Gulf of Mexico / West Florida Shelf,global_augmentation,2012-02-21 13:13:03,28.8045,-87.31533333333333,75.0,,21.1485,36.2535,0.6816,4.7825,1527.2070782330293,1509.995,17.212078233029388,direct_CTD_depth,207.0,FIO_CTD_Data_Daly_2/Daly_CTD_WB0212/WB0212_pcb11_cast2.csv,https://data.gulfresearchinitiative.org/data/Y1.x030.000:0007
GRIIDC_Y1x030x0007,GRIIDC_PCB11_cast2_Latitude_28_48.27_Longitude_087_18.92,Gulf of Mexico / West Florida Shelf,global_augmentation,2012-02-21 13:13:03,28.8045,-87.31533333333333,100.0,,21.1107,36.24995,0.69115,4.72958,1527.510966131199,1520.245,7.265966131199093,direct_CTD_depth,207.0,FIO_CTD_Data_Daly_2/Daly_CTD_WB0212/WB0212_pcb11_cast2.csv,https://data.gulfresearchinitiative.org/data/Y1.x030.000:0007
GRIIDC_Y1x030x0007,GRIIDC_PCB11_cast2_Latitude_28_48.27_Longitude_087_18.92,Gulf of Mexico / West Florida Shelf,global_augmentation,2012-02-21 13:13:03,28.8045,-87.31533333333333,150.0,,18.25275,36.42775,0.6762,3.067615,1520.625869353637,1520.245,0.3808693536370811,direct_CTD_depth,207.0,FIO_CTD_Data_Daly_2/Daly_CTD_WB0212/WB0212_pcb11_cast2.csv,https://data.gulfresearchinitiative.org/data/Y1.x030.000:0007
GRIIDC_Y1x030x0007,GRIIDC_PCB11_cast2_Latitude_28_48.27_Longitude_087_18.92,Gulf of Mexico / West Florida Shelf,global_augmentation,2012-02-21 13:13:03,28.8045,-87.31533333333333,200.0,,16.0395,36.1251,0.7034,3.043215,1514.5208596150767,1521.58,-7.059140384923239,direct_CTD_depth,207.0,FIO_CTD_Data_Daly_2/Daly_CTD_WB0212/WB0212_pcb11_cast2.csv,https://data.gulfresearchinitiative.org/data/Y1.x030.000:0007
GRIIDC_Y1x030x0007,GRIIDC_PCB12_cast1_Latitude_28_59.405_Longitude_86_59.885,Gulf of Mexico / West Florida Shelf,global_augmentation,2011-05-06 11:05:03,28.990083333333335,-86.99808333333333,1.0,,22.9553,26.10375,0.51595,5.18621,1519.4587548487962,1491.545,27.91375484879609,direct_CTD_depth,636.0,FIO_CTD_Data_Daly_2/Daly_CTD_WB0511/WB0511_PCB12.csv,https://data.gulfresearchinitiative.org/data/Y1.x030.000:0007
GRIIDC_Y1x030x0007,GRIIDC_PCB12_cast1_Latitude_28_59.405_Longitude_86_59.885,Gulf of Mexico / West Florida Shelf,global_augmentation,2011-05-06 11:05:03,28.990083333333335,-86.99808333333333,2.0,,24.17445,34.48495,0.5237499999999999,5.364355,1531.7720701645644,1491.545,40.22707016456434,direct_CTD_depth,636.0,FIO_CTD_Data_Daly_2/Daly_CTD_WB0511/WB0511_PCB12.csv,https://data.gulfresearchinitiative.org/data/Y1.x030.000:0007
GRIIDC_Y1x030x0007,GRIIDC_PCB12_cast1_Latitude_28_59.405_Longitude_86_59.885,Gulf of Mexico / West Florida Shelf,global_augmentation,2011-05-06 11:05:03,28.990083333333335,-86.99808333333333,5.0,,24.4242,36.3168,0.60095,4.70078,1534.4262263668502,1491.545,42.881226366850115,direct_CTD_depth,636.0,FIO_CTD_Data_Daly_2/Daly_CTD_WB0511/WB0511_PCB12.csv,https://data.gulfresearchinitiative.org/data/Y1.x030.000:0007
GRIIDC_Y1x030x0007,GRIIDC_PCB12_cast1_Latitude_28_59.405_Longitude_86_59.885,Gulf of Mexico / West Florida Shelf,global_augmentation,2011-05-06 11:05:03,28.990083333333335,-86.99808333333333,10.0,,24.429000000000002,36.3173,0.5872,4.709545,1534.519857808882,1491.545,42.97485780888201,direct_CTD_depth,636.0,FIO_CTD_Data_Daly_2/Daly_CTD_WB0511/WB0511_PCB12.csv,https://data.gulfresearchinitiative.org/data/Y1.x030.000:0007
GRIIDC_Y1x030x0007,GRIIDC_PCB12_cast1_Latitude_28_59.405_Longitude_86_59.885,Gulf of Mexico / West Florida Shelf,global_augmentation,2011-05-06 11:05:03,28.990083333333335,-86.99808333333333,20.0,,24.42715,36.31755,0.6697500000000001,4.709619999999999,1534.6787196977416,1491.545,43.133719697741526,direct_CTD_depth,636.0,FIO_CTD_Data_Daly_2/Daly_CTD_WB0511/WB0511_PCB12.csv,https://data.gulfresearchinitiative.org/data/Y1.x030.000:0007
GRIIDC_Y1x030x0007,GRIIDC_PCB12_cast1_Latitude_28_59.405_Longitude_86_59.885,Gulf of Mexico / West Florida Shelf,global_augmentation,2011-05-06 11:05:03,28.990083333333335,-86.99808333333333,30.0,,24.4183,36.3125,0.8841,4.71949,1534.8149579573167,1503.91,30.904957957316583,direct_CTD_depth,636.0,FIO_CTD_Data_Daly_2/Daly_CTD_WB0511/WB0511_PCB12.csv,https://data.gulfresearchinitiative.org/data/Y1.x030.000:0007
GRIIDC_Y1x030x0007,GRIIDC_PCB12_cast1_Latitude_28_59.405_Longitude_86_59.885,Gulf of Mexico / West Florida Shelf,global_augmentation,2011-05-06 11:05:03,28.990083333333335,-86.99808333333333,50.0,,22.29075,36.425650000000005,0.7672000000000001,4.8866,1529.9718922378793,1505.455,24.516892237879347,direct_CTD_depth,636.0,FIO_CTD_Data_Daly_2/Daly_CTD_WB0511/WB0511_PCB12.csv,https://data.gulfresearchinitiative.org/data/Y1.x030.000:0007
GRIIDC_Y1x030x0007,GRIIDC_PCB12_cast1_Latitude_28_59.405_Longitude_86_59.885,Gulf of Mexico / West Florida Shelf,global_augmentation,2011-05-06 11:05:03,28.990083333333335,-86.99808333333333,75.0,,19.9968,36.45385,0.7955000000000001,4.531365,1524.3279895079338,1505.455,18.87298950793388,direct_CTD_depth,636.0,FIO_CTD_Data_Daly_2/Daly_CTD_WB0511/WB0511_PCB12.csv,https://data.gulfresearchinitiative.org/data/Y1.x030.000:0007
GRIIDC_Y1x030x0007,GRIIDC_PCB12_cast1_Latitude_28_59.405_Longitude_86_59.885,Gulf of Mexico / West Florida Shelf,global_augmentation,2011-05-06 11:05:03,28.990083333333335,-86.99808333333333,100.0,,19.18345,36.387950000000004,0.7399,4.06369,1522.4067972253447,1505.455,16.951797225344762,direct_CTD_depth,636.0,FIO_CTD_Data_Daly_2/Daly_CTD_WB0511/WB0511_PCB12.csv,https://data.gulfresearchinitiative.org/data/Y1.x030.000:0007
GRIIDC_Y1x030x0007,GRIIDC_PCB12_cast1_Latitude_28_59.405_Longitude_86_59.885,Gulf of Mexico / West Florida Shelf,global_augmentation,2011-05-06 11:05:03,28.990083333333335,-86.99808333333333,150.0,,16.985349999999997,36.22625,0.7674000000000001,3.1103199999999998,1516.6793360397776,1513.9450000000002,2.7343360397774177,direct_CTD_depth,636.0,FIO_CTD_Data_Daly_2/Daly_CTD_WB0511/WB0511_PCB12.csv,https://data.gulfresearchinitiative.org/data/Y1.x030.000:0007
GRIIDC_Y1x030x0007,GRIIDC_PCB12_cast1_Latitude_28_59.405_Longitude_86_59.885,Gulf of Mexico / West Florida Shelf,global_augmentation,2011-05-06 11:05:03,28.990083333333335,-86.99808333333333,200.0,,14.54865,35.88365,0.6744,2.83984,1509.576222812824,1513.9450000000002,-4.3687771871761925,direct_CTD_depth,636.0,FIO_CTD_Data_Daly_2/Daly_CTD_WB0511/WB0511_PCB12.csv,https://data.gulfresearchinitiative.org/data/Y1.x030.000:0007
GRIIDC_Y1x030x0007,GRIIDC_PCB12_cast1_Latitude_28_59.405_Longitude_86_59.885,Gulf of Mexico / West Florida Shelf,global_augmentation,2011-05-06 11:05:03,28.990083333333335,-86.99808333333333,300.0,,11.8719,35.459199999999996,0.6815,2.69556,1501.8498536349111,1511.5149999999999,-9.66514636508873,direct_CTD_depth,636.0,FIO_CTD_Data_Daly_2/Daly_CTD_WB0511/WB0511_PCB12.csv,https://data.gulfresearchinitiative.org/data/Y1.x030.000:0007
GRIIDC_Y1x030x0007,GRIIDC_PCB12_cast1_Latitude_28_59.405_Longitude_86_59.885,Gulf of Mexico / West Florida Shelf,global_augmentation,2011-05-06 11:05:03,28.990083333333335,-86.99808333333333,400.0,,9.91865,35.175,0.6856500000000001,2.7413299999999996,1496.2731757204315,1508.97,-12.696824279568546,direct_CTD_depth,636.0,FIO_CTD_Data_Daly_2/Daly_CTD_WB0511/WB0511_PCB12.csv,https://data.gulfresearchinitiative.org/data/Y1.x030.000:0007
GRIIDC_Y1x030x0007,GRIIDC_PCB12_cast1_Latitude_28_59.405_Longitude_86_59.885,Gulf of Mexico / West Florida Shelf,global_augmentation,2011-05-06 11:05:03,28.990083333333335,-86.99808333333333,500.0,,8.184249999999999,34.98205,0.67485,2.79027,1491.2799086522539,1506.875,-15.59509134774612,direct_CTD_depth,636.0,FIO_CTD_Data_Daly_2/Daly_CTD_WB0511/WB0511_PCB12.csv,https://data.gulfresearchinitiative.org/data/Y1.x030.000:0007
GRIIDC_Y1x030x0007,GRIIDC_PCB14_cast1_Latitude_28_50.446_Longitude_87_15.985,Gulf of Mexico / West Florida Shelf,global_augmentation,2011-05-06 21:34:00,28.840766666666667,-87.26641666666667,1.0,,23.71375,25.98485,2.2755,5.131005,1521.2962699198383,1491.905,29.39126991983835,direct_CTD_depth,1001.0,FIO_CTD_Data_Daly_2/Daly_CTD_WB0511/WB0511_PCB14_Cast1.csv,https://data.gulfresearchinitiative.org/data/Y1.x030.000:0007
GRIIDC_Y1x030x0007,GRIIDC_PCB14_cast1_Latitude_28_50.446_Longitude_87_15.985,Gulf of Mexico / West Florida Shelf,global_augmentation,2011-05-06 21:34:00,28.840766666666667,-87.26641666666667,2.0,,24.4923,35.43355,0.7683,4.7961849999999995,1533.579558165754,1491.905,41.67455816575398,direct_CTD_depth,1001.0,FIO_CTD_Data_Daly_2/Daly_CTD_WB0511/WB0511_PCB14_Cast1.csv,https://data.gulfresearchinitiative.org/data/Y1.x030.000:0007
GRIIDC_Y1x030x0007,GRIIDC_PCB14_cast1_Latitude_28_50.446_Longitude_87_15.985,Gulf of Mexico / West Florida Shelf,global_augmentation,2011-05-06 21:34:00,28.840766666666667,-87.26641666666667,5.0,,24.61665,36.358850000000004,0.6595,4.707125,1534.9347265224021,1491.905,43.02972652240214,direct_CTD_depth,1001.0,FIO_CTD_Data_Daly_2/Daly_CTD_WB0511/WB0511_PCB14_Cast1.csv,https://data.gulfresearchinitiative.org/data/Y1.x030.000:0007
GRIIDC_Y1x030x0007,GRIIDC_PCB14_cast1_Latitude_28_50.446_Longitude_87_15.985,Gulf of Mexico / West Florida Shelf,global_augmentation,2011-05-06 21:34:00,28.840766666666667,-87.26641666666667,10.0,,24.5702,36.354749999999996,0.6819999999999999,4.670920000000001,1534.9003456622204,1491.905,42.995345662220416,direct_CTD_depth,1001.0,FIO_CTD_Data_Daly_2/Daly_CTD_WB0511/WB0511_PCB14_Cast1.csv,https://data.gulfresearchinitiative.org/data/Y1.x030.000:0007
GRIIDC_Y1x030x0007,GRIIDC_PCB14_cast1_Latitude_28_50.446_Longitude_87_15.985,Gulf of Mexico / West Florida Shelf,global_augmentation,2011-05-06 21:34:00,28.840766666666667,-87.26641666666667,20.0,,24.50025,36.355000000000004,0.7574000000000001,4.7255400000000005,1534.8955679701749,1491.905,42.99056797017488,direct_CTD_depth,1001.0,FIO_CTD_Data_Daly_2/Daly_CTD_WB0511/WB0511_PCB14_Cast1.csv,https://data.gulfresearchinitiative.org/data/Y1.x030.000:0007
GRIIDC_Y1x030x0007,GRIIDC_PCB14_cast1_Latitude_28_50.446_Longitude_87_15.985,Gulf of Mexico / West Florida Shelf,global_augmentation,2011-05-06 21:34:00,28.840766666666667,-87.26641666666667,30.0,,24.4902,36.35645,0.8692,4.721439999999999,1535.0360502108142,1504.15,30.88605021081412,direct_CTD_depth,1001.0,FIO_CTD_Data_Daly_2/Daly_CTD_WB0511/WB0511_PCB14_Cast1.csv,https://data.gulfresearchinitiative.org/data/Y1.x030.000:0007
GRIIDC_Y1x030x0007,GRIIDC_PCB14_cast1_Latitude_28_50.446_Longitude_87_15.985,Gulf of Mexico / West Florida Shelf,global_augmentation,2011-05-06 21:34:00,28.840766666666667,-87.26641666666667,50.0,,21.891,36.44815,0.8241,4.9838000000000005,1528.9654168144698,1504.15,24.8154168144697,direct_CTD_depth,1001.0,FIO_CTD_Data_Daly_2/Daly_CTD_WB0511/WB0511_PCB14_Cast1.csv,https://data.gulfresearchinitiative.org/data/Y1.x030.000:0007
GRIIDC_Y1x030x0007,GRIIDC_PCB14_cast1_Latitude_28_50.446_Longitude_87_15.985,Gulf of Mexico / West Florida Shelf,global_augmentation,2011-05-06 21:34:00,28.840766666666667,-87.26641666666667,75.0,,19.5074,36.3087,0.8712,4.2602899999999995,1522.8124178960306,1504.15,18.662417896030547,direct_CTD_depth,1001.0,FIO_CTD_Data_Daly_2/Daly_CTD_WB0511/WB0511_PCB14_Cast1.csv,https://data.gulfresearchinitiative.org/data/Y1.x030.000:0007
GRIIDC_Y1x030x0007,GRIIDC_PCB14_cast1_Latitude_28_50.446_Longitude_87_15.985,Gulf of Mexico / West Florida Shelf,global_augmentation,2011-05-06 21:34:00,28.840766666666667,-87.26641666666667,100.0,,19.107550000000003,36.4129,0.79785,3.785375,1522.2223018554164,1510.845,11.377301855416363,direct_CTD_depth,1001.0,FIO_CTD_Data_Daly_2/Daly_CTD_WB0511/WB0511_PCB14_Cast1.csv,https://data.gulfresearchinitiative.org/data/Y1.x030.000:0007
GRIIDC_Y1x030x0007,GRIIDC_PCB14_cast1_Latitude_28_50.446_Longitude_87_15.985,Gulf of Mexico / West Florida Shelf,global_augmentation,2011-05-06 21:34:00,28.840766666666667,-87.26641666666667,150.0,,17.13665,36.269850000000005,0.7398,3.151725,1517.180356030761,1510.01,7.170356030761013,direct_CTD_depth,1001.0,FIO_CTD_Data_Daly_2/Daly_CTD_WB0511/WB0511_PCB14_Cast1.csv,https://data.gulfresearchinitiative.org/data/Y1.x030.000:0007
GRIIDC_Y1x030x0007,GRIIDC_PCB14_cast1_Latitude_28_50.446_Longitude_87_15.985,Gulf of Mexico / West Florida Shelf,global_augmentation,2011-05-06 21:34:00,28.840766666666667,-87.26641666666667,200.0,,14.687850000000001,35.90235,0.7442,2.916455,1510.0415984722306,1510.01,0.03159847223059842,direct_CTD_depth,1001.0,FIO_CTD_Data_Daly_2/Daly_CTD_WB0511/WB0511_PCB14_Cast1.csv,https://data.gulfresearchinitiative.org/data/Y1.x030.000:0007
GRIIDC_Y1x030x0007,GRIIDC_PCB14_cast1_Latitude_28_50.446_Longitude_87_15.985,Gulf of Mexico / West Florida Shelf,global_augmentation,2011-05-06 21:34:00,28.840766666666667,-87.26641666666667,300.0,,11.9438,35.47105,0.73035,2.70907,1502.1104730653587,1507.03,-4.919526934641226,direct_CTD_depth,1001.0,FIO_CTD_Data_Daly_2/Daly_CTD_WB0511/WB0511_PCB14_Cast1.csv,https://data.gulfresearchinitiative.org/data/Y1.x030.000:0007
GRIIDC_Y1x030x0007,GRIIDC_PCB14_cast1_Latitude_28_50.446_Longitude_87_15.985,Gulf of Mexico / West Florida Shelf,global_augmentation,2011-05-06 21:34:00,28.840766666666667,-87.26641666666667,400.0,,9.7029,35.15375,0.6988,2.6623650000000003,1495.4664492978543,1505.4850000000001,-10.01855070214583,direct_CTD_depth,1001.0,FIO_CTD_Data_Daly_2/Daly_CTD_WB0511/WB0511_PCB14_Cast1.csv,https://data.gulfresearchinitiative.org/data/Y1.x030.000:0007
GRIIDC_Y1x030x0007,GRIIDC_PCB14_cast1_Latitude_28_50.446_Longitude_87_15.985,Gulf of Mexico / West Florida Shelf,global_augmentation,2011-05-06 21:34:00,28.840766666666667,-87.26641666666667,500.0,,8.061399999999999,34.97525,0.7150000000000001,2.7466600000000003,1490.807425638348,1503.1,-12.292574361651987,direct_CTD_depth,1001.0,FIO_CTD_Data_Daly_2/Daly_CTD_WB0511/WB0511_PCB14_Cast1.csv,https://data.gulfresearchinitiative.org/data/Y1.x030.000:0007
GRIIDC_Y1x030x0007,GRIIDC_PCB14_cast1_Latitude_28_50.446_Longitude_87_15.985,Gulf of Mexico / West Florida Shelf,global_augmentation,2011-05-06 21:34:00,28.840766666666667,-87.26641666666667,750.0,,6.03255,34.9033,0.68265,3.38477,1486.9711441216746,1499.705,-12.733855878325357,direct_CTD_depth,1001.0,FIO_CTD_Data_Daly_2/Daly_CTD_WB0511/WB0511_PCB14_Cast1.csv,https://data.gulfresearchinitiative.org/data/Y1.x030.000:0007
GRIIDC_Y1x030x0007,GRIIDC_PCB14_cast1_Latitude_28_50.446_Longitude_87_15.985,Gulf of Mexico / West Florida Shelf,global_augmentation,2011-05-06 21:34:00,28.840766666666667,-87.26641666666667,1000.0,,4.9841,34.93385,0.7298,4.05969,1486.9324961084735,1497.79,-10.857503891526449,direct_CTD_depth,1001.0,FIO_CTD_Data_Daly_2/Daly_CTD_WB0511/WB0511_PCB14_Cast1.csv,https://data.gulfresearchinitiative.org/data/Y1.x030.000:0007
GRIIDC_Y1x030x0007,GRIIDC_PCB14_cast_2_Latitude_28_50.446_Longitude_87_15.985,Gulf of Mexico / West Florida Shelf,global_augmentation,2011-05-06 22:34:04,28.840766666666667,-87.26641666666667,1.0,,23.61085,35.5306,4.29015,5.03545,1531.5127300686981,1511.5500000000002,19.962730068697965,direct_CTD_depth,73.0,FIO_CTD_Data_Daly_2/Daly_CTD_WB0511/WB0511_PCB14_Cast2.csv,https://data.gulfresearchinitiative.org/data/Y1.x030.000:0007
GRIIDC_Y1x030x0007,GRIIDC_PCB14_cast_2_Latitude_28_50.446_Longitude_87_15.985,Gulf of Mexico / West Florida Shelf,global_augmentation,2011-05-06 22:34:04,28.840766666666667,-87.26641666666667,2.0,,24.7069,36.3421,0.7242999999999999,5.29006,1535.0836886125799,1511.5500000000002,23.53368861257968,direct_CTD_depth,73.0,FIO_CTD_Data_Daly_2/Daly_CTD_WB0511/WB0511_PCB14_Cast2.csv,https://data.gulfresearchinitiative.org/data/Y1.x030.000:0007
GRIIDC_Y1x030x0007,GRIIDC_PCB14_cast_2_Latitude_28_50.446_Longitude_87_15.985,Gulf of Mexico / West Florida Shelf,global_augmentation,2011-05-06 22:34:04,28.840766666666667,-87.26641666666667,5.0,,24.60295,36.271100000000004,0.60775,4.93113,1534.806420442221,1511.5500000000002,23.256420442220815,direct_CTD_depth,73.0,FIO_CTD_Data_Daly_2/Daly_CTD_WB0511/WB0511_PCB14_Cast2.csv,https://data.gulfresearchinitiative.org/data/Y1.x030.000:0007
GRIIDC_Y1x030x0007,GRIIDC_PCB14_cast_2_Latitude_28_50.446_Longitude_87_15.985,Gulf of Mexico / West Florida Shelf,global_augmentation,2011-05-06 22:34:04,28.840766666666667,-87.26641666666667,10.0,,24.5878,36.2875,0.6291500000000001,4.47722,1534.8694199196973,1511.5500000000002,23.31941991969711,direct_CTD_depth,73.0,FIO_CTD_Data_Daly_2/Daly_CTD_WB0511/WB0511_PCB14_Cast2.csv,https://data.gulfresearchinitiative.org/data/Y1.x030.000:0007
GRIIDC_Y1x030x0007,GRIIDC_PCB14_cast_2_Latitude_28_50.446_Longitude_87_15.985,Gulf of Mexico / West Florida Shelf,global_augmentation,2011-05-06 22:34:04,28.840766666666667,-87.26641666666667,20.0,,24.47025,36.20225,0.65705,3.8956,1534.6569947515186,1511.5500000000002,23.106994751518414,direct_CTD_depth,73.0,FIO_CTD_Data_Daly_2/Daly_CTD_WB0511/WB0511_PCB14_Cast2.csv,https://data.gulfresearchinitiative.org/data/Y1.x030.000:0007
GRIIDC_Y1x030x0007,GRIIDC_PCB14_cast_2_Latitude_28_50.446_Longitude_87_15.985,Gulf of Mexico / West Florida Shelf,global_augmentation,2011-05-06 22:34:04,28.840766666666667,-87.26641666666667,30.0,,24.506549999999997,36.356899999999996,0.6614,4.723655,1535.0758741886023,1511.5500000000002,23.525874188602074,direct_CTD_depth,73.0,FIO_CTD_Data_Daly_2/Daly_CTD_WB0511/WB0511_PCB14_Cast2.csv,https://data.gulfresearchinitiative.org/data/Y1.x030.000:0007
GRIIDC_Y1x030x0007,GRIIDC_PCB14_cast_2_Latitude_28_50.446_Longitude_87_15.985,Gulf of Mexico / West Florida Shelf,global_augmentation,2011-05-06 22:34:04,28.840766666666667,-87.26641666666667,50.0,,22.069,36.425650000000005,0.68225,4.94072,1529.4011269576558,1511.5500000000002,17.85112695765565,direct_CTD_depth,73.0,FIO_CTD_Data_Daly_2/Daly_CTD_WB0511/WB0511_PCB14_Cast2.csv,https://data.gulfresearchinitiative.org/data/Y1.x030.000:0007
GRIIDC_Y1x030x0007,GRIIDC_PP_Latitude_30_15.353_Longitude_87_32.617,Gulf of Mexico / West Florida Shelf,global_augmentation,2010-12-07 18:36:25,30.255883333333333,-87.54361666666667,1.0,,15.0153,23.1438,0.30835,6.34396,1492.6943060400542,1456.35,36.344306040054335,direct_CTD_depth,9.0,FIO_CTD_Data_Daly_2/Daly_CTD_WB1210/WB1210_PP.csv,https://data.gulfresearchinitiative.org/data/Y1.x030.000:0007
GRIIDC_Y1x030x0007,GRIIDC_PP_Latitude_30_15.353_Longitude_87_32.617,Gulf of Mexico / West Florida Shelf,global_augmentation,2010-12-07 18:36:25,30.255883333333333,-87.54361666666667,2.0,,16.17805,32.34285,0.38225,5.800945,1507.269162618413,1456.35,50.91916261841311,direct_CTD_depth,9.0,FIO_CTD_Data_Daly_2/Daly_CTD_WB1210/WB1210_PP.csv,https://data.gulfresearchinitiative.org/data/Y1.x030.000:0007
GRIIDC_Y1x030x0007,GRIIDC_PP_Latitude_30_15.353_Longitude_87_32.617,Gulf of Mexico / West Florida Shelf,global_augmentation,2010-12-07 18:36:25,30.255883333333333,-87.54361666666667,5.0,,16.602249999999998,33.684650000000005,0.4618,5.57899,1510.1904168186393,1456.35,53.84041681863937,direct_CTD_depth,9.0,FIO_CTD_Data_Daly_2/Daly_CTD_WB1210/WB1210_PP.csv,https://data.gulfresearchinitiative.org/data/Y1.x030.000:0007
GRIIDC_Y1x030x0007,GRIIDC_ST03B_cast1_Latitude_27_32.147_Longitude_83_01.556,Gulf of Mexico / West Florida Shelf,global_augmentation,2012-04-29 12:46:32,27.535783333333335,-83.02593333333333,1.0,,24.152,35.2849,0.63615,4.66962,1532.5746914972774,1496.29,36.284691497277436,direct_CTD_depth,15.0,FIO_CTD_Data_Daly_2/Daly_CTD_BE0412/BE0412_ST03B.csv,https://data.gulfresearchinitiative.org/data/Y1.x030.000:0007
GRIIDC_Y1x030x0007,GRIIDC_ST03B_cast1_Latitude_27_32.147_Longitude_83_01.556,Gulf of Mexico / West Florida Shelf,global_augmentation,2012-04-29 12:46:32,27.535783333333335,-83.02593333333333,2.0,,24.150750000000002,28.908499999999997,0.21125,4.038155,1525.6220112328813,1496.29,29.332011232881314,direct_CTD_depth,15.0,FIO_CTD_Data_Daly_2/Daly_CTD_BE0412/BE0412_ST03B.csv,https://data.gulfresearchinitiative.org/data/Y1.x030.000:0007
GRIIDC_Y1x030x0007,GRIIDC_ST03B_cast1_Latitude_27_32.147_Longitude_83_01.556,Gulf of Mexico / West Florida Shelf,global_augmentation,2012-04-29 12:46:32,27.535783333333335,-83.02593333333333,5.0,,24.14965,36.0499,0.38775000000000004,4.66184,1533.4698944067734,1496.29,37.17989440677343,direct_CTD_depth,15.0,FIO_CTD_Data_Daly_2/Daly_CTD_BE0412/BE0412_ST03B.csv,https://data.gulfresearchinitiative.org/data/Y1.x030.000:0007
GRIIDC_Y1x030x0007,GRIIDC_ST03B_cast1_Latitude_27_32.147_Longitude_83_01.556,Gulf of Mexico / West Florida Shelf,global_augmentation,2012-04-29 12:46:32,27.535783333333335,-83.02593333333333,10.0,,23.98705,36.095749999999995,0.37895,4.67459,1533.2048880228006,1496.29,36.914888022800596,direct_CTD_depth,15.0,FIO_CTD_Data_Daly_2/Daly_CTD_BE0412/BE0412_ST03B.csv,https://data.gulfresearchinitiative.org/data/Y1.x030.000:0007
GRIIDC_Y1x030x0007,GRIIDC_ST03_Latitude_27_32.20_Longitude_083_01.58,Gulf of Mexico / West Florida Shelf,global_augmentation,2011-11-02 18:39:09,27.536666666666665,-83.02633333333333,1.0,,22.9478,27.834,1.31615,5.3763749999999995,1521.3506392740571,1490.62,30.73063927405724,direct_CTD_depth,15.0,FIO_CTD_Data_Daly_2/Daly_CTD_WB1111/WB1111_ST03.csv,https://data.gulfresearchinitiative.org/data/Y1.x030.000:0007
GRIIDC_Y1x030x0007,GRIIDC_ST03_Latitude_27_32.20_Longitude_083_01.58,Gulf of Mexico / West Florida Shelf,global_augmentation,2011-11-02 18:39:09,27.536666666666665,-83.02633333333333,2.0,,23.21195,33.983050000000006,0.97855,5.43472,1528.829275490832,1490.62,38.20927549083217,direct_CTD_depth,15.0,FIO_CTD_Data_Daly_2/Daly_CTD_WB1111/WB1111_ST03.csv,https://data.gulfresearchinitiative.org/data/Y1.x030.000:0007
GRIIDC_Y1x030x0007,GRIIDC_ST03_Latitude_27_32.20_Longitude_083_01.58,Gulf of Mexico / West Florida Shelf,global_augmentation,2011-11-02 18:39:09,27.536666666666665,-83.02633333333333,5.0,,23.280549999999998,35.6513,0.87755,4.801875,1530.8884411673394,1490.62,40.26844116733946,direct_CTD_depth,15.0,FIO_CTD_Data_Daly_2/Daly_CTD_WB1111/WB1111_ST03.csv,https://data.gulfresearchinitiative.org/data/Y1.x030.000:0007
GRIIDC_Y1x030x0007,GRIIDC_ST03_Latitude_27_32.20_Longitude_083_01.58,Gulf of Mexico / West Florida Shelf,global_augmentation,2011-11-02 18:39:09,27.536666666666665,-83.02633333333333,10.0,,23.240299999999998,35.66645,0.89435,4.801905,1530.8859325461617,1490.62,40.26593254616182,direct_CTD_depth,15.0,FIO_CTD_Data_Daly_2/Daly_CTD_WB1111/WB1111_ST03.csv,https://data.gulfresearchinitiative.org/data/Y1.x030.000:0007
GRIIDC_Y1x030x0007,GRIIDC_ST03_cast1_Latitude_27_31.984_Longitude_83_01.504,Gulf of Mexico / West Florida Shelf,global_augmentation,2012-04-25 17:17:31,27.533066666666667,-83.02506666666666,1.0,,25.5943,4.50405,24.709850000000003,1.42153,1502.8509483025232,1502.15,0.700948302523102,direct_CTD_depth,17.0,FIO_CTD_Data_Daly_2/Daly_CTD_BE0412/BE0412_ST03.csv,https://data.gulfresearchinitiative.org/data/Y1.x030.000:0007
GRIIDC_Y1x030x0007,GRIIDC_ST03_cast1_Latitude_27_31.984_Longitude_83_01.504,Gulf of Mexico / West Florida Shelf,global_augmentation,2012-04-25 17:17:31,27.533066666666667,-83.02506666666666,2.0,,23.040399999999998,5.26895,24.70995,2.9711749999999997,1496.6997540343411,1502.15,-5.450245965658951,direct_CTD_depth,17.0,FIO_CTD_Data_Daly_2/Daly_CTD_BE0412/BE0412_ST03.csv,https://data.gulfresearchinitiative.org/data/Y1.x030.000:0007
GRIIDC_Y1x030x0007,GRIIDC_ST03_cast1_Latitude_27_31.984_Longitude_83_01.504,Gulf of Mexico / West Florida Shelf,global_augmentation,2012-04-25 17:17:31,27.533066666666667,-83.02506666666666,5.0,,23.6744,8.43075,24.70995,2.4922750000000002,1501.9975828960523,1502.15,-0.1524171039477551,direct_CTD_depth,17.0,FIO_CTD_Data_Daly_2/Daly_CTD_BE0412/BE0412_ST03.csv,https://data.gulfresearchinitiative.org/data/Y1.x030.000:0007
GRIIDC_Y1x030x0007,GRIIDC_ST03_cast1_Latitude_27_31.984_Longitude_83_01.504,Gulf of Mexico / West Florida Shelf,global_augmentation,2012-04-25 17:17:31,27.533066666666667,-83.02506666666666,10.0,,23.70345,11.0015,24.70955,2.506485,1504.9791997860218,1502.15,2.829199786021718,direct_CTD_depth,17.0,FIO_CTD_Data_Daly_2/Daly_CTD_BE0412/BE0412_ST03.csv,https://data.gulfresearchinitiative.org/data/Y1.x030.000:0007
GRIIDC_Y1x030x0007,GRIIDC_ST03_cast1_Latitude_27_32.135_Longitude_83_01.482,Gulf of Mexico / West Florida Shelf,global_augmentation,2012-07-01 14:15:20,27.535583333333335,-83.0247,1.0,,28.374299999999998,36.04135,1.3787,3.869235,1543.0559130598497,1503.87,39.18591305984978,direct_CTD_depth,15.0,FIO_CTD_Data_Daly_2/Daly_CTD_BE0612/BE0612_ST03.csv,https://data.gulfresearchinitiative.org/data/Y1.x030.000:0007
GRIIDC_Y1x030x0007,GRIIDC_ST03_cast1_Latitude_27_32.135_Longitude_83_01.482,Gulf of Mexico / West Florida Shelf,global_augmentation,2012-07-01 14:15:20,27.535583333333335,-83.0247,2.0,,28.4067,36.158,1.3121,4.54246,1543.2639835330745,1503.87,39.39398353307456,direct_CTD_depth,15.0,FIO_CTD_Data_Daly_2/Daly_CTD_BE0612/BE0612_ST03.csv,https://data.gulfresearchinitiative.org/data/Y1.x030.000:0007
GRIIDC_Y1x030x0007,GRIIDC_ST03_cast1_Latitude_27_32.135_Longitude_83_01.482,Gulf of Mexico / West Florida Shelf,global_augmentation,2012-07-01 14:15:20,27.535583333333335,-83.0247,5.0,,28.2853,36.155550000000005,1.4081000000000001,4.404425,1543.049979669292,1503.87,39.17997966929215,direct_CTD_depth,15.0,FIO_CTD_Data_Daly_2/Daly_CTD_BE0612/BE0612_ST03.csv,https://data.gulfresearchinitiative.org/data/Y1.x030.000:0007
GRIIDC_Y1x030x0007,GRIIDC_ST03_cast1_Latitude_27_32.135_Longitude_83_01.482,Gulf of Mexico / West Florida Shelf,global_augmentation,2012-07-01 14:15:20,27.535583333333335,-83.0247,10.0,,27.735750000000003,36.12245,1.1065999999999998,4.02248,1541.9058923001137,1503.87,38.0358923001138,direct_CTD_depth,15.0,FIO_CTD_Data_Daly_2/Daly_CTD_BE0612/BE0612_ST03.csv,https://data.gulfresearchinitiative.org/data/Y1.x030.000:0007
GRIIDC_Y1x030x0007,GRIIDC_ST03_cast1_Latitude_27_32.18_Longitude_083_01.62,Gulf of Mexico / West Florida Shelf,global_augmentation,2011-06-25 16:41:26,27.53633333333333,-83.027,1.0,,30.4188,36.215199999999996,0.45975,4.35256,1547.4824038087827,1547.61,-0.1275961912172079,direct_CTD_depth,15.0,FIO_CTD_Data_Daly_2/Daly_CTD_WB0611/WB0611_ST03.csv,https://data.gulfresearchinitiative.org/data/Y1.x030.000:0007
GRIIDC_Y1x030x0007,GRIIDC_ST03_cast1_Latitude_27_32.18_Longitude_083_01.62,Gulf of Mexico / West Florida Shelf,global_augmentation,2011-06-25 16:41:26,27.53633333333333,-83.027,2.0,,30.4755,36.1906,0.44079999999999997,4.367,1547.5873316479654,1547.61,-0.022668352034543204,direct_CTD_depth,15.0,FIO_CTD_Data_Daly_2/Daly_CTD_WB0611/WB0611_ST03.csv,https://data.gulfresearchinitiative.org/data/Y1.x030.000:0007
GRIIDC_Y1x030x0007,GRIIDC_ST03_cast1_Latitude_27_32.18_Longitude_083_01.62,Gulf of Mexico / West Florida Shelf,global_augmentation,2011-06-25 16:41:26,27.53633333333333,-83.027,5.0,,30.2748,36.17,0.43805000000000005,4.350210000000001,1547.2108712928355,1547.61,-0.3991287071644365,direct_CTD_depth,15.0,FIO_CTD_Data_Daly_2/Daly_CTD_WB0611/WB0611_ST03.csv,https://data.gulfresearchinitiative.org/data/Y1.x030.000:0007
GRIIDC_Y1x030x0007,GRIIDC_ST03_cast1_Latitude_27_32.18_Longitude_083_01.62,Gulf of Mexico / West Florida Shelf,global_augmentation,2011-06-25 16:41:26,27.53633333333333,-83.027,10.0,,30.193649999999998,36.168549999999996,0.4427,4.36786,1547.126740239712,1547.61,-0.483259760287865,direct_CTD_depth,15.0,FIO_CTD_Data_Daly_2/Daly_CTD_WB0611/WB0611_ST03.csv,https://data.gulfresearchinitiative.org/data/Y1.x030.000:0007
GRIIDC_Y1x030x0007,GRIIDC_ST06_Latitude_27_28.29_Longitude_083_19.58,Gulf of Mexico / West Florida Shelf,global_augmentation,2011-11-03 00:01:42,27.4715,-83.32633333333334,1.0,,23.2498,20.8739,1.2794,5.29137,1514.4661982349219,1488.56,25.90619823492193,direct_CTD_depth,35.0,FIO_CTD_Data_Daly_2/Daly_CTD_WB1111/WB1111_ST06.csv,https://data.gulfresearchinitiative.org/data/Y1.x030.000:0007
GRIIDC_Y1x030x0007,GRIIDC_ST06_Latitude_27_28.29_Longitude_083_19.58,Gulf of Mexico / West Florida Shelf,global_augmentation,2011-11-03 00:01:42,27.4715,-83.32633333333334,2.0,,24.51845,35.421049999999994,0.9974000000000001,4.51802,1533.6290943010058,1500.28,33.349094301005834,direct_CTD_depth,35.0,FIO_CTD_Data_Daly_2/Daly_CTD_WB1111/WB1111_ST06.csv,https://data.gulfresearchinitiative.org/data/Y1.x030.000:0007
GRIIDC_Y1x030x0007,GRIIDC_ST06_Latitude_27_28.29_Longitude_083_19.58,Gulf of Mexico / West Florida Shelf,global_augmentation,2011-11-03 00:01:42,27.4715,-83.32633333333334,5.0,,24.61,36.480000000000004,0.9541999999999999,4.611585,1535.0505634094732,1500.28,34.7705634094732,direct_CTD_depth,35.0,FIO_CTD_Data_Daly_2/Daly_CTD_WB1111/WB1111_ST06.csv,https://data.gulfresearchinitiative.org/data/Y1.x030.000:0007
GRIIDC_Y1x030x0007,GRIIDC_ST06_Latitude_27_28.29_Longitude_083_19.58,Gulf of Mexico / West Florida Shelf,global_augmentation,2011-11-03 00:01:42,27.4715,-83.32633333333334,10.0,,24.61125,36.48035,0.9352,4.627470000000001,1535.1354522915337,1500.28,34.855452291533766,direct_CTD_depth,35.0,FIO_CTD_Data_Daly_2/Daly_CTD_WB1111/WB1111_ST06.csv,https://data.gulfresearchinitiative.org/data/Y1.x030.000:0007
GRIIDC_Y1x030x0007,GRIIDC_ST06_Latitude_27_28.29_Longitude_083_19.58,Gulf of Mexico / West Florida Shelf,global_augmentation,2011-11-03 00:01:42,27.4715,-83.32633333333334,20.0,,24.61475,36.48035,0.9546,4.6349149999999995,1535.3068895734145,1500.28,35.026889573414564,direct_CTD_depth,35.0,FIO_CTD_Data_Daly_2/Daly_CTD_WB1111/WB1111_ST06.csv,https://data.gulfresearchinitiative.org/data/Y1.x030.000:0007
GRIIDC_Y1x030x0007,GRIIDC_ST06_Latitude_27_28.29_Longitude_083_19.58,Gulf of Mexico / West Florida Shelf,global_augmentation,2011-11-03 00:01:42,27.4715,-83.32633333333334,30.0,,24.597250000000003,36.4807,0.9723999999999999,4.625615,1535.42840927177,1512.0,23.42840927177008,direct_CTD_depth,35.0,FIO_CTD_Data_Daly_2/Daly_CTD_WB1111/WB1111_ST06.csv,https://data.gulfresearchinitiative.org/data/Y1.x030.000:0007
GRIIDC_Y1x030x0007,GRIIDC_ST06_cast1_Latitude_27_28.287_Longitude_83_18.745,Gulf of Mexico / West Florida Shelf,global_augmentation,2012-07-01 10:19:42,27.47145,-83.31241666666666,1.0,,27.9222,35.9302,0.7679499999999999,3.58896,1541.9628509949164,1512.2350000000001,29.727850994916253,direct_CTD_depth,30.0,FIO_CTD_Data_Daly_2/Daly_CTD_BE0612/BE0612_ST06.csv,https://data.gulfresearchinitiative.org/data/Y1.x030.000:0007
GRIIDC_Y1x030x0007,GRIIDC_ST06_cast1_Latitude_27_28.287_Longitude_83_18.745,Gulf of Mexico / West Florida Shelf,global_augmentation,2012-07-01 10:19:42,27.47145,-83.31241666666666,2.0,,27.929000000000002,35.9427,0.5903499999999999,4.176765,1542.007109824963,1512.2350000000001,29.772109824962854,direct_CTD_depth,30.0,FIO_CTD_Data_Daly_2/Daly_CTD_BE0612/BE0612_ST06.csv,https://data.gulfresearchinitiative.org/data/Y1.x030.000:0007
GRIIDC_Y1x030x0007,GRIIDC_ST06_cast1_Latitude_27_28.287_Longitude_83_18.745,Gulf of Mexico / West Florida Shelf,global_augmentation,2012-07-01 10:19:42,27.47145,-83.31241666666666,5.0,,27.7911,36.319649999999996,0.6583,4.12327,1542.1533003796499,1512.2350000000001,29.918300379649736,direct_CTD_depth,30.0,FIO_CTD_Data_Daly_2/Daly_CTD_BE0612/BE0612_ST06.csv,https://data.gulfresearchinitiative.org/data/Y1.x030.000:0007
GRIIDC_Y1x030x0007,GRIIDC_ST06_cast1_Latitude_27_28.287_Longitude_83_18.745,Gulf of Mexico / West Florida Shelf,global_augmentation,2012-07-01 10:19:42,27.47145,-83.31241666666666,10.0,,27.5715,36.30565,0.7072499999999999,4.184559999999999,1541.7397946317062,1512.2350000000001,29.50479463170609,direct_CTD_depth,30.0,FIO_CTD_Data_Daly_2/Daly_CTD_BE0612/BE0612_ST06.csv,https://data.gulfresearchinitiative.org/data/Y1.x030.000:0007
GRIIDC_Y1x030x0007,GRIIDC_ST06_cast1_Latitude_27_28.287_Longitude_83_18.745,Gulf of Mexico / West Florida Shelf,global_augmentation,2012-07-01 10:19:42,27.47145,-83.31241666666666,20.0,,27.2044,36.30605,0.71755,4.15527,1541.0932511525912,1516.705,24.388251152591238,direct_CTD_depth,30.0,FIO_CTD_Data_Daly_2/Daly_CTD_BE0612/BE0612_ST06.csv,https://data.gulfresearchinitiative.org/data/Y1.x030.000:0007
GRIIDC_Y1x030x0007,GRIIDC_ST06_cast1_Latitude_27_28.287_Longitude_83_18.745,Gulf of Mexico / West Florida Shelf,global_augmentation,2012-07-01 10:19:42,27.47145,-83.31241666666666,30.0,,27.0746,36.2867,0.7855,3.84851,1540.9472003866147,1521.92,19.027200386614595,direct_CTD_depth,30.0,FIO_CTD_Data_Daly_2/Daly_CTD_BE0612/BE0612_ST06.csv,https://data.gulfresearchinitiative.org/data/Y1.x030.000:0007
GRIIDC_Y1x030x0007,GRIIDC_ST06_cast1_Latitude_27_28.28_Longitude_083_18.81,Gulf of Mexico / West Florida Shelf,global_augmentation,2011-06-25 20:13:36,27.471333333333334,-83.3135,1.0,,30.044,36.3339,0.57345,4.3192699999999995,1546.8468705479374,1545.9850000000001,0.8618705479373148,direct_CTD_depth,31.0,FIO_CTD_Data_Daly_2/Daly_CTD_WB0611/WB0611_ST06.csv,https://data.gulfresearchinitiative.org/data/Y1.x030.000:0007
GRIIDC_Y1x030x0007,GRIIDC_ST06_cast1_Latitude_27_28.28_Longitude_083_18.81,Gulf of Mexico / West Florida Shelf,global_augmentation,2011-06-25 20:13:36,27.471333333333334,-83.3135,2.0,,29.99115,36.3542,0.37975000000000003,4.1962,1546.7765937487452,1545.9850000000001,0.7915937487450719,direct_CTD_depth,31.0,FIO_CTD_Data_Daly_2/Daly_CTD_WB0611/WB0611_ST06.csv,https://data.gulfresearchinitiative.org/data/Y1.x030.000:0007
GRIIDC_Y1x030x0007,GRIIDC_ST06_cast1_Latitude_27_28.28_Longitude_083_18.81,Gulf of Mexico / West Florida Shelf,global_augmentation,2011-06-25 20:13:36,27.471333333333334,-83.3135,5.0,,29.758000000000003,36.37155,0.4012,4.347505,1546.366975008935,1545.9850000000001,0.38197500893488723,direct_CTD_depth,31.0,FIO_CTD_Data_Daly_2/Daly_CTD_WB0611/WB0611_ST06.csv,https://data.gulfresearchinitiative.org/data/Y1.x030.000:0007
GRIIDC_Y1x030x0007,GRIIDC_ST06_cast1_Latitude_27_28.28_Longitude_083_18.81,Gulf of Mexico / West Florida Shelf,global_augmentation,2011-06-25 20:13:36,27.471333333333334,-83.3135,10.0,,29.58605,36.382450000000006,0.40205,4.377095000000001,1546.1061941059552,1545.9850000000001,0.12119410595505542,direct_CTD_depth,31.0,FIO_CTD_Data_Daly_2/Daly_CTD_WB0611/WB0611_ST06.csv,https://data.gulfresearchinitiative.org/data/Y1.x030.000:0007
GRIIDC_Y1x030x0007,GRIIDC_ST06_cast1_Latitude_27_28.28_Longitude_083_18.81,Gulf of Mexico / West Florida Shelf,global_augmentation,2011-06-25 20:13:36,27.471333333333334,-83.3135,20.0,,27.854,36.37435,0.4096,4.616785,1542.5925004205799,1545.9850000000001,-3.392499579420246,direct_CTD_depth,31.0,FIO_CTD_Data_Daly_2/Daly_CTD_WB0611/WB0611_ST06.csv,https://data.gulfresearchinitiative.org/data/Y1.x030.000:0007
GRIIDC_Y1x030x0007,GRIIDC_ST06_cast1_Latitude_27_28.28_Longitude_083_18.81,Gulf of Mexico / West Florida Shelf,global_augmentation,2011-06-25 20:13:36,27.471333333333334,-83.3135,30.0,,24.8306,36.2747,0.43115000000000003,4.65193,1535.7623116764432,1544.91,-9.14768832355685,direct_CTD_depth,31.0,FIO_CTD_Data_Daly_2/Daly_CTD_WB0611/WB0611_ST06.csv,https://data.gulfresearchinitiative.org/data/Y1.x030.000:0007
GRIIDC_Y1x030x0007,GRIIDC_ST06_cast1_Latitude_27_28.483_Longitude_83_18.662,Gulf of Mexico / West Florida Shelf,global_augmentation,2012-04-25 21:31:02,27.474716666666666,-83.31103333333333,1.0,,23.6083,36.3042,0.4011,4.78186,1532.3558353961457,1514.17,18.18583539614565,direct_CTD_depth,33.0,FIO_CTD_Data_Daly_2/Daly_CTD_BE0412/BE0412_ST06.csv,https://data.gulfresearchinitiative.org/data/Y1.x030.000:0007
GRIIDC_Y1x030x0007,GRIIDC_ST06_cast1_Latitude_27_28.483_Longitude_83_18.662,Gulf of Mexico / West Florida Shelf,global_augmentation,2012-04-25 21:31:02,27.474716666666666,-83.31103333333333,2.0,,22.7417,39.00345,0.3863,4.394299999999999,1533.1918854662574,1505.135,28.056885466257427,direct_CTD_depth,33.0,FIO_CTD_Data_Daly_2/Daly_CTD_BE0412/BE0412_ST06.csv,https://data.gulfresearchinitiative.org/data/Y1.x030.000:0007
GRIIDC_Y1x030x0007,GRIIDC_ST06_cast1_Latitude_27_28.483_Longitude_83_18.662,Gulf of Mexico / West Florida Shelf,global_augmentation,2012-04-25 21:31:02,27.474716666666666,-83.31103333333333,5.0,,23.48605,36.30735,0.39625,4.730755,1532.1219771658273,1505.135,26.986977165827284,direct_CTD_depth,33.0,FIO_CTD_Data_Daly_2/Daly_CTD_BE0412/BE0412_ST06.csv,https://data.gulfresearchinitiative.org/data/Y1.x030.000:0007
GRIIDC_Y1x030x0007,GRIIDC_ST06_cast1_Latitude_27_28.483_Longitude_83_18.662,Gulf of Mexico / West Florida Shelf,global_augmentation,2012-04-25 21:31:02,27.474716666666666,-83.31103333333333,10.0,,23.44995,36.3066,0.405,4.76285,1532.1131241216476,1505.135,26.978124121647625,direct_CTD_depth,33.0,FIO_CTD_Data_Daly_2/Daly_CTD_BE0412/BE0412_ST06.csv,https://data.gulfresearchinitiative.org/data/Y1.x030.000:0007
GRIIDC_Y1x030x0007,GRIIDC_ST06_cast1_Latitude_27_28.483_Longitude_83_18.662,Gulf of Mexico / West Florida Shelf,global_augmentation,2012-04-25 21:31:02,27.474716666666666,-83.31103333333333,20.0,,23.40625,36.307,0.4124,4.768610000000001,1532.1680956518628,1509.435,22.733095651862868,direct_CTD_depth,33.0,FIO_CTD_Data_Daly_2/Daly_CTD_BE0412/BE0412_ST06.csv,https://data.gulfresearchinitiative.org/data/Y1.x030.000:0007
GRIIDC_Y1x030x0007,GRIIDC_ST06_cast1_Latitude_27_28.483_Longitude_83_18.662,Gulf of Mexico / West Florida Shelf,global_augmentation,2012-04-25 21:31:02,27.474716666666666,-83.31103333333333,30.0,,23.38055,36.305949999999996,0.47814999999999996,4.772930000000001,1532.2661390770588,1514.17,18.09613907705875,direct_CTD_depth,33.0,FIO_CTD_Data_Daly_2/Daly_CTD_BE0412/BE0412_ST06.csv,https://data.gulfresearchinitiative.org/data/Y1.x030.000:0007
GRIIDC_Y1x030x0007,GRIIDC_ST12_Latitude_27_21.21_Longitude_083_52.69,Gulf of Mexico / West Florida Shelf,global_augmentation,2011-11-03 10:26:18,27.3535,-83.87816666666667,1.0,,22.8804,14.6057,2.7122,5.92351,1506.551315541572,1485.61,20.941315541572067,direct_CTD_depth,58.0,FIO_CTD_Data_Daly_2/Daly_CTD_WB1111/WB1111_ST12.csv,https://data.gulfresearchinitiative.org/data/Y1.x030.000:0007
GRIIDC_Y1x030x0007,GRIIDC_ST12_Latitude_27_21.21_Longitude_083_52.69,Gulf of Mexico / West Florida Shelf,global_augmentation,2011-11-03 10:26:18,27.3535,-83.87816666666667,2.0,,25.28405,33.9979,1.119,5.0465599999999995,1533.9182406536888,1498.5349999999999,35.38324065368897,direct_CTD_depth,58.0,FIO_CTD_Data_Daly_2/Daly_CTD_WB1111/WB1111_ST12.csv,https://data.gulfresearchinitiative.org/data/Y1.x030.000:0007
GRIIDC_Y1x030x0007,GRIIDC_ST12_Latitude_27_21.21_Longitude_083_52.69,Gulf of Mexico / West Florida Shelf,global_augmentation,2011-11-03 10:26:18,27.3535,-83.87816666666667,5.0,,25.550400000000003,36.1465,0.8861,4.531585,1536.913518352946,1498.5349999999999,38.37851835294623,direct_CTD_depth,58.0,FIO_CTD_Data_Daly_2/Daly_CTD_WB1111/WB1111_ST12.csv,https://data.gulfresearchinitiative.org/data/Y1.x030.000:0007
GRIIDC_Y1x030x0007,GRIIDC_ST12_Latitude_27_21.21_Longitude_083_52.69,Gulf of Mexico / West Florida Shelf,global_augmentation,2011-11-03 10:26:18,27.3535,-83.87816666666667,10.0,,25.550400000000003,36.14605,0.8725,4.531135,1536.9945457507058,1498.5349999999999,38.459545750705956,direct_CTD_depth,58.0,FIO_CTD_Data_Daly_2/Daly_CTD_WB1111/WB1111_ST12.csv,https://data.gulfresearchinitiative.org/data/Y1.x030.000:0007
GRIIDC_Y1x030x0007,GRIIDC_ST12_Latitude_27_21.21_Longitude_083_52.69,Gulf of Mexico / West Florida Shelf,global_augmentation,2011-11-03 10:26:18,27.3535,-83.87816666666667,20.0,,25.55245,36.144999999999996,0.87905,4.53418,1537.1612480392878,1498.5349999999999,38.62624803928793,direct_CTD_depth,58.0,FIO_CTD_Data_Daly_2/Daly_CTD_WB1111/WB1111_ST12.csv,https://data.gulfresearchinitiative.org/data/Y1.x030.000:0007
GRIIDC_Y1x030x0007,GRIIDC_ST12_Latitude_27_21.21_Longitude_083_52.69,Gulf of Mexico / West Florida Shelf,global_augmentation,2011-11-03 10:26:18,27.3535,-83.87816666666667,30.0,,25.5439,36.1422,0.8717999999999999,4.535304999999999,1537.3013570847043,1511.46,25.841357084704214,direct_CTD_depth,58.0,FIO_CTD_Data_Daly_2/Daly_CTD_WB1111/WB1111_ST12.csv,https://data.gulfresearchinitiative.org/data/Y1.x030.000:0007
GRIIDC_Y1x030x0007,GRIIDC_ST12_Latitude_27_21.21_Longitude_083_52.69,Gulf of Mexico / West Florida Shelf,global_augmentation,2011-11-03 10:26:18,27.3535,-83.87816666666667,50.0,,24.287,36.28215,0.944,4.053455,1534.7908123615225,1511.46,23.330812361522476,direct_CTD_depth,58.0,FIO_CTD_Data_Daly_2/Daly_CTD_WB1111/WB1111_ST12.csv,https://data.gulfresearchinitiative.org/data/Y1.x030.000:0007
GRIIDC_Y1x030x0007,GRIIDC_ST12_cast1_Latitude_27_19.687_Longitude_83_53.033,Gulf of Mexico / West Florida Shelf,global_augmentation,2012-04-26 03:26:20,27.328116666666666,-83.88388333333333,1.0,,23.680500000000002,31.38515,0.5086,4.77088,1527.1364457933114,1494.8400000000001,32.29644579331125,direct_CTD_depth,57.0,FIO_CTD_Data_Daly_2/Daly_CTD_BE0412/BE0412_ST12.csv,https://data.gulfresearchinitiative.org/data/Y1.x030.000:0007
GRIIDC_Y1x030x0007,GRIIDC_ST12_cast1_Latitude_27_19.687_Longitude_83_53.033,Gulf of Mexico / West Florida Shelf,global_augmentation,2012-04-26 03:26:20,27.328116666666666,-83.88388333333333,2.0,,23.6495,34.1218,0.21989999999999998,4.26759,1530.0784609082737,1494.8400000000001,35.23846090827351,direct_CTD_depth,57.0,FIO_CTD_Data_Daly_2/Daly_CTD_BE0412/BE0412_ST12.csv,https://data.gulfresearchinitiative.org/data/Y1.x030.000:0007
GRIIDC_Y1x030x0007,GRIIDC_ST12_cast1_Latitude_27_19.687_Longitude_83_53.033,Gulf of Mexico / West Florida Shelf,global_augmentation,2012-04-26 03:26:20,27.328116666666666,-83.88388333333333,5.0,,23.6543,36.3617,0.3234,4.76236,1532.5977011646157,1494.8400000000001,37.75770116461558,direct_CTD_depth,57.0,FIO_CTD_Data_Daly_2/Daly_CTD_BE0412/BE0412_ST12.csv,https://data.gulfresearchinitiative.org/data/Y1.x030.000:0007
GRIIDC_Y1x030x0007,GRIIDC_ST12_cast1_Latitude_27_19.687_Longitude_83_53.033,Gulf of Mexico / West Florida Shelf,global_augmentation,2012-04-26 03:26:20,27.328116666666666,-83.88388333333333,10.0,,23.49105,36.35275,0.32530000000000003,4.77217,1532.2657884713003,1494.8400000000001,37.425788471300166,direct_CTD_depth,57.0,FIO_CTD_Data_Daly_2/Daly_CTD_BE0412/BE0412_ST12.csv,https://data.gulfresearchinitiative.org/data/Y1.x030.000:0007
GRIIDC_Y1x030x0007,GRIIDC_ST12_cast1_Latitude_27_19.687_Longitude_83_53.033,Gulf of Mexico / West Florida Shelf,global_augmentation,2012-04-26 03:26:20,27.328116666666666,-83.88388333333333,20.0,,23.451300000000003,36.3521,0.3226,4.790565,1532.3295573501737,1501.0549999999998,31.274557350173836,direct_CTD_depth,57.0,FIO_CTD_Data_Daly_2/Daly_CTD_BE0412/BE0412_ST12.csv,https://data.gulfresearchinitiative.org/data/Y1.x030.000:0007
GRIIDC_Y1x030x0007,GRIIDC_ST12_cast1_Latitude_27_19.687_Longitude_83_53.033,Gulf of Mexico / West Florida Shelf,global_augmentation,2012-04-26 03:26:20,27.328116666666666,-83.88388333333333,30.0,,23.4221,36.3493,0.3187,4.801489999999999,1532.41708156496,1510.02,22.39708156495999,direct_CTD_depth,57.0,FIO_CTD_Data_Daly_2/Daly_CTD_BE0412/BE0412_ST12.csv,https://data.gulfresearchinitiative.org/data/Y1.x030.000:0007
GRIIDC_Y1x030x0007,GRIIDC_ST12_cast1_Latitude_27_19.687_Longitude_83_53.033,Gulf of Mexico / West Florida Shelf,global_augmentation,2012-04-26 03:26:20,27.328116666666666,-83.88388333333333,50.0,,21.944200000000002,36.342349999999996,0.37805,4.953984999999999,1528.9854039010422,1518.0,10.985403901042218,direct_CTD_depth,57.0,FIO_CTD_Data_Daly_2/Daly_CTD_BE0412/BE0412_ST12.csv,https://data.gulfresearchinitiative.org/data/Y1.x030.000:0007
GRIIDC_Y1x030x0007,GRIIDC_ST12_cast1_Latitude_27_19.952_Longitude_83_52.987,Gulf of Mexico / West Florida Shelf,global_augmentation,2012-07-01 02:22:51,27.332533333333334,-83.88311666666667,1.0,,28.333550000000002,27.51465,0.34740000000000004,2.5570150000000003,1534.0190364913835,1520.13,13.889036491383422,direct_CTD_depth,55.0,FIO_CTD_Data_Daly_2/Daly_CTD_BE0612/BE0612_ST12.csv,https://data.gulfresearchinitiative.org/data/Y1.x030.000:0007
GRIIDC_Y1x030x0007,GRIIDC_ST12_cast1_Latitude_27_19.952_Longitude_83_52.987,Gulf of Mexico / West Florida Shelf,global_augmentation,2012-07-01 02:22:51,27.332533333333334,-83.88311666666667,2.0,,28.244549999999997,38.84525,0.30625,4.325255,1545.7389840738983,1520.13,25.608984073898228,direct_CTD_depth,55.0,FIO_CTD_Data_Daly_2/Daly_CTD_BE0612/BE0612_ST12.csv,https://data.gulfresearchinitiative.org/data/Y1.x030.000:0007
GRIIDC_Y1x030x0007,GRIIDC_ST12_cast1_Latitude_27_19.952_Longitude_83_52.987,Gulf of Mexico / West Florida Shelf,global_augmentation,2012-07-01 02:22:51,27.332533333333334,-83.88311666666667,5.0,,27.642699999999998,36.016149999999996,0.31395,4.076325,1541.5084388361186,1520.13,21.37843883611845,direct_CTD_depth,55.0,FIO_CTD_Data_Daly_2/Daly_CTD_BE0612/BE0612_ST12.csv,https://data.gulfresearchinitiative.org/data/Y1.x030.000:0007
GRIIDC_Y1x030x0007,GRIIDC_ST12_cast1_Latitude_27_19.952_Longitude_83_52.987,Gulf of Mexico / West Florida Shelf,global_augmentation,2012-07-01 02:22:51,27.332533333333334,-83.88311666666667,10.0,,27.26545,35.995450000000005,0.31285,4.103260000000001,1540.7361363530795,1520.13,20.606136353079364,direct_CTD_depth,55.0,FIO_CTD_Data_Daly_2/Daly_CTD_BE0612/BE0612_ST12.csv,https://data.gulfresearchinitiative.org/data/Y1.x030.000:0007
GRIIDC_Y1x030x0007,GRIIDC_ST12_cast1_Latitude_27_19.952_Longitude_83_52.987,Gulf of Mexico / West Florida Shelf,global_augmentation,2012-07-01 02:22:51,27.332533333333334,-83.88311666666667,20.0,,27.00735,35.97815,0.30735,4.09816,1540.3061018638712,1524.19,16.11610186387111,direct_CTD_depth,55.0,FIO_CTD_Data_Daly_2/Daly_CTD_BE0612/BE0612_ST12.csv,https://data.gulfresearchinitiative.org/data/Y1.x030.000:0007
GRIIDC_Y1x030x0007,GRIIDC_ST12_cast1_Latitude_27_19.952_Longitude_83_52.987,Gulf of Mexico / West Florida Shelf,global_augmentation,2012-07-01 02:22:51,27.332533333333334,-83.88311666666667,30.0,,26.909950000000002,35.964150000000004,0.3076,4.10858,1540.2362271540217,1528.29,11.946227154021699,direct_CTD_depth,55.0,FIO_CTD_Data_Daly_2/Daly_CTD_BE0612/BE0612_ST12.csv,https://data.gulfresearchinitiative.org/data/Y1.x030.000:0007
GRIIDC_Y1x030x0007,GRIIDC_ST12_cast1_Latitude_27_19.952_Longitude_83_52.987,Gulf of Mexico / West Florida Shelf,global_augmentation,2012-07-01 02:22:51,27.332533333333334,-83.88311666666667,50.0,,23.9247,36.3511,0.35109999999999997,4.400845,1533.9842518703983,1528.29,5.694251870398375,direct_CTD_depth,55.0,FIO_CTD_Data_Daly_2/Daly_CTD_BE0612/BE0612_ST12.csv,https://data.gulfresearchinitiative.org/data/Y1.x030.000:0007
GRIIDC_Y1x030x0007,GRIIDC_ST12_cast1_Latitude_27_20.14_Longitude_083_53.12,Gulf of Mexico / West Florida Shelf,global_augmentation,2011-06-26 01:51:42,27.33566666666667,-83.88533333333334,1.0,,29.6598,36.3877,0.4305,4.58766,1546.1167971101877,1546.34,-0.22320288981222802,direct_CTD_depth,59.0,FIO_CTD_Data_Daly_2/Daly_CTD_WB0611/WB0611_ST12.csv,https://data.gulfresearchinitiative.org/data/Y1.x030.000:0007
GRIIDC_Y1x030x0007,GRIIDC_ST12_cast1_Latitude_27_20.14_Longitude_083_53.12,Gulf of Mexico / West Florida Shelf,global_augmentation,2011-06-26 01:51:42,27.33566666666667,-83.88533333333334,2.0,,29.6522,36.3466,0.3842,3.63601,1546.0748803793676,1546.34,-0.26511962063227656,direct_CTD_depth,59.0,FIO_CTD_Data_Daly_2/Daly_CTD_WB0611/WB0611_ST12.csv,https://data.gulfresearchinitiative.org/data/Y1.x030.000:0007
GRIIDC_Y1x030x0007,GRIIDC_ST12_cast1_Latitude_27_20.14_Longitude_083_53.12,Gulf of Mexico / West Florida Shelf,global_augmentation,2011-06-26 01:51:42,27.33566666666667,-83.88533333333334,5.0,,29.5112,36.3214,0.3849,7.20862,1545.8068400095844,1546.34,-0.53315999041547,direct_CTD_depth,59.0,FIO_CTD_Data_Daly_2/Daly_CTD_WB0611/WB0611_ST12.csv,https://data.gulfresearchinitiative.org/data/Y1.x030.000:0007
GRIIDC_Y1x030x0007,GRIIDC_ST12_cast1_Latitude_27_20.14_Longitude_083_53.12,Gulf of Mexico / West Florida Shelf,global_augmentation,2011-06-26 01:51:42,27.33566666666667,-83.88533333333334,10.0,,29.14675,36.4451,0.3941,5.587985,1545.2595096474172,1541.425,3.834509647417235,direct_CTD_depth,59.0,FIO_CTD_Data_Daly_2/Daly_CTD_WB0611/WB0611_ST12.csv,https://data.gulfresearchinitiative.org/data/Y1.x030.000:0007
GRIIDC_Y1x030x0007,GRIIDC_ST12_cast1_Latitude_27_20.14_Longitude_083_53.12,Gulf of Mexico / West Florida Shelf,global_augmentation,2011-06-26 01:51:42,27.33566666666667,-83.88533333333334,20.0,,27.84205,36.3677,0.3914,4.665505,1542.5594945869555,1541.425,1.1344945869554977,direct_CTD_depth,59.0,FIO_CTD_Data_Daly_2/Daly_CTD_WB0611/WB0611_ST12.csv,https://data.gulfresearchinitiative.org/data/Y1.x030.000:0007
GRIIDC_Y1x030x0007,GRIIDC_ST12_cast1_Latitude_27_20.14_Longitude_083_53.12,Gulf of Mexico / West Florida Shelf,global_augmentation,2011-06-26 01:51:42,27.33566666666667,-83.88533333333334,30.0,,25.562649999999998,36.325199999999995,0.3889,5.073365,1537.54238380977,1541.425,-3.88261619023001,direct_CTD_depth,59.0,FIO_CTD_Data_Daly_2/Daly_CTD_WB0611/WB0611_ST12.csv,https://data.gulfresearchinitiative.org/data/Y1.x030.000:0007
GRIIDC_Y1x030x0007,GRIIDC_ST12_cast1_Latitude_27_20.14_Longitude_083_53.12,Gulf of Mexico / West Florida Shelf,global_augmentation,2011-06-26 01:51:42,27.33566666666667,-83.88533333333334,50.0,,20.93645,36.3305,0.38905,4.96693,1526.321382178783,1536.51,-10.188617821216894,direct_CTD_depth,59.0,FIO_CTD_Data_Daly_2/Daly_CTD_WB0611/WB0611_ST12.csv,https://data.gulfresearchinitiative.org/data/Y1.x030.000:0007
GRIIDC_Y1x030x0007,GRIIDC_ST18_cast1_Latitude_27_11.327_Longitude_84_27.395,Gulf of Mexico / West Florida Shelf,global_augmentation,2012-06-30 19:09:41,27.188783333333333,-84.45658333333333,1.0,,28.32065,35.94475,0.5749,3.7998950000000002,1542.839402777748,1520.075,22.764402777748046,direct_CTD_depth,146.0,FIO_CTD_Data_Daly_2/Daly_CTD_BE0612/BE0612_ST18_Cast1.csv,https://data.gulfresearchinitiative.org/data/Y1.x030.000:0007
GRIIDC_Y1x030x0007,GRIIDC_ST18_cast1_Latitude_27_11.327_Longitude_84_27.395,Gulf of Mexico / West Florida Shelf,global_augmentation,2012-06-30 19:09:41,27.188783333333333,-84.45658333333333,2.0,,27.75105,35.74765,0.21595,4.17114,1541.4132806347595,1520.075,21.338280634759485,direct_CTD_depth,146.0,FIO_CTD_Data_Daly_2/Daly_CTD_BE0612/BE0612_ST18_Cast1.csv,https://data.gulfresearchinitiative.org/data/Y1.x030.000:0007
GRIIDC_Y1x030x0007,GRIIDC_ST18_cast1_Latitude_27_11.327_Longitude_84_27.395,Gulf of Mexico / West Florida Shelf,global_augmentation,2012-06-30 19:09:41,27.188783333333333,-84.45658333333333,5.0,,27.570149999999998,35.80575,0.29945,4.09205,1541.1267225636175,1520.075,21.05172256361743,direct_CTD_depth,146.0,FIO_CTD_Data_Daly_2/Daly_CTD_BE0612/BE0612_ST18_Cast1.csv,https://data.gulfresearchinitiative.org/data/Y1.x030.000:0007
GRIIDC_Y1x030x0007,GRIIDC_ST18_cast1_Latitude_27_11.327_Longitude_84_27.395,Gulf of Mexico / West Florida Shelf,global_augmentation,2012-06-30 19:09:41,27.188783333333333,-84.45658333333333,10.0,,27.209699999999998,35.792249999999996,0.2931,4.10498,1540.396766547764,1520.075,20.3217665477639,direct_CTD_depth,146.0,FIO_CTD_Data_Daly_2/Daly_CTD_BE0612/BE0612_ST18_Cast1.csv,https://data.gulfresearchinitiative.org/data/Y1.x030.000:0007
GRIIDC_Y1x030x0007,GRIIDC_ST18_cast1_Latitude_27_11.327_Longitude_84_27.395,Gulf of Mexico / West Florida Shelf,global_augmentation,2012-06-30 19:09:41,27.188783333333333,-84.45658333333333,20.0,,27.037399999999998,35.785,0.29535,4.090825000000001,1540.1679557494583,1523.21,16.95795574945828,direct_CTD_depth,146.0,FIO_CTD_Data_Daly_2/Daly_CTD_BE0612/BE0612_ST18_Cast1.csv,https://data.gulfresearchinitiative.org/data/Y1.x030.000:0007
GRIIDC_Y1x030x0007,GRIIDC_ST18_cast1_Latitude_27_11.327_Longitude_84_27.395,Gulf of Mexico / West Florida Shelf,global_augmentation,2012-06-30 19:09:41,27.188783333333333,-84.45658333333333,30.0,,26.938200000000002,35.78155,0.3013,4.112325,1540.1052784654364,1526.7649999999999,13.34027846543654,direct_CTD_depth,146.0,FIO_CTD_Data_Daly_2/Daly_CTD_BE0612/BE0612_ST18_Cast1.csv,https://data.gulfresearchinitiative.org/data/Y1.x030.000:0007
GRIIDC_Y1x030x0007,GRIIDC_ST18_cast1_Latitude_27_11.327_Longitude_84_27.395,Gulf of Mexico / West Florida Shelf,global_augmentation,2012-06-30 19:09:41,27.188783333333333,-84.45658333333333,50.0,,22.405749999999998,36.35715,0.29775,4.533945,1530.1903936834683,1526.7649999999999,3.425393683468428,direct_CTD_depth,146.0,FIO_CTD_Data_Daly_2/Daly_CTD_BE0612/BE0612_ST18_Cast1.csv,https://data.gulfresearchinitiative.org/data/Y1.x030.000:0007
GRIIDC_Y1x030x0007,GRIIDC_ST18_cast1_Latitude_27_11.327_Longitude_84_27.395,Gulf of Mexico / West Florida Shelf,global_augmentation,2012-06-30 19:09:41,27.188783333333333,-84.45658333333333,75.0,,21.081449999999997,36.3767,0.30365,4.108465,1527.167472930793,1529.325,-2.1575270692069353,direct_CTD_depth,146.0,FIO_CTD_Data_Daly_2/Daly_CTD_BE0612/BE0612_ST18_Cast1.csv,https://data.gulfresearchinitiative.org/data/Y1.x030.000:0007
GRIIDC_Y1x030x0007,GRIIDC_ST18_cast1_Latitude_27_11.327_Longitude_84_27.395,Gulf of Mexico / West Florida Shelf,global_augmentation,2012-06-30 19:09:41,27.188783333333333,-84.45658333333333,100.0,,19.38655,36.385000000000005,0.2915,3.228705,1522.9712772330176,1529.325,-6.353722766982401,direct_CTD_depth,146.0,FIO_CTD_Data_Daly_2/Daly_CTD_BE0612/BE0612_ST18_Cast1.csv,https://data.gulfresearchinitiative.org/data/Y1.x030.000:0007
GRIIDC_Y1x030x0007,GRIIDC_ST18_cast1_Latitude_27_11.361_Longitude_84_27.632,Gulf of Mexico / West Florida Shelf,global_augmentation,2012-04-26 10:54:10,27.18935,-84.46053333333333,1.0,,23.22435,26.780099999999997,5.33505,5.364420000000001,1520.906958738832,1502.925,17.981958738831963,direct_CTD_depth,156.0,FIO_CTD_Data_Daly_2/Daly_CTD_BE0412/BE0412_ST18_cast1.csv,https://data.gulfresearchinitiative.org/data/Y1.x030.000:0007
GRIIDC_Y1x030x0007,GRIIDC_ST18_cast1_Latitude_27_11.361_Longitude_84_27.632,Gulf of Mexico / West Florida Shelf,global_augmentation,2012-04-26 10:54:10,27.18935,-84.46053333333333,2.0,,23.39315,32.6589,0.3176,3.98572,1527.8283583365337,1502.925,24.903358336533756,direct_CTD_depth,156.0,FIO_CTD_Data_Daly_2/Daly_CTD_BE0412/BE0412_ST18_cast1.csv,https://data.gulfresearchinitiative.org/data/Y1.x030.000:0007
GRIIDC_Y1x030x0007,GRIIDC_ST18_cast1_Latitude_27_11.361_Longitude_84_27.632,Gulf of Mexico / West Florida Shelf,global_augmentation,2012-04-26 10:54:10,27.18935,-84.46053333333333,5.0,,23.34865,36.3489,0.31475,4.7721,1531.82640330446,1502.925,28.90140330446002,direct_CTD_depth,156.0,FIO_CTD_Data_Daly_2/Daly_CTD_BE0412/BE0412_ST18_cast1.csv,https://data.gulfresearchinitiative.org/data/Y1.x030.000:0007
GRIIDC_Y1x030x0007,GRIIDC_ST18_cast1_Latitude_27_11.361_Longitude_84_27.632,Gulf of Mexico / West Florida Shelf,global_augmentation,2012-04-26 10:54:10,27.18935,-84.46053333333333,10.0,,23.3504,36.34875,0.3195,4.7797,1531.9121057123152,1502.925,28.98710571231527,direct_CTD_depth,156.0,FIO_CTD_Data_Daly_2/Daly_CTD_BE0412/BE0412_ST18_cast1.csv,https://data.gulfresearchinitiative.org/data/Y1.x030.000:0007
GRIIDC_Y1x030x0007,GRIIDC_ST18_cast1_Latitude_27_11.361_Longitude_84_27.632,Gulf of Mexico / West Florida Shelf,global_augmentation,2012-04-26 10:54:10,27.18935,-84.46053333333333,20.0,,23.34345,36.3489,0.3188,4.79166,1532.0580242210847,1507.775,24.283024221084588,direct_CTD_depth,156.0,FIO_CTD_Data_Daly_2/Daly_CTD_BE0412/BE0412_ST18_cast1.csv,https://data.gulfresearchinitiative.org/data/Y1.x030.000:0007
GRIIDC_Y1x030x0007,GRIIDC_ST18_cast1_Latitude_27_11.361_Longitude_84_27.632,Gulf of Mexico / West Florida Shelf,global_augmentation,2012-04-26 10:54:10,27.18935,-84.46053333333333,30.0,,23.2577,36.3529,0.32230000000000003,4.790985,1532.011815267139,1514.96,17.051815267138863,direct_CTD_depth,156.0,FIO_CTD_Data_Daly_2/Daly_CTD_BE0412/BE0412_ST18_cast1.csv,https://data.gulfresearchinitiative.org/data/Y1.x030.000:0007
GRIIDC_Y1x030x0007,GRIIDC_ST18_cast1_Latitude_27_11.361_Longitude_84_27.632,Gulf of Mexico / West Florida Shelf,global_augmentation,2012-04-26 10:54:10,27.18935,-84.46053333333333,50.0,,22.2496,36.3146,0.32935000000000003,4.980169999999999,1529.7427712488804,1521.5,8.242771248880445,direct_CTD_depth,156.0,FIO_CTD_Data_Daly_2/Daly_CTD_BE0412/BE0412_ST18_cast1.csv,https://data.gulfresearchinitiative.org/data/Y1.x030.000:0007
GRIIDC_Y1x030x0007,GRIIDC_ST18_cast1_Latitude_27_11.361_Longitude_84_27.632,Gulf of Mexico / West Florida Shelf,global_augmentation,2012-04-26 10:54:10,27.18935,-84.46053333333333,75.0,,20.9681,36.2805,0.32220000000000004,4.839494999999999,1526.7575705103452,1522.92,3.837570510345131,direct_CTD_depth,156.0,FIO_CTD_Data_Daly_2/Daly_CTD_BE0412/BE0412_ST18_cast1.csv,https://data.gulfresearchinitiative.org/data/Y1.x030.000:0007
GRIIDC_Y1x030x0007,GRIIDC_ST18_cast1_Latitude_27_11.361_Longitude_84_27.632,Gulf of Mexico / West Florida Shelf,global_augmentation,2012-04-26 10:54:10,27.18935,-84.46053333333333,100.0,,18.95965,36.3785,0.29845,3.289775,1521.7664862078193,1523.045,-1.2785137921807745,direct_CTD_depth,156.0,FIO_CTD_Data_Daly_2/Daly_CTD_BE0412/BE0412_ST18_cast1.csv,https://data.gulfresearchinitiative.org/data/Y1.x030.000:0007
GRIIDC_Y1x030x0007,GRIIDC_ST18_cast1_Latitude_27_11.361_Longitude_84_27.632,Gulf of Mexico / West Florida Shelf,global_augmentation,2012-04-26 10:54:10,27.18935,-84.46053333333333,150.0,,15.91115,36.0954,0.42675,2.84053,1513.2744334456327,1522.53,-9.255566554367306,direct_CTD_depth,156.0,FIO_CTD_Data_Daly_2/Daly_CTD_BE0412/BE0412_ST18_cast1.csv,https://data.gulfresearchinitiative.org/data/Y1.x030.000:0007
GRIIDC_Y1x030x0007,GRIIDC_ST18_cast1_Latitude_27_11.38_Longitude_084_25.41,Gulf of Mexico / West Florida Shelf,global_augmentation,2011-06-26 11:37:43,27.189666666666668,-84.4235,1.0,,29.460949999999997,36.2077,0.71725,4.77965,1545.5196563235315,1536.135,9.384656323531544,direct_CTD_depth,146.0,FIO_CTD_Data_Daly_2/Daly_CTD_WB0611/WB0611_ST18_Cast1.csv,https://data.gulfresearchinitiative.org/data/Y1.x030.000:0007
GRIIDC_Y1x030x0007,GRIIDC_ST18_cast1_Latitude_27_11.38_Longitude_084_25.41,Gulf of Mexico / West Florida Shelf,global_augmentation,2011-06-26 11:37:43,27.189666666666668,-84.4235,2.0,,29.467399999999998,36.2505,0.40185,4.2188300000000005,1545.593741678543,1536.135,9.458741678542992,direct_CTD_depth,146.0,FIO_CTD_Data_Daly_2/Daly_CTD_WB0611/WB0611_ST18_Cast1.csv,https://data.gulfresearchinitiative.org/data/Y1.x030.000:0007
GRIIDC_Y1x030x0007,GRIIDC_ST18_cast1_Latitude_27_11.38_Longitude_084_25.41,Gulf of Mexico / West Florida Shelf,global_augmentation,2011-06-26 11:37:43,27.189666666666668,-84.4235,5.0,,29.47195,36.2641,0.4017,4.43351,1545.6661818413168,1536.135,9.531181841316766,direct_CTD_depth,146.0,FIO_CTD_Data_Daly_2/Daly_CTD_WB0611/WB0611_ST18_Cast1.csv,https://data.gulfresearchinitiative.org/data/Y1.x030.000:0007
GRIIDC_Y1x030x0007,GRIIDC_ST18_cast1_Latitude_27_11.38_Longitude_084_25.41,Gulf of Mexico / West Florida Shelf,global_augmentation,2011-06-26 11:37:43,27.189666666666668,-84.4235,10.0,,29.476300000000002,36.269800000000004,0.39480000000000004,4.4533450000000006,1545.76261531139,1536.135,9.627615311389945,direct_CTD_depth,146.0,FIO_CTD_Data_Daly_2/Daly_CTD_WB0611/WB0611_ST18_Cast1.csv,https://data.gulfresearchinitiative.org/data/Y1.x030.000:0007
GRIIDC_Y1x030x0007,GRIIDC_ST18_cast1_Latitude_27_11.38_Longitude_084_25.41,Gulf of Mexico / West Florida Shelf,global_augmentation,2011-06-26 11:37:43,27.189666666666668,-84.4235,20.0,,27.177599999999998,36.2086,0.39490000000000003,4.782725,1540.930325346264,1536.135,4.795325346264008,direct_CTD_depth,146.0,FIO_CTD_Data_Daly_2/Daly_CTD_WB0611/WB0611_ST18_Cast1.csv,https://data.gulfresearchinitiative.org/data/Y1.x030.000:0007
GRIIDC_Y1x030x0007,GRIIDC_ST18_cast1_Latitude_27_11.38_Longitude_084_25.41,Gulf of Mexico / West Florida Shelf,global_augmentation,2011-06-26 11:37:43,27.189666666666668,-84.4235,30.0,,24.3617,36.21125,0.39864999999999995,5.29056,1534.5679377495383,1534.95,-0.3820622504617859,direct_CTD_depth,146.0,FIO_CTD_Data_Daly_2/Daly_CTD_WB0611/WB0611_ST18_Cast1.csv,https://data.gulfresearchinitiative.org/data/Y1.x030.000:0007
GRIIDC_Y1x030x0007,GRIIDC_ST18_cast1_Latitude_27_11.38_Longitude_084_25.41,Gulf of Mexico / West Florida Shelf,global_augmentation,2011-06-26 11:37:43,27.189666666666668,-84.4235,50.0,,20.34975,36.31895,0.40390000000000004,5.2094249999999995,1524.7294706943287,1534.95,-10.220529305671334,direct_CTD_depth,146.0,FIO_CTD_Data_Daly_2/Daly_CTD_WB0611/WB0611_ST18_Cast1.csv,https://data.gulfresearchinitiative.org/data/Y1.x030.000:0007
GRIIDC_Y1x030x0007,GRIIDC_ST18_cast1_Latitude_27_11.38_Longitude_084_25.41,Gulf of Mexico / West Florida Shelf,global_augmentation,2011-06-26 11:37:43,27.189666666666668,-84.4235,75.0,,18.6721,36.290350000000004,0.40115,4.107775,1520.4423727478618,1534.95,-14.507627252138263,direct_CTD_depth,146.0,FIO_CTD_Data_Daly_2/Daly_CTD_WB0611/WB0611_ST18_Cast1.csv,https://data.gulfresearchinitiative.org/data/Y1.x030.000:0007
GRIIDC_Y1x030x0007,GRIIDC_ST18_cast1_Latitude_27_11.38_Longitude_084_25.41,Gulf of Mexico / West Florida Shelf,global_augmentation,2011-06-26 11:37:43,27.189666666666668,-84.4235,100.0,,17.86555,36.252750000000006,0.3842,3.79017,1518.486210012048,1530.025,-11.538789987951986,direct_CTD_depth,146.0,FIO_CTD_Data_Daly_2/Daly_CTD_WB0611/WB0611_ST18_Cast1.csv,https://data.gulfresearchinitiative.org/data/Y1.x030.000:0007
GRIIDC_Y1x030x0007,GRIIDC_ST18_cast2_Latitude_27_10.999_Longitude_84_27.578,Gulf of Mexico / West Florida Shelf,global_augmentation,2012-04-26 12:08:15,27.183316666666666,-84.45963333333333,1.0,,23.40045,35.4256,2.8928499999999997,5.21223,1530.8742474617422,1499.79,31.08424746174228,direct_CTD_depth,60.0,FIO_CTD_Data_Daly_2/Daly_CTD_BE0412/BE0412_ST18_cast2.csv,https://data.gulfresearchinitiative.org/data/Y1.x030.000:0007
GRIIDC_Y1x030x0007,GRIIDC_ST18_cast2_Latitude_27_10.999_Longitude_84_27.578,Gulf of Mexico / West Florida Shelf,global_augmentation,2012-04-26 12:08:15,27.183316666666666,-84.45963333333333,2.0,,23.33715,35.97605,0.3245,4.292205,1531.3384448182483,1499.79,31.5484448182483,direct_CTD_depth,60.0,FIO_CTD_Data_Daly_2/Daly_CTD_BE0412/BE0412_ST18_cast2.csv,https://data.gulfresearchinitiative.org/data/Y1.x030.000:0007
GRIIDC_Y1x030x0007,GRIIDC_ST18_cast2_Latitude_27_10.999_Longitude_84_27.578,Gulf of Mexico / West Florida Shelf,global_augmentation,2012-04-26 12:08:15,27.183316666666666,-84.45963333333333,5.0,,23.40595,36.34465,0.31455,4.7663899999999995,1531.964205864351,1499.79,32.17420586435105,direct_CTD_depth,60.0,FIO_CTD_Data_Daly_2/Daly_CTD_BE0412/BE0412_ST18_cast2.csv,https://data.gulfresearchinitiative.org/data/Y1.x030.000:0007
GRIIDC_Y1x030x0007,GRIIDC_ST18_cast2_Latitude_27_10.999_Longitude_84_27.578,Gulf of Mexico / West Florida Shelf,global_augmentation,2012-04-26 12:08:15,27.183316666666666,-84.45963333333333,10.0,,23.409,36.3446,0.31174999999999997,4.77885,1532.0532407494632,1499.79,32.26324074946319,direct_CTD_depth,60.0,FIO_CTD_Data_Daly_2/Daly_CTD_BE0412/BE0412_ST18_cast2.csv,https://data.gulfresearchinitiative.org/data/Y1.x030.000:0007
GRIIDC_Y1x030x0007,GRIIDC_ST18_cast2_Latitude_27_10.999_Longitude_84_27.578,Gulf of Mexico / West Florida Shelf,global_augmentation,2012-04-26 12:08:15,27.183316666666666,-84.45963333333333,20.0,,23.3859,36.3406,0.31635,4.787145000000001,1532.1544838106981,1505.595,26.55948381069811,direct_CTD_depth,60.0,FIO_CTD_Data_Daly_2/Daly_CTD_BE0412/BE0412_ST18_cast2.csv,https://data.gulfresearchinitiative.org/data/Y1.x030.000:0007
GRIIDC_Y1x030x0007,GRIIDC_ST18_cast2_Latitude_27_10.999_Longitude_84_27.578,Gulf of Mexico / West Florida Shelf,global_augmentation,2012-04-26 12:08:15,27.183316666666666,-84.45963333333333,30.0,,23.36155,36.33195,0.3084,4.78695,1532.247492226347,1513.385,18.862492226347058,direct_CTD_depth,60.0,FIO_CTD_Data_Daly_2/Daly_CTD_BE0412/BE0412_ST18_cast2.csv,https://data.gulfresearchinitiative.org/data/Y1.x030.000:0007
GRIIDC_Y1x030x0007,GRIIDC_ST18_cast2_Latitude_27_10.999_Longitude_84_27.578,Gulf of Mexico / West Florida Shelf,global_augmentation,2012-04-26 12:08:15,27.183316666666666,-84.45963333333333,50.0,,22.00475,36.3069,0.32175,4.936895,1529.1027268012865,1513.385,15.717726801286517,direct_CTD_depth,60.0,FIO_CTD_Data_Daly_2/Daly_CTD_BE0412/BE0412_ST18_cast2.csv,https://data.gulfresearchinitiative.org/data/Y1.x030.000:0007
GRIIDC_Y1x030x0007,GRIIDC_ST18_cast2_Latitude_27_11.086_Longitude_84_27.633,Gulf of Mexico / West Florida Shelf,global_augmentation,2012-06-30 20:18:20,27.18476666666667,-84.46055,1.0,,28.9221,35.78945,0.46709999999999996,3.8903049999999997,1543.9575888945224,1512.9299999999998,31.027588894522523,direct_CTD_depth,21.0,FIO_CTD_Data_Daly_2/Daly_CTD_BE0612/BE0612_ST18_Cast2.csv,https://data.gulfresearchinitiative.org/data/Y1.x030.000:0007
GRIIDC_Y1x030x0007,GRIIDC_ST18_cast2_Latitude_27_11.086_Longitude_84_27.633,Gulf of Mexico / West Florida Shelf,global_augmentation,2012-06-30 20:18:20,27.18476666666667,-84.46055,2.0,,28.1715,35.83515,0.19490000000000002,3.919015,1542.4193379328108,1512.9299999999998,29.48933793281094,direct_CTD_depth,21.0,FIO_CTD_Data_Daly_2/Daly_CTD_BE0612/BE0612_ST18_Cast2.csv,https://data.gulfresearchinitiative.org/data/Y1.x030.000:0007
GRIIDC_Y1x030x0007,GRIIDC_ST18_cast2_Latitude_27_11.086_Longitude_84_27.633,Gulf of Mexico / West Florida Shelf,global_augmentation,2012-06-30 20:18:20,27.18476666666667,-84.46055,5.0,,27.76135,35.813900000000004,0.30400000000000005,4.095585,1541.5546401760148,1512.9299999999998,28.624640176014964,direct_CTD_depth,21.0,FIO_CTD_Data_Daly_2/Daly_CTD_BE0612/BE0612_ST18_Cast2.csv,https://data.gulfresearchinitiative.org/data/Y1.x030.000:0007
GRIIDC_Y1x030x0007,GRIIDC_ST18_cast2_Latitude_27_11.086_Longitude_84_27.633,Gulf of Mexico / West Florida Shelf,global_augmentation,2012-06-30 20:18:20,27.18476666666667,-84.46055,10.0,,27.2079,35.7791,0.29964999999999997,4.13262,1540.3788099476203,1512.9299999999998,27.448809947620475,direct_CTD_depth,21.0,FIO_CTD_Data_Daly_2/Daly_CTD_BE0612/BE0612_ST18_Cast2.csv,https://data.gulfresearchinitiative.org/data/Y1.x030.000:0007
GRIIDC_Y1x030x0007,GRIIDC_ST18_cast2_Latitude_27_11.086_Longitude_84_27.633,Gulf of Mexico / West Florida Shelf,global_augmentation,2012-06-30 20:18:20,27.18476666666667,-84.46055,20.0,,27.063200000000002,35.77095,0.29525,4.132315,1540.210678559964,1516.335,23.875678559963944,direct_CTD_depth,21.0,FIO_CTD_Data_Daly_2/Daly_CTD_BE0612/BE0612_ST18_Cast2.csv,https://data.gulfresearchinitiative.org/data/Y1.x030.000:0007
GRIIDC_Y1x030x0007,GRIIDC_ST18_cast2_Latitude_27_11.77_Longitude_084_27.83,Gulf of Mexico / West Florida Shelf,global_augmentation,2011-11-03 18:15:49,27.196166666666667,-84.46383333333333,1.0,,24.67285,26.50405,2.0811,4.94203,1524.2909540853302,1491.05,33.24095408533026,direct_CTD_depth,10.0,FIO_CTD_Data_Daly_2/Daly_CTD_WB1111/WB1111_ST18_cast2.csv,https://data.gulfresearchinitiative.org/data/Y1.x030.000:0007
GRIIDC_Y1x030x0007,GRIIDC_ST18_cast2_Latitude_27_11.77_Longitude_084_27.83,Gulf of Mexico / West Florida Shelf,global_augmentation,2011-11-03 18:15:49,27.196166666666667,-84.46383333333333,2.0,,25.55885,35.05455,1.2888,4.558904999999999,1535.7071870896116,1491.05,44.657187089611625,direct_CTD_depth,10.0,FIO_CTD_Data_Daly_2/Daly_CTD_WB1111/WB1111_ST18_cast2.csv,https://data.gulfresearchinitiative.org/data/Y1.x030.000:0007
GRIIDC_Y1x030x0007,GRIIDC_ST18_cast2_Latitude_27_11.77_Longitude_084_27.83,Gulf of Mexico / West Florida Shelf,global_augmentation,2011-11-03 18:15:49,27.196166666666667,-84.46383333333333,5.0,,25.5703,35.77935,0.7946,4.598145000000001,1536.5641946155736,1491.05,45.514194615573615,direct_CTD_depth,10.0,FIO_CTD_Data_Daly_2/Daly_CTD_WB1111/WB1111_ST18_cast2.csv,https://data.gulfresearchinitiative.org/data/Y1.x030.000:0007
GRIIDC_Y1x030x0007,GRIIDC_ST18_cast2_Latitude_27_11.77_Longitude_084_27.83,Gulf of Mexico / West Florida Shelf,global_augmentation,2011-11-03 18:15:49,27.196166666666667,-84.46383333333333,10.0,,25.5187,35.7802,0.8084,4.60404,1536.525984214232,1491.05,45.475984214232085,direct_CTD_depth,10.0,FIO_CTD_Data_Daly_2/Daly_CTD_WB1111/WB1111_ST18_cast2.csv,https://data.gulfresearchinitiative.org/data/Y1.x030.000:0007
GRIIDC_Y1x030x0007,GRIIDC_ST18_cast2_Latitude_27_11.86_Longitude_084_27.86,Gulf of Mexico / West Florida Shelf,global_augmentation,2011-11-03 17:37:12,27.197666666666667,-84.46433333333333,1.0,,25.4515,33.39565,1.1788,5.017675,1533.648657139837,1507.145,26.50365713983706,direct_CTD_depth,149.0,FIO_CTD_Data_Daly_2/Daly_CTD_WB1111/WB1111_ST18_cast1.csv,https://data.gulfresearchinitiative.org/data/Y1.x030.000:0007
GRIIDC_Y1x030x0007,GRIIDC_ST18_cast2_Latitude_27_11.86_Longitude_084_27.86,Gulf of Mexico / West Florida Shelf,global_augmentation,2011-11-03 17:37:12,27.197666666666667,-84.46433333333333,2.0,,25.611449999999998,35.64615,0.91065,5.15549,1536.4678452294957,1507.145,29.32284522949567,direct_CTD_depth,149.0,FIO_CTD_Data_Daly_2/Daly_CTD_WB1111/WB1111_ST18_cast1.csv,https://data.gulfresearchinitiative.org/data/Y1.x030.000:0007
GRIIDC_Y1x030x0007,GRIIDC_ST18_cast2_Latitude_27_11.86_Longitude_084_27.86,Gulf of Mexico / West Florida Shelf,global_augmentation,2011-11-03 17:37:12,27.197666666666667,-84.46433333333333,5.0,,25.61105,35.7786,0.8007,4.586455,1536.6585279859291,1507.145,29.51352798592916,direct_CTD_depth,149.0,FIO_CTD_Data_Daly_2/Daly_CTD_WB1111/WB1111_ST18_cast1.csv,https://data.gulfresearchinitiative.org/data/Y1.x030.000:0007
GRIIDC_Y1x030x0007,GRIIDC_ST18_cast2_Latitude_27_11.86_Longitude_084_27.86,Gulf of Mexico / West Florida Shelf,global_augmentation,2011-11-03 17:37:12,27.197666666666667,-84.46433333333333,10.0,,25.52735,35.77935,0.79825,4.606335,1536.5453039953177,1507.145,29.4003039953177,direct_CTD_depth,149.0,FIO_CTD_Data_Daly_2/Daly_CTD_WB1111/WB1111_ST18_cast1.csv,https://data.gulfresearchinitiative.org/data/Y1.x030.000:0007
GRIIDC_Y1x030x0007,GRIIDC_ST18_cast2_Latitude_27_11.86_Longitude_084_27.86,Gulf of Mexico / West Florida Shelf,global_augmentation,2011-11-03 17:37:12,27.197666666666667,-84.46433333333333,20.0,,25.5044,35.77955,0.79755,4.610609999999999,1536.654867464569,1507.145,29.50986746456897,direct_CTD_depth,149.0,FIO_CTD_Data_Daly_2/Daly_CTD_WB1111/WB1111_ST18_cast1.csv,https://data.gulfresearchinitiative.org/data/Y1.x030.000:0007
GRIIDC_Y1x030x0007,GRIIDC_ST18_cast2_Latitude_27_11.86_Longitude_084_27.86,Gulf of Mexico / West Florida Shelf,global_augmentation,2011-11-03 17:37:12,27.197666666666667,-84.46433333333333,30.0,,25.491,35.77805,0.7925,4.592445,1536.7849602022018,1518.31,18.474960202201828,direct_CTD_depth,149.0,FIO_CTD_Data_Daly_2/Daly_CTD_WB1111/WB1111_ST18_cast1.csv,https://data.gulfresearchinitiative.org/data/Y1.x030.000:0007
GRIIDC_Y1x030x0007,GRIIDC_ST18_cast2_Latitude_27_11.86_Longitude_084_27.86,Gulf of Mexico / West Florida Shelf,global_augmentation,2011-11-03 17:37:12,27.197666666666667,-84.46433333333333,50.0,,23.219050000000003,36.29605,0.86805,4.24932,1532.1789387067306,1518.31,13.86893870673066,direct_CTD_depth,149.0,FIO_CTD_Data_Daly_2/Daly_CTD_WB1111/WB1111_ST18_cast1.csv,https://data.gulfresearchinitiative.org/data/Y1.x030.000:0007
GRIIDC_Y1x030x0007,GRIIDC_ST18_cast2_Latitude_27_11.86_Longitude_084_27.86,Gulf of Mexico / West Florida Shelf,global_augmentation,2011-11-03 17:37:12,27.197666666666667,-84.46433333333333,75.0,,19.758049999999997,36.3858,0.7726999999999999,3.575095,1523.5942834848747,1522.135,1.4592834848747316,direct_CTD_depth,149.0,FIO_CTD_Data_Daly_2/Daly_CTD_WB1111/WB1111_ST18_cast1.csv,https://data.gulfresearchinitiative.org/data/Y1.x030.000:0007
GRIIDC_Y1x030x0007,GRIIDC_ST18_cast2_Latitude_27_11.86_Longitude_084_27.86,Gulf of Mexico / West Florida Shelf,global_augmentation,2011-11-03 17:37:12,27.197666666666667,-84.46433333333333,100.0,,18.0287,36.313,0.7746999999999999,3.0752699999999997,1519.0295544313667,1524.125,-5.095445568633295,direct_CTD_depth,149.0,FIO_CTD_Data_Daly_2/Daly_CTD_WB1111/WB1111_ST18_cast1.csv,https://data.gulfresearchinitiative.org/data/Y1.x030.000:0007
GRIIDC_Y1x030x0007,GRIIDC_ST18_cast2_Latitude_27_11.87_Longitude_084_25.59,Gulf of Mexico / West Florida Shelf,global_augmentation,2011-06-26 12:08:45,27.19783333333333,-84.4265,1.0,,29.4454,36.13945,1.20385,4.58303,1545.4165797764967,1540.25,5.1665797764967465,direct_CTD_depth,70.0,FIO_CTD_Data_Daly_2/Daly_CTD_WB0611/WB0611_ST18_Cast2.csv,https://data.gulfresearchinitiative.org/data/Y1.x030.000:0007
GRIIDC_Y1x030x0007,GRIIDC_ST18_cast2_Latitude_27_11.87_Longitude_084_25.59,Gulf of Mexico / West Florida Shelf,global_augmentation,2011-06-26 12:08:45,27.19783333333333,-84.4265,2.0,,29.42775,36.111000000000004,0.37060000000000004,4.45453,1545.3667358804976,1540.25,5.116735880497572,direct_CTD_depth,70.0,FIO_CTD_Data_Daly_2/Daly_CTD_WB0611/WB0611_ST18_Cast2.csv,https://data.gulfresearchinitiative.org/data/Y1.x030.000:0007
GRIIDC_Y1x030x0007,GRIIDC_ST18_cast2_Latitude_27_11.87_Longitude_084_25.59,Gulf of Mexico / West Florida Shelf,global_augmentation,2011-06-26 12:08:45,27.19783333333333,-84.4265,5.0,,29.205550000000002,36.22665,0.3929,4.91503,1545.0734101207486,1540.25,4.8234101207485764,direct_CTD_depth,70.0,FIO_CTD_Data_Daly_2/Daly_CTD_WB0611/WB0611_ST18_Cast2.csv,https://data.gulfresearchinitiative.org/data/Y1.x030.000:0007
GRIIDC_Y1x030x0007,GRIIDC_ST18_cast2_Latitude_27_11.87_Longitude_084_25.59,Gulf of Mexico / West Florida Shelf,global_augmentation,2011-06-26 12:08:45,27.19783333333333,-84.4265,10.0,,29.104149999999997,36.202749999999995,0.397,5.559335,1544.9179935057073,1540.25,4.667993505707273,direct_CTD_depth,70.0,FIO_CTD_Data_Daly_2/Daly_CTD_WB0611/WB0611_ST18_Cast2.csv,https://data.gulfresearchinitiative.org/data/Y1.x030.000:0007
GRIIDC_Y1x030x0007,GRIIDC_ST18_cast2_Latitude_27_11.87_Longitude_084_25.59,Gulf of Mexico / West Florida Shelf,global_augmentation,2011-06-26 12:08:45,27.19783333333333,-84.4265,20.0,,27.85105,36.14965,0.39915,4.10311,1542.3491325567325,1540.25,2.0991325567324566,direct_CTD_depth,70.0,FIO_CTD_Data_Daly_2/Daly_CTD_WB0611/WB0611_ST18_Cast2.csv,https://data.gulfresearchinitiative.org/data/Y1.x030.000:0007
GRIIDC_Y1x030x0007,GRIIDC_ST18_cast2_Latitude_27_11.87_Longitude_084_25.59,Gulf of Mexico / West Florida Shelf,global_augmentation,2011-06-26 12:08:45,27.19783333333333,-84.4265,30.0,,24.4899,36.2378,0.40064999999999995,4.636565,1534.9061210059974,1540.25,-5.34387899400258,direct_CTD_depth,70.0,FIO_CTD_Data_Daly_2/Daly_CTD_WB0611/WB0611_ST18_Cast2.csv,https://data.gulfresearchinitiative.org/data/Y1.x030.000:0007
GRIIDC_Y1x030x0007,GRIIDC_ST18_cast2_Latitude_27_11.87_Longitude_084_25.59,Gulf of Mexico / West Florida Shelf,global_augmentation,2011-06-26 12:08:45,27.19783333333333,-84.4265,50.0,,20.29945,36.318650000000005,0.40345,5.25019,1524.5925339452222,1540.25,-15.657466054777842,direct_CTD_depth,70.0,FIO_CTD_Data_Daly_2/Daly_CTD_WB0611/WB0611_ST18_Cast2.csv,https://data.gulfresearchinitiative.org/data/Y1.x030.000:0007
GRIIDC_Y1x030x0007,GRIIDC_ST24_cast1_Latitude_27_03.06_Longitude_085_01.82,Gulf of Mexico / West Florida Shelf,global_augmentation,2011-06-26 21:24:38,27.051,-85.03033333333333,1.0,,29.414900000000003,33.423950000000005,4.4564,4.416365,1542.5332763861475,1499.3600000000001,43.173276386147336,direct_CTD_depth,830.0,FIO_CTD_Data_Daly_2/Daly_CTD_WB0611/WB0611_ST24.csv,https://data.gulfresearchinitiative.org/data/Y1.x030.000:0007
GRIIDC_Y1x030x0007,GRIIDC_ST24_cast1_Latitude_27_03.06_Longitude_085_01.82,Gulf of Mexico / West Florida Shelf,global_augmentation,2011-06-26 21:24:38,27.051,-85.03033333333333,2.0,,29.542650000000002,34.9692,2.62615,4.50428,1544.420431941314,1499.3600000000001,45.06043194131394,direct_CTD_depth,830.0,FIO_CTD_Data_Daly_2/Daly_CTD_WB0611/WB0611_ST24.csv,https://data.gulfresearchinitiative.org/data/Y1.x030.000:0007
GRIIDC_Y1x030x0007,GRIIDC_ST24_cast1_Latitude_27_03.06_Longitude_085_01.82,Gulf of Mexico / West Florida Shelf,global_augmentation,2011-06-26 21:24:38,27.051,-85.03033333333333,5.0,,29.5413,35.29345,0.41955,4.8524899999999995,1544.80284136836,1499.3600000000001,45.44284136835995,direct_CTD_depth,830.0,FIO_CTD_Data_Daly_2/Daly_CTD_WB0611/WB0611_ST24.csv,https://data.gulfresearchinitiative.org/data/Y1.x030.000:0007
GRIIDC_Y1x030x0007,GRIIDC_ST24_cast1_Latitude_27_03.06_Longitude_085_01.82,Gulf of Mexico / West Florida Shelf,global_augmentation,2011-06-26 21:24:38,27.051,-85.03033333333333,10.0,,29.67125,35.77565,0.41615,4.447825,1545.6530579750242,1499.3600000000001,46.29305797502411,direct_CTD_depth,830.0,FIO_CTD_Data_Daly_2/Daly_CTD_WB0611/WB0611_ST24.csv,https://data.gulfresearchinitiative.org/data/Y1.x030.000:0007
GRIIDC_Y1x030x0007,GRIIDC_ST24_cast1_Latitude_27_03.06_Longitude_085_01.82,Gulf of Mexico / West Florida Shelf,global_augmentation,2011-06-26 21:24:38,27.051,-85.03033333333333,20.0,,26.567,36.193799999999996,0.3951,4.822705,1539.5453662573552,1499.3600000000001,40.1853662573551,direct_CTD_depth,830.0,FIO_CTD_Data_Daly_2/Daly_CTD_WB0611/WB0611_ST24.csv,https://data.gulfresearchinitiative.org/data/Y1.x030.000:0007
GRIIDC_Y1x030x0007,GRIIDC_ST24_cast1_Latitude_27_03.06_Longitude_085_01.82,Gulf of Mexico / West Florida Shelf,global_augmentation,2011-06-26 21:24:38,27.051,-85.03033333333333,30.0,,25.64015,36.421099999999996,0.3843,4.90836,1537.826138653428,1509.76,28.06613865342797,direct_CTD_depth,830.0,FIO_CTD_Data_Daly_2/Daly_CTD_WB0611/WB0611_ST24.csv,https://data.gulfresearchinitiative.org/data/Y1.x030.000:0007
GRIIDC_Y1x030x0007,GRIIDC_ST24_cast1_Latitude_27_03.06_Longitude_085_01.82,Gulf of Mexico / West Florida Shelf,global_augmentation,2011-06-26 21:24:38,27.051,-85.03033333333333,50.0,,23.17175,36.39065,0.3889,5.113325,1532.164968608917,1509.76,22.404968608916988,direct_CTD_depth,830.0,FIO_CTD_Data_Daly_2/Daly_CTD_WB0611/WB0611_ST24.csv,https://data.gulfresearchinitiative.org/data/Y1.x030.000:0007
GRIIDC_Y1x030x0007,GRIIDC_ST24_cast1_Latitude_27_03.06_Longitude_085_01.82,Gulf of Mexico / West Florida Shelf,global_augmentation,2011-06-26 21:24:38,27.051,-85.03033333333333,75.0,,19.98285,36.34145,0.39975,4.6322600000000005,1524.1621704153017,1509.76,14.402170415301725,direct_CTD_depth,830.0,FIO_CTD_Data_Daly_2/Daly_CTD_WB0611/WB0611_ST24.csv,https://data.gulfresearchinitiative.org/data/Y1.x030.000:0007
GRIIDC_Y1x030x0007,GRIIDC_ST24_cast1_Latitude_27_03.06_Longitude_085_01.82,Gulf of Mexico / West Florida Shelf,global_augmentation,2011-06-26 21:24:38,27.051,-85.03033333333333,100.0,,18.926299999999998,36.3528,0.38444999999999996,3.6244050000000003,1521.6428880805847,1514.5500000000002,7.092888080584544,direct_CTD_depth,830.0,FIO_CTD_Data_Daly_2/Daly_CTD_WB0611/WB0611_ST24.csv,https://data.gulfresearchinitiative.org/data/Y1.x030.000:0007
GRIIDC_Y1x030x0007,GRIIDC_ST24_cast1_Latitude_27_03.06_Longitude_085_01.82,Gulf of Mexico / West Florida Shelf,global_augmentation,2011-06-26 21:24:38,27.051,-85.03033333333333,150.0,,17.1548,36.259,0.3741,3.292525,1517.2216037286498,1514.5500000000002,2.671603728649643,direct_CTD_depth,830.0,FIO_CTD_Data_Daly_2/Daly_CTD_WB0611/WB0611_ST24.csv,https://data.gulfresearchinitiative.org/data/Y1.x030.000:0007
GRIIDC_Y1x030x0007,GRIIDC_ST24_cast1_Latitude_27_03.06_Longitude_085_01.82,Gulf of Mexico / West Florida Shelf,global_augmentation,2011-06-26 21:24:38,27.051,-85.03033333333333,200.0,,14.8549,35.8886,0.36445000000000005,2.97096,1510.5548484638164,1512.145,-1.5901515361836118,direct_CTD_depth,830.0,FIO_CTD_Data_Daly_2/Daly_CTD_WB0611/WB0611_ST24.csv,https://data.gulfresearchinitiative.org/data/Y1.x030.000:0007
GRIIDC_Y1x030x0007,GRIIDC_ST24_cast1_Latitude_27_03.06_Longitude_085_01.82,Gulf of Mexico / West Florida Shelf,global_augmentation,2011-06-26 21:24:38,27.051,-85.03033333333333,300.0,,11.919599999999999,35.4131,0.36745,2.878875,1501.9570918619938,1510.0300000000002,-8.072908138006369,direct_CTD_depth,830.0,FIO_CTD_Data_Daly_2/Daly_CTD_WB0611/WB0611_ST24.csv,https://data.gulfresearchinitiative.org/data/Y1.x030.000:0007
GRIIDC_Y1x030x0007,GRIIDC_ST24_cast1_Latitude_27_03.06_Longitude_085_01.82,Gulf of Mexico / West Florida Shelf,global_augmentation,2011-06-26 21:24:38,27.051,-85.03033333333333,400.0,,9.8355,35.10965,0.36229999999999996,2.785955,1495.891950179221,1508.0,-12.108049820778888,direct_CTD_depth,830.0,FIO_CTD_Data_Daly_2/Daly_CTD_WB0611/WB0611_ST24.csv,https://data.gulfresearchinitiative.org/data/Y1.x030.000:0007
GRIIDC_Y1x030x0007,GRIIDC_ST24_cast1_Latitude_27_03.06_Longitude_085_01.82,Gulf of Mexico / West Florida Shelf,global_augmentation,2011-06-26 21:24:38,27.051,-85.03033333333333,500.0,,8.474350000000001,34.957499999999996,0.3647,2.77898,1492.339031850618,1504.855,-12.515968149381933,direct_CTD_depth,830.0,FIO_CTD_Data_Daly_2/Daly_CTD_WB0611/WB0611_ST24.csv,https://data.gulfresearchinitiative.org/data/Y1.x030.000:0007
GRIIDC_Y1x030x0007,GRIIDC_ST24_cast1_Latitude_27_03.06_Longitude_085_01.82,Gulf of Mexico / West Florida Shelf,global_augmentation,2011-06-26 21:24:38,27.051,-85.03033333333333,750.0,,6.11415,34.84895,0.3704,3.445485,1487.2259751040187,1501.705,-14.479024895981183,direct_CTD_depth,830.0,FIO_CTD_Data_Daly_2/Daly_CTD_WB0611/WB0611_ST24.csv,https://data.gulfresearchinitiative.org/data/Y1.x030.000:0007
GRIIDC_Y1x030x0007,GRIIDC_ST24_cast1_Latitude_27_03.41_Longitude_085_02.32,Gulf of Mexico / West Florida Shelf,global_augmentation,2011-11-04 03:01:37,27.056833333333334,-85.03866666666667,1.0,,24.6016,26.3425,1.5674,5.36577,1523.937312774076,1492.18,31.7573127740759,direct_CTD_depth,76.0,FIO_CTD_Data_Daly_2/Daly_CTD_WB1111/WB1111_ST24_cast1.csv,https://data.gulfresearchinitiative.org/data/Y1.x030.000:0007
GRIIDC_Y1x030x0007,GRIIDC_ST24_cast1_Latitude_27_03.41_Longitude_085_02.32,Gulf of Mexico / West Florida Shelf,global_augmentation,2011-11-04 03:01:37,27.056833333333334,-85.03866666666667,2.0,,25.144750000000002,36.38495,0.8346,4.58148,1536.17022494957,1509.77,26.400224949569974,direct_CTD_depth,76.0,FIO_CTD_Data_Daly_2/Daly_CTD_WB1111/WB1111_ST24_cast1.csv,https://data.gulfresearchinitiative.org/data/Y1.x030.000:0007
GRIIDC_Y1x030x0007,GRIIDC_ST24_cast1_Latitude_27_03.41_Longitude_085_02.32,Gulf of Mexico / West Florida Shelf,global_augmentation,2011-11-04 03:01:37,27.056833333333334,-85.03866666666667,5.0,,25.1336,36.1525,0.8146,4.60494,1535.9412135847606,1509.77,26.171213584760608,direct_CTD_depth,76.0,FIO_CTD_Data_Daly_2/Daly_CTD_WB1111/WB1111_ST24_cast1.csv,https://data.gulfresearchinitiative.org/data/Y1.x030.000:0007
GRIIDC_Y1x030x0007,GRIIDC_ST24_cast1_Latitude_27_03.41_Longitude_085_02.32,Gulf of Mexico / West Florida Shelf,global_augmentation,2011-11-04 03:01:37,27.056833333333334,-85.03866666666667,10.0,,25.14415,36.150949999999995,0.80005,4.622059999999999,1536.0459733966993,1509.77,26.275973396699328,direct_CTD_depth,76.0,FIO_CTD_Data_Daly_2/Daly_CTD_WB1111/WB1111_ST24_cast1.csv,https://data.gulfresearchinitiative.org/data/Y1.x030.000:0007
GRIIDC_Y1x030x0007,GRIIDC_ST24_cast1_Latitude_27_03.41_Longitude_085_02.32,Gulf of Mexico / West Florida Shelf,global_augmentation,2011-11-04 03:01:37,27.056833333333334,-85.03866666666667,20.0,,25.01345,36.1837,0.8030999999999999,4.607100000000001,1535.93517365203,1509.77,26.165173652030035,direct_CTD_depth,76.0,FIO_CTD_Data_Daly_2/Daly_CTD_WB1111/WB1111_ST24_cast1.csv,https://data.gulfresearchinitiative.org/data/Y1.x030.000:0007
GRIIDC_Y1x030x0007,GRIIDC_ST24_cast1_Latitude_27_03.41_Longitude_085_02.32,Gulf of Mexico / West Florida Shelf,global_augmentation,2011-11-04 03:01:37,27.056833333333334,-85.03866666666667,30.0,,24.98355,36.19255,0.80785,4.60096,1536.0369240177859,1520.735,15.30192401778595,direct_CTD_depth,76.0,FIO_CTD_Data_Daly_2/Daly_CTD_WB1111/WB1111_ST24_cast1.csv,https://data.gulfresearchinitiative.org/data/Y1.x030.000:0007
GRIIDC_Y1x030x0007,GRIIDC_ST24_cast1_Latitude_27_03.41_Longitude_085_02.32,Gulf of Mexico / West Florida Shelf,global_augmentation,2011-11-04 03:01:37,27.056833333333334,-85.03866666666667,50.0,,24.17445,36.477,0.8098000000000001,4.28237,1534.7306267779295,1520.735,13.995626777929601,direct_CTD_depth,76.0,FIO_CTD_Data_Daly_2/Daly_CTD_WB1111/WB1111_ST24_cast1.csv,https://data.gulfresearchinitiative.org/data/Y1.x030.000:0007
GRIIDC_Y1x030x0007,GRIIDC_ST24_cast1_Latitude_27_03.41_Longitude_085_02.32,Gulf of Mexico / West Florida Shelf,global_augmentation,2011-11-04 03:01:37,27.056833333333334,-85.03866666666667,75.0,,21.692999999999998,36.6419,0.7822,3.50055,1529.0746488943366,1520.675,8.399648894336678,direct_CTD_depth,76.0,FIO_CTD_Data_Daly_2/Daly_CTD_WB1111/WB1111_ST24_cast1.csv,https://data.gulfresearchinitiative.org/data/Y1.x030.000:0007
GRIIDC_Y1x030x0007,GRIIDC_ST24_cast1_Latitude_27_03.805_Longitude_85_01.176,Gulf of Mexico / West Florida Shelf,global_augmentation,2012-04-26 19:17:08,27.063416666666665,-85.0196,1.0,,26.71655,22.404149999999998,0.41205,4.4984,1524.8713911821517,1503.7150000000001,21.156391182151538,direct_CTD_depth,795.0,FIO_CTD_Data_Daly_2/Daly_CTD_BE0412/BE0412_ST24_cast1.csv,https://data.gulfresearchinitiative.org/data/Y1.x030.000:0007
GRIIDC_Y1x030x0007,GRIIDC_ST24_cast1_Latitude_27_03.805_Longitude_85_01.176,Gulf of Mexico / West Florida Shelf,global_augmentation,2012-04-26 19:17:08,27.063416666666665,-85.0196,2.0,,26.7004,36.0882,0.3048,4.47269,1539.4406023176869,1505.69,33.7506023176868,direct_CTD_depth,795.0,FIO_CTD_Data_Daly_2/Daly_CTD_BE0412/BE0412_ST24_cast1.csv,https://data.gulfresearchinitiative.org/data/Y1.x030.000:0007
GRIIDC_Y1x030x0007,GRIIDC_ST24_cast1_Latitude_27_03.805_Longitude_85_01.176,Gulf of Mexico / West Florida Shelf,global_augmentation,2012-04-26 19:17:08,27.063416666666665,-85.0196,5.0,,26.6194,36.08855,0.31225,4.49618,1539.3069845363163,1503.7150000000001,35.591984536316204,direct_CTD_depth,795.0,FIO_CTD_Data_Daly_2/Daly_CTD_BE0412/BE0412_ST24_cast1.csv,https://data.gulfresearchinitiative.org/data/Y1.x030.000:0007
GRIIDC_Y1x030x0007,GRIIDC_ST24_cast1_Latitude_27_03.805_Longitude_85_01.176,Gulf of Mexico / West Florida Shelf,global_augmentation,2012-04-26 19:17:08,27.063416666666665,-85.0196,10.0,,26.540100000000002,36.08565,0.3144,4.471105,1539.2059107706693,1503.7150000000001,35.49091077066919,direct_CTD_depth,795.0,FIO_CTD_Data_Daly_2/Daly_CTD_BE0412/BE0412_ST24_cast1.csv,https://data.gulfresearchinitiative.org/data/Y1.x030.000:0007
GRIIDC_Y1x030x0007,GRIIDC_ST24_cast1_Latitude_27_03.805_Longitude_85_01.176,Gulf of Mexico / West Florida Shelf,global_augmentation,2012-04-26 19:17:08,27.063416666666665,-85.0196,20.0,,26.51025,36.084149999999994,0.30774999999999997,4.490355,1539.2996833170644,1508.525,30.774683317064273,direct_CTD_depth,795.0,FIO_CTD_Data_Daly_2/Daly_CTD_BE0412/BE0412_ST24_cast1.csv,https://data.gulfresearchinitiative.org/data/Y1.x030.000:0007
GRIIDC_Y1x030x0007,GRIIDC_ST24_cast1_Latitude_27_03.805_Longitude_85_01.176,Gulf of Mexico / West Florida Shelf,global_augmentation,2012-04-26 19:17:08,27.063416666666665,-85.0196,30.0,,26.4848,36.084500000000006,0.31720000000000004,4.514514999999999,1539.4053926311497,1513.15,26.25539263114956,direct_CTD_depth,795.0,FIO_CTD_Data_Daly_2/Daly_CTD_BE0412/BE0412_ST24_cast1.csv,https://data.gulfresearchinitiative.org/data/Y1.x030.000:0007
GRIIDC_Y1x030x0007,GRIIDC_ST24_cast1_Latitude_27_03.805_Longitude_85_01.176,Gulf of Mexico / West Florida Shelf,global_augmentation,2012-04-26 19:17:08,27.063416666666665,-85.0196,50.0,,25.14555,36.4096,0.31625000000000003,4.419285,1536.9816062206987,1513.15,23.83160622069863,direct_CTD_depth,795.0,FIO_CTD_Data_Daly_2/Daly_CTD_BE0412/BE0412_ST24_cast1.csv,https://data.gulfresearchinitiative.org/data/Y1.x030.000:0007
GRIIDC_Y1x030x0007,GRIIDC_ST24_cast1_Latitude_27_03.805_Longitude_85_01.176,Gulf of Mexico / West Florida Shelf,global_augmentation,2012-04-26 19:17:08,27.063416666666665,-85.0196,75.0,,22.431449999999998,36.3398,0.3076,4.86561,1530.6448641111074,1518.47,12.174864111107354,direct_CTD_depth,795.0,FIO_CTD_Data_Daly_2/Daly_CTD_BE0412/BE0412_ST24_cast1.csv,https://data.gulfresearchinitiative.org/data/Y1.x030.000:0007
GRIIDC_Y1x030x0007,GRIIDC_ST24_cast1_Latitude_27_03.805_Longitude_85_01.176,Gulf of Mexico / West Florida Shelf,global_augmentation,2012-04-26 19:17:08,27.063416666666665,-85.0196,100.0,,21.5322,36.436499999999995,0.30445,4.554975000000001,1528.8326096604649,1518.47,10.362609660464841,direct_CTD_depth,795.0,FIO_CTD_Data_Daly_2/Daly_CTD_BE0412/BE0412_ST24_cast1.csv,https://data.gulfresearchinitiative.org/data/Y1.x030.000:0007
GRIIDC_Y1x030x0007,GRIIDC_ST24_cast1_Latitude_27_03.805_Longitude_85_01.176,Gulf of Mexico / West Florida Shelf,global_augmentation,2012-04-26 19:17:08,27.063416666666665,-85.0196,150.0,,18.54245,36.49735,0.2925,3.20433,1521.5361304023313,1518.0900000000001,3.446130402331164,direct_CTD_depth,795.0,FIO_CTD_Data_Daly_2/Daly_CTD_BE0412/BE0412_ST24_cast1.csv,https://data.gulfresearchinitiative.org/data/Y1.x030.000:0007
GRIIDC_Y1x030x0007,GRIIDC_ST24_cast1_Latitude_27_03.805_Longitude_85_01.176,Gulf of Mexico / West Florida Shelf,global_augmentation,2012-04-26 19:17:08,27.063416666666665,-85.0196,200.0,,16.6629,36.2367,0.2873,3.2833300000000003,1516.5435893494994,1517.08,-0.5364106505005566,direct_CTD_depth,795.0,FIO_CTD_Data_Daly_2/Daly_CTD_BE0412/BE0412_ST24_cast1.csv,https://data.gulfresearchinitiative.org/data/Y1.x030.000:0007
GRIIDC_Y1x030x0007,GRIIDC_ST24_cast1_Latitude_27_03.805_Longitude_85_01.176,Gulf of Mexico / West Florida Shelf,global_augmentation,2012-04-26 19:17:08,27.063416666666665,-85.0196,300.0,,13.669049999999999,35.744,0.28464999999999996,2.926075,1508.2083023715456,1514.725,-6.516697628454267,direct_CTD_depth,795.0,FIO_CTD_Data_Daly_2/Daly_CTD_BE0412/BE0412_ST24_cast1.csv,https://data.gulfresearchinitiative.org/data/Y1.x030.000:0007
GRIIDC_Y1x030x0007,GRIIDC_ST24_cast1_Latitude_27_03.805_Longitude_85_01.176,Gulf of Mexico / West Florida Shelf,global_augmentation,2012-04-26 19:17:08,27.063416666666665,-85.0196,400.0,,11.13935,35.348150000000004,0.28235,2.716835,1500.8204828518944,1511.7150000000001,-10.894517148105706,direct_CTD_depth,795.0,FIO_CTD_Data_Daly_2/Daly_CTD_BE0412/BE0412_ST24_cast1.csv,https://data.gulfresearchinitiative.org/data/Y1.x030.000:0007
GRIIDC_Y1x030x0007,GRIIDC_ST24_cast1_Latitude_27_03.805_Longitude_85_01.176,Gulf of Mexico / West Florida Shelf,global_augmentation,2012-04-26 19:17:08,27.063416666666665,-85.0196,500.0,,9.735949999999999,35.15355,0.30784999999999996,2.69064,1497.2306790632967,1510.13,-12.899320936703361,direct_CTD_depth,795.0,FIO_CTD_Data_Daly_2/Daly_CTD_BE0412/BE0412_ST24_cast1.csv,https://data.gulfresearchinitiative.org/data/Y1.x030.000:0007
GRIIDC_Y1x030x0007,GRIIDC_ST24_cast1_Latitude_27_03.805_Longitude_85_01.176,Gulf of Mexico / West Florida Shelf,global_augmentation,2012-04-26 19:17:08,27.063416666666665,-85.0196,750.0,,6.64825,34.89905,0.28259999999999996,3.10284,1489.3963707408327,1506.345,-16.94862925916732,direct_CTD_depth,795.0,FIO_CTD_Data_Daly_2/Daly_CTD_BE0412/BE0412_ST24_cast1.csv,https://data.gulfresearchinitiative.org/data/Y1.x030.000:0007
GRIIDC_Y1x030x0007,GRIIDC_ST24_cast1_Latitude_27_03.936_Longitude_85_01.304,Gulf of Mexico / West Florida Shelf,global_augmentation,2012-06-30 10:56:03,27.0656,-85.02173333333333,1.0,,28.5106,36.069050000000004,0.37265,3.783615,1543.3765231474747,1502.205,41.17152314747477,direct_CTD_depth,802.0,FIO_CTD_Data_Daly_2/Daly_CTD_BE0612/BE0612_ST24_Cast1.csv,https://data.gulfresearchinitiative.org/data/Y1.x030.000:0007
GRIIDC_Y1x030x0007,GRIIDC_ST24_cast1_Latitude_27_03.936_Longitude_85_01.304,Gulf of Mexico / West Florida Shelf,global_augmentation,2012-06-30 10:56:03,27.0656,-85.02173333333333,2.0,,28.49105,36.11395,0.26405,3.875865,1543.3981343393375,1502.205,41.193134339337576,direct_CTD_depth,802.0,FIO_CTD_Data_Daly_2/Daly_CTD_BE0612/BE0612_ST24_Cast1.csv,https://data.gulfresearchinitiative.org/data/Y1.x030.000:0007
GRIIDC_Y1x030x0007,GRIIDC_ST24_cast1_Latitude_27_03.936_Longitude_85_01.304,Gulf of Mexico / West Florida Shelf,global_augmentation,2012-06-30 10:56:03,27.0656,-85.02173333333333,5.0,,28.4897,36.10065,0.32115,3.96882,1543.4302169001066,1502.205,41.225216900106716,direct_CTD_depth,802.0,FIO_CTD_Data_Daly_2/Daly_CTD_BE0612/BE0612_ST24_Cast1.csv,https://data.gulfresearchinitiative.org/data/Y1.x030.000:0007
GRIIDC_Y1x030x0007,GRIIDC_ST24_cast1_Latitude_27_03.936_Longitude_85_01.304,Gulf of Mexico / West Florida Shelf,global_augmentation,2012-06-30 10:56:03,27.0656,-85.02173333333333,10.0,,28.2027,36.077799999999996,0.31125,3.9656700000000003,1542.8720962623122,1502.205,40.66709626231227,direct_CTD_depth,802.0,FIO_CTD_Data_Daly_2/Daly_CTD_BE0612/BE0612_ST24_Cast1.csv,https://data.gulfresearchinitiative.org/data/Y1.x030.000:0007
GRIIDC_Y1x030x0007,GRIIDC_ST24_cast1_Latitude_27_03.936_Longitude_85_01.304,Gulf of Mexico / West Florida Shelf,global_augmentation,2012-06-30 10:56:03,27.0656,-85.02173333333333,20.0,,27.82905,36.091499999999996,0.32305,4.057755,1542.2398838733104,1507.195,35.04488387331048,direct_CTD_depth,802.0,FIO_CTD_Data_Daly_2/Daly_CTD_BE0612/BE0612_ST24_Cast1.csv,https://data.gulfresearchinitiative.org/data/Y1.x030.000:0007
GRIIDC_Y1x030x0007,GRIIDC_ST24_cast1_Latitude_27_03.936_Longitude_85_01.304,Gulf of Mexico / West Florida Shelf,global_augmentation,2012-06-30 10:56:03,27.0656,-85.02173333333333,30.0,,26.910249999999998,36.247,0.31765,4.0921,1540.537900291687,1512.225,28.31290029168713,direct_CTD_depth,802.0,FIO_CTD_Data_Daly_2/Daly_CTD_BE0612/BE0612_ST24_Cast1.csv,https://data.gulfresearchinitiative.org/data/Y1.x030.000:0007
GRIIDC_Y1x030x0007,GRIIDC_ST24_cast1_Latitude_27_03.936_Longitude_85_01.304,Gulf of Mexico / West Florida Shelf,global_augmentation,2012-06-30 10:56:03,27.0656,-85.02173333333333,50.0,,24.896250000000002,36.519999999999996,0.33875,3.75016,1536.5109754477073,1512.225,24.285975447707415,direct_CTD_depth,802.0,FIO_CTD_Data_Daly_2/Daly_CTD_BE0612/BE0612_ST24_Cast1.csv,https://data.gulfresearchinitiative.org/data/Y1.x030.000:0007
GRIIDC_Y1x030x0007,GRIIDC_ST24_cast1_Latitude_27_03.936_Longitude_85_01.304,Gulf of Mexico / West Florida Shelf,global_augmentation,2012-06-30 10:56:03,27.0656,-85.02173333333333,75.0,,22.645449999999997,36.8075,0.3009,3.08393,1531.708331031662,1517.755,13.953331031661946,direct_CTD_depth,802.0,FIO_CTD_Data_Daly_2/Daly_CTD_BE0612/BE0612_ST24_Cast1.csv,https://data.gulfresearchinitiative.org/data/Y1.x030.000:0007
GRIIDC_Y1x030x0007,GRIIDC_ST24_cast1_Latitude_27_03.936_Longitude_85_01.304,Gulf of Mexico / West Florida Shelf,global_augmentation,2012-06-30 10:56:03,27.0656,-85.02173333333333,100.0,,20.371000000000002,36.534850000000006,0.31210000000000004,3.111675,1525.8475886388558,1517.755,8.09258863885566,direct_CTD_depth,802.0,FIO_CTD_Data_Daly_2/Daly_CTD_BE0612/BE0612_ST24_Cast1.csv,https://data.gulfresearchinitiative.org/data/Y1.x030.000:0007
GRIIDC_Y1x030x0007,GRIIDC_ST24_cast1_Latitude_27_03.936_Longitude_85_01.304,Gulf of Mexico / West Florida Shelf,global_augmentation,2012-06-30 10:56:03,27.0656,-85.02173333333333,150.0,,17.264699999999998,36.328649999999996,0.29485,3.04956,1517.6282890427144,1516.4899999999998,1.1382890427146322,direct_CTD_depth,802.0,FIO_CTD_Data_Daly_2/Daly_CTD_BE0612/BE0612_ST24_Cast1.csv,https://data.gulfresearchinitiative.org/data/Y1.x030.000:0007
GRIIDC_Y1x030x0007,GRIIDC_ST24_cast1_Latitude_27_03.936_Longitude_85_01.304,Gulf of Mexico / West Florida Shelf,global_augmentation,2012-06-30 10:56:03,27.0656,-85.02173333333333,200.0,,14.80985,35.93495,0.2946,2.887565,1510.467331416157,1514.6,-4.132668583842815,direct_CTD_depth,802.0,FIO_CTD_Data_Daly_2/Daly_CTD_BE0612/BE0612_ST24_Cast1.csv,https://data.gulfresearchinitiative.org/data/Y1.x030.000:0007
GRIIDC_Y1x030x0007,GRIIDC_ST24_cast1_Latitude_27_03.936_Longitude_85_01.304,Gulf of Mexico / West Florida Shelf,global_augmentation,2012-06-30 10:56:03,27.0656,-85.02173333333333,300.0,,11.51485,35.394800000000004,0.2828,2.64006,1500.5417529762087,1511.175,-10.633247023791228,direct_CTD_depth,802.0,FIO_CTD_Data_Daly_2/Daly_CTD_BE0612/BE0612_ST24_Cast1.csv,https://data.gulfresearchinitiative.org/data/Y1.x030.000:0007
GRIIDC_Y1x030x0007,GRIIDC_ST24_cast1_Latitude_27_03.936_Longitude_85_01.304,Gulf of Mexico / West Florida Shelf,global_augmentation,2012-06-30 10:56:03,27.0656,-85.02173333333333,400.0,,10.23805,35.2057,0.28600000000000003,2.58924,1497.4585032283358,1507.81,-10.351496771664188,direct_CTD_depth,802.0,FIO_CTD_Data_Daly_2/Daly_CTD_BE0612/BE0612_ST24_Cast1.csv,https://data.gulfresearchinitiative.org/data/Y1.x030.000:0007
GRIIDC_Y1x030x0007,GRIIDC_ST24_cast1_Latitude_27_03.936_Longitude_85_01.304,Gulf of Mexico / West Florida Shelf,global_augmentation,2012-06-30 10:56:03,27.0656,-85.02173333333333,500.0,,9.1634,35.078649999999996,0.28615,2.53958,1495.0472361254044,1506.4899999999998,-11.442763874595357,direct_CTD_depth,802.0,FIO_CTD_Data_Daly_2/Daly_CTD_BE0612/BE0612_ST24_Cast1.csv,https://data.gulfresearchinitiative.org/data/Y1.x030.000:0007
GRIIDC_Y1x030x0007,GRIIDC_ST24_cast1_Latitude_27_03.936_Longitude_85_01.304,Gulf of Mexico / West Florida Shelf,global_augmentation,2012-06-30 10:56:03,27.0656,-85.02173333333333,750.0,,6.01605,34.9037,0.27954999999999997,3.19083,1486.906010542987,1502.695,-15.788989457013031,direct_CTD_depth,802.0,FIO_CTD_Data_Daly_2/Daly_CTD_BE0612/BE0612_ST24_Cast1.csv,https://data.gulfresearchinitiative.org/data/Y1.x030.000:0007
GRIIDC_Y1x030x0007,GRIIDC_ST24_cast2_Latitude_27_03.16_Longitude_085_02.17,Gulf of Mexico / West Florida Shelf,global_augmentation,2011-11-04 03:40:50,27.052666666666667,-85.03616666666667,1.0,,25.0541,35.12335,0.8564499999999999,4.9639,1534.5731654032631,1495.715,38.85816540326323,direct_CTD_depth,850.0,FIO_CTD_Data_Daly_2/Daly_CTD_WB1111/WB1111_ST24_cast2.csv,https://data.gulfresearchinitiative.org/data/Y1.x030.000:0007
GRIIDC_Y1x030x0007,GRIIDC_ST24_cast2_Latitude_27_03.16_Longitude_085_02.17,Gulf of Mexico / West Florida Shelf,global_augmentation,2011-11-04 03:40:50,27.052666666666667,-85.03616666666667,2.0,,25.1278,36.275999999999996,0.80175,4.611295,1536.0122853565729,1495.715,40.29728535657296,direct_CTD_depth,850.0,FIO_CTD_Data_Daly_2/Daly_CTD_WB1111/WB1111_ST24_cast2.csv,https://data.gulfresearchinitiative.org/data/Y1.x030.000:0007
GRIIDC_Y1x030x0007,GRIIDC_ST24_cast2_Latitude_27_03.16_Longitude_085_02.17,Gulf of Mexico / West Florida Shelf,global_augmentation,2011-11-04 03:40:50,27.052666666666667,-85.03616666666667,5.0,,25.13885,36.13395,0.7874000000000001,4.62294,1535.9335407307683,1495.715,40.21854073076838,direct_CTD_depth,850.0,FIO_CTD_Data_Daly_2/Daly_CTD_WB1111/WB1111_ST24_cast2.csv,https://data.gulfresearchinitiative.org/data/Y1.x030.000:0007
GRIIDC_Y1x030x0007,GRIIDC_ST24_cast2_Latitude_27_03.16_Longitude_085_02.17,Gulf of Mexico / West Florida Shelf,global_augmentation,2011-11-04 03:40:50,27.052666666666667,-85.03616666666667,10.0,,25.14235,36.1325,0.78305,4.5869599999999995,1536.0217530837751,1495.715,40.30675308377522,direct_CTD_depth,850.0,FIO_CTD_Data_Daly_2/Daly_CTD_WB1111/WB1111_ST24_cast2.csv,https://data.gulfresearchinitiative.org/data/Y1.x030.000:0007
GRIIDC_Y1x030x0007,GRIIDC_ST24_cast2_Latitude_27_03.16_Longitude_085_02.17,Gulf of Mexico / West Florida Shelf,global_augmentation,2011-11-04 03:40:50,27.052666666666667,-85.03616666666667,20.0,,25.13645,36.1378,0.7841,4.6076250000000005,1536.1765996980457,1495.715,40.4615996980458,direct_CTD_depth,850.0,FIO_CTD_Data_Daly_2/Daly_CTD_WB1111/WB1111_ST24_cast2.csv,https://data.gulfresearchinitiative.org/data/Y1.x030.000:0007
GRIIDC_Y1x030x0007,GRIIDC_ST24_cast2_Latitude_27_03.16_Longitude_085_02.17,Gulf of Mexico / West Florida Shelf,global_augmentation,2011-11-04 03:40:50,27.052666666666667,-85.03616666666667,30.0,,25.0997,36.13655,0.78835,4.616475,1536.2514471185357,1507.375,28.87644711853568,direct_CTD_depth,850.0,FIO_CTD_Data_Daly_2/Daly_CTD_WB1111/WB1111_ST24_cast2.csv,https://data.gulfresearchinitiative.org/data/Y1.x030.000:0007
GRIIDC_Y1x030x0007,GRIIDC_ST24_cast2_Latitude_27_03.16_Longitude_085_02.17,Gulf of Mexico / West Florida Shelf,global_augmentation,2011-11-04 03:40:50,27.052666666666667,-85.03616666666667,50.0,,24.12975,36.46535,0.79735,4.2958549999999995,1534.609309727212,1507.375,27.234309727211894,direct_CTD_depth,850.0,FIO_CTD_Data_Daly_2/Daly_CTD_WB1111/WB1111_ST24_cast2.csv,https://data.gulfresearchinitiative.org/data/Y1.x030.000:0007
GRIIDC_Y1x030x0007,GRIIDC_ST24_cast2_Latitude_27_03.16_Longitude_085_02.17,Gulf of Mexico / West Florida Shelf,global_augmentation,2011-11-04 03:40:50,27.052666666666667,-85.03616666666667,75.0,,21.54235,36.62765,0.754,3.455355,1528.6649319556902,1507.375,21.289931955690236,direct_CTD_depth,850.0,FIO_CTD_Data_Daly_2/Daly_CTD_WB1111/WB1111_ST24_cast2.csv,https://data.gulfresearchinitiative.org/data/Y1.x030.000:0007
GRIIDC_Y1x030x0007,GRIIDC_ST24_cast2_Latitude_27_03.16_Longitude_085_02.17,Gulf of Mexico / West Florida Shelf,global_augmentation,2011-11-04 03:40:50,27.052666666666667,-85.03616666666667,100.0,,19.60785,36.60865,0.7558499999999999,3.362925,1523.8410734506117,1514.48,9.361073450611684,direct_CTD_depth,850.0,FIO_CTD_Data_Daly_2/Daly_CTD_WB1111/WB1111_ST24_cast2.csv,https://data.gulfresearchinitiative.org/data/Y1.x030.000:0007
GRIIDC_Y1x030x0007,GRIIDC_ST24_cast2_Latitude_27_03.16_Longitude_085_02.17,Gulf of Mexico / West Florida Shelf,global_augmentation,2011-11-04 03:40:50,27.052666666666667,-85.03616666666667,150.0,,16.994799999999998,36.272800000000004,0.748,3.28175,1516.7617813137456,1514.48,2.2817813137455687,direct_CTD_depth,850.0,FIO_CTD_Data_Daly_2/Daly_CTD_WB1111/WB1111_ST24_cast2.csv,https://data.gulfresearchinitiative.org/data/Y1.x030.000:0007
GRIIDC_Y1x030x0007,GRIIDC_ST24_cast2_Latitude_27_03.16_Longitude_085_02.17,Gulf of Mexico / West Florida Shelf,global_augmentation,2011-11-04 03:40:50,27.052666666666667,-85.03616666666667,200.0,,14.976299999999998,35.95395,0.7403500000000001,3.150605,1511.0157775319956,1513.005,-1.9892224680045274,direct_CTD_depth,850.0,FIO_CTD_Data_Daly_2/Daly_CTD_WB1111/WB1111_ST24_cast2.csv,https://data.gulfresearchinitiative.org/data/Y1.x030.000:0007
GRIIDC_Y1x030x0007,GRIIDC_ST24_cast2_Latitude_27_03.16_Longitude_085_02.17,Gulf of Mexico / West Florida Shelf,global_augmentation,2011-11-04 03:40:50,27.052666666666667,-85.03616666666667,300.0,,12.0071,35.47795,0.71675,2.817845,1502.3352251211768,1510.1999999999998,-7.864774878823027,direct_CTD_depth,850.0,FIO_CTD_Data_Daly_2/Daly_CTD_WB1111/WB1111_ST24_cast2.csv,https://data.gulfresearchinitiative.org/data/Y1.x030.000:0007
GRIIDC_Y1x030x0007,GRIIDC_ST24_cast2_Latitude_27_03.16_Longitude_085_02.17,Gulf of Mexico / West Florida Shelf,global_augmentation,2011-11-04 03:40:50,27.052666666666667,-85.03616666666667,400.0,,9.8695,35.161249999999995,0.7111,2.821265,1496.0787438008956,1507.775,-11.696256199104482,direct_CTD_depth,850.0,FIO_CTD_Data_Daly_2/Daly_CTD_WB1111/WB1111_ST24_cast2.csv,https://data.gulfresearchinitiative.org/data/Y1.x030.000:0007
GRIIDC_Y1x030x0007,GRIIDC_ST24_cast2_Latitude_27_03.16_Longitude_085_02.17,Gulf of Mexico / West Florida Shelf,global_augmentation,2011-11-04 03:40:50,27.052666666666667,-85.03616666666667,500.0,,8.648,35.02995,0.7078,2.7487500000000002,1493.0783412174865,1505.82,-12.741658782513468,direct_CTD_depth,850.0,FIO_CTD_Data_Daly_2/Daly_CTD_WB1111/WB1111_ST24_cast2.csv,https://data.gulfresearchinitiative.org/data/Y1.x030.000:0007
GRIIDC_Y1x030x0007,GRIIDC_ST24_cast2_Latitude_27_03.16_Longitude_085_02.17,Gulf of Mexico / West Florida Shelf,global_augmentation,2011-11-04 03:40:50,27.052666666666667,-85.03616666666667,750.0,,6.2841000000000005,34.90025,0.6718,3.32768,1487.9647571928174,1502.88,-14.915242807182722,direct_CTD_depth,850.0,FIO_CTD_Data_Daly_2/Daly_CTD_WB1111/WB1111_ST24_cast2.csv,https://data.gulfresearchinitiative.org/data/Y1.x030.000:0007
GRIIDC_Y1x030x0007,GRIIDC_ST24_cast2_Latitude_27_03.785_Longitude_84_59.724,Gulf of Mexico / West Florida Shelf,global_augmentation,2012-06-30 12:48:58,27.063083333333335,-84.9954,1.0,,28.37845,35.94315,0.22809999999999997,4.22835,1542.9617854823794,1514.355,28.606785482379337,direct_CTD_depth,152.0,FIO_CTD_Data_Daly_2/Daly_CTD_BE0612/BE0612_ST24_Cast2.csv,https://data.gulfresearchinitiative.org/data/Y1.x030.000:0007
GRIIDC_Y1x030x0007,GRIIDC_ST24_cast2_Latitude_27_03.785_Longitude_84_59.724,Gulf of Mexico / West Florida Shelf,global_augmentation,2012-06-30 12:48:58,27.063083333333335,-84.9954,2.0,,28.294449999999998,36.03235,0.3342,3.569845,1542.8913739715142,1514.355,28.536373971514195,direct_CTD_depth,152.0,FIO_CTD_Data_Daly_2/Daly_CTD_BE0612/BE0612_ST24_Cast2.csv,https://data.gulfresearchinitiative.org/data/Y1.x030.000:0007
GRIIDC_Y1x030x0007,GRIIDC_ST24_cast2_Latitude_27_03.785_Longitude_84_59.724,Gulf of Mexico / West Florida Shelf,global_augmentation,2012-06-30 12:48:58,27.063083333333335,-84.9954,5.0,,28.3664,36.0793,0.28815,3.9694149999999997,1543.1439980442565,1514.355,28.78899804425646,direct_CTD_depth,152.0,FIO_CTD_Data_Daly_2/Daly_CTD_BE0612/BE0612_ST24_Cast2.csv,https://data.gulfresearchinitiative.org/data/Y1.x030.000:0007
GRIIDC_Y1x030x0007,GRIIDC_ST24_cast2_Latitude_27_03.785_Longitude_84_59.724,Gulf of Mexico / West Florida Shelf,global_augmentation,2012-06-30 12:48:58,27.063083333333335,-84.9954,10.0,,28.3587,36.07875,0.302,3.98791,1543.2084234604604,1514.355,28.853423460460363,direct_CTD_depth,152.0,FIO_CTD_Data_Daly_2/Daly_CTD_BE0612/BE0612_ST24_Cast2.csv,https://data.gulfresearchinitiative.org/data/Y1.x030.000:0007
GRIIDC_Y1x030x0007,GRIIDC_ST24_cast2_Latitude_27_03.785_Longitude_84_59.724,Gulf of Mexico / West Florida Shelf,global_augmentation,2012-06-30 12:48:58,27.063083333333335,-84.9954,20.0,,28.031950000000002,36.08845,0.2989,4.01037,1542.677482294308,1519.145,23.53248229430801,direct_CTD_depth,152.0,FIO_CTD_Data_Daly_2/Daly_CTD_BE0612/BE0612_ST24_Cast2.csv,https://data.gulfresearchinitiative.org/data/Y1.x030.000:0007
GRIIDC_Y1x030x0007,GRIIDC_ST24_cast2_Latitude_27_03.785_Longitude_84_59.724,Gulf of Mexico / West Florida Shelf,global_augmentation,2012-06-30 12:48:58,27.063083333333335,-84.9954,30.0,,26.9004,36.215,0.30325,4.13358,1540.4817829673825,1524.955,15.526782967382587,direct_CTD_depth,152.0,FIO_CTD_Data_Daly_2/Daly_CTD_BE0612/BE0612_ST24_Cast2.csv,https://data.gulfresearchinitiative.org/data/Y1.x030.000:0007
GRIIDC_Y1x030x0007,GRIIDC_ST24_cast2_Latitude_27_03.785_Longitude_84_59.724,Gulf of Mexico / West Florida Shelf,global_augmentation,2012-06-30 12:48:58,27.063083333333335,-84.9954,50.0,,25.288899999999998,36.575,0.2982,3.60631,1537.4978724245152,1524.955,12.54287242451528,direct_CTD_depth,152.0,FIO_CTD_Data_Daly_2/Daly_CTD_BE0612/BE0612_ST24_Cast2.csv,https://data.gulfresearchinitiative.org/data/Y1.x030.000:0007
GRIIDC_Y1x030x0007,GRIIDC_ST24_cast2_Latitude_27_03.785_Longitude_84_59.724,Gulf of Mexico / West Florida Shelf,global_augmentation,2012-06-30 12:48:58,27.063083333333335,-84.9954,75.0,,22.8248,36.80175,0.27625,3.1054399999999998,1532.1555220971632,1530.7199999999998,1.435522097163357,direct_CTD_depth,152.0,FIO_CTD_Data_Daly_2/Daly_CTD_BE0612/BE0612_ST24_Cast2.csv,https://data.gulfresearchinitiative.org/data/Y1.x030.000:0007
GRIIDC_Y1x030x0007,GRIIDC_ST24_cast2_Latitude_27_03.785_Longitude_84_59.724,Gulf of Mexico / West Florida Shelf,global_augmentation,2012-06-30 12:48:58,27.063083333333335,-84.9954,100.0,,19.59825,36.397149999999996,0.2889,3.08533,1523.573570458085,1530.7199999999998,-7.146429541914813,direct_CTD_depth,152.0,FIO_CTD_Data_Daly_2/Daly_CTD_BE0612/BE0612_ST24_Cast2.csv,https://data.gulfresearchinitiative.org/data/Y1.x030.000:0007
GRIIDC_Y1x030x0007,GRIIDC_ST24_cast2_Latitude_27_03.785_Longitude_84_59.724,Gulf of Mexico / West Florida Shelf,global_augmentation,2012-06-30 12:48:58,27.063083333333335,-84.9954,150.0,,16.80035,36.2525,0.2694,2.908245,1516.156900563016,1529.375,-13.218099436983948,direct_CTD_depth,152.0,FIO_CTD_Data_Daly_2/Daly_CTD_BE0612/BE0612_ST24_Cast2.csv,https://data.gulfresearchinitiative.org/data/Y1.x030.000:0007
GRIIDC_Y1x030x0007,GRIIDC_ST24_cast2_Latitude_27_03.918_Longitude_85_00.649,Gulf of Mexico / West Florida Shelf,global_augmentation,2012-04-26 21:44:04,27.0653,-85.01081666666667,1.0,,26.650100000000002,35.738,0.38375000000000004,4.1531649999999996,1538.9371728575118,1510.37,28.567172857511878,direct_CTD_depth,147.0,FIO_CTD_Data_Daly_2/Daly_CTD_BE0412/BE0412_ST24_cast2.csv,https://data.gulfresearchinitiative.org/data/Y1.x030.000:0007
GRIIDC_Y1x030x0007,GRIIDC_ST24_cast2_Latitude_27_03.918_Longitude_85_00.649,Gulf of Mexico / West Florida Shelf,global_augmentation,2012-04-26 21:44:04,27.0653,-85.01081666666667,2.0,,26.676299999999998,36.144850000000005,0.30045,4.516360000000001,1539.4466532338226,1510.37,29.076653233822753,direct_CTD_depth,147.0,FIO_CTD_Data_Daly_2/Daly_CTD_BE0412/BE0412_ST24_cast2.csv,https://data.gulfresearchinitiative.org/data/Y1.x030.000:0007
GRIIDC_Y1x030x0007,GRIIDC_ST24_cast2_Latitude_27_03.918_Longitude_85_00.649,Gulf of Mexico / West Florida Shelf,global_augmentation,2012-04-26 21:44:04,27.0653,-85.01081666666667,5.0,,26.622300000000003,36.09305,0.2993,4.464875,1539.3183423723858,1510.37,28.948342372385923,direct_CTD_depth,147.0,FIO_CTD_Data_Daly_2/Daly_CTD_BE0412/BE0412_ST24_cast2.csv,https://data.gulfresearchinitiative.org/data/Y1.x030.000:0007
GRIIDC_Y1x030x0007,GRIIDC_ST24_cast2_Latitude_27_03.918_Longitude_85_00.649,Gulf of Mexico / West Florida Shelf,global_augmentation,2012-04-26 21:44:04,27.0653,-85.01081666666667,10.0,,26.541249999999998,36.088750000000005,0.2983,4.473535,1539.2118274561428,1510.37,28.841827456142937,direct_CTD_depth,147.0,FIO_CTD_Data_Daly_2/Daly_CTD_BE0412/BE0412_ST24_cast2.csv,https://data.gulfresearchinitiative.org/data/Y1.x030.000:0007
GRIIDC_Y1x030x0007,GRIIDC_ST24_cast2_Latitude_27_03.918_Longitude_85_00.649,Gulf of Mexico / West Florida Shelf,global_augmentation,2012-04-26 21:44:04,27.0653,-85.01081666666667,20.0,,26.52035,36.09485,0.30005,4.457229999999999,1539.3340181299216,1516.1100000000001,23.224018129921433,direct_CTD_depth,147.0,FIO_CTD_Data_Daly_2/Daly_CTD_BE0412/BE0412_ST24_cast2.csv,https://data.gulfresearchinitiative.org/data/Y1.x030.000:0007
GRIIDC_Y1x030x0007,GRIIDC_ST24_cast2_Latitude_27_03.918_Longitude_85_00.649,Gulf of Mexico / West Florida Shelf,global_augmentation,2012-04-26 21:44:04,27.0653,-85.01081666666667,30.0,,26.46815,36.1148,0.2974,4.482055,1539.399970223042,1522.16,17.239970223041837,direct_CTD_depth,147.0,FIO_CTD_Data_Daly_2/Daly_CTD_BE0412/BE0412_ST24_cast2.csv,https://data.gulfresearchinitiative.org/data/Y1.x030.000:0007
GRIIDC_Y1x030x0007,GRIIDC_ST24_cast2_Latitude_27_03.918_Longitude_85_00.649,Gulf of Mexico / West Florida Shelf,global_augmentation,2012-04-26 21:44:04,27.0653,-85.01081666666667,50.0,,25.364,36.4868,0.30145,4.646305,1537.5787281886767,1522.16,15.418728188676596,direct_CTD_depth,147.0,FIO_CTD_Data_Daly_2/Daly_CTD_BE0412/BE0412_ST24_cast2.csv,https://data.gulfresearchinitiative.org/data/Y1.x030.000:0007
GRIIDC_Y1x030x0007,GRIIDC_ST24_cast2_Latitude_27_03.918_Longitude_85_00.649,Gulf of Mexico / West Florida Shelf,global_augmentation,2012-04-26 21:44:04,27.0653,-85.01081666666667,75.0,,22.1458,36.354699999999994,0.2929,4.896685,1529.9282691918993,1529.065,0.863269191899235,direct_CTD_depth,147.0,FIO_CTD_Data_Daly_2/Daly_CTD_BE0412/BE0412_ST24_cast2.csv,https://data.gulfresearchinitiative.org/data/Y1.x030.000:0007
GRIIDC_Y1x030x0007,GRIIDC_ST24_cast2_Latitude_27_03.918_Longitude_85_00.649,Gulf of Mexico / West Florida Shelf,global_augmentation,2012-04-26 21:44:04,27.0653,-85.01081666666667,100.0,,21.4526,36.4495,0.29415,4.3888549999999995,1528.6381937597646,1529.065,-0.42680624023546443,direct_CTD_depth,147.0,FIO_CTD_Data_Daly_2/Daly_CTD_BE0412/BE0412_ST24_cast2.csv,https://data.gulfresearchinitiative.org/data/Y1.x030.000:0007
Glaubke_TT1811_2018,TT1811_01CTD,Southeast Indian Ocean,primary_indian_ocean,2018-11-07 17:14 UTC,-31.29,114.82,5.0,,19.243036289456732,35.65271419368692,,5.252035645265192,1520.1833762703884,,,direct_CTD_depth,641.67,Glaubke_etal_2024_d18O-SIO_forNCEI(1).pdf,https://doi.org/10.1016/j.marchem.2024.104397
Glaubke_TT1811_2018,TT1811_01CTD,Southeast Indian Ocean,primary_indian_ocean,2018-11-07 17:14 UTC,-31.29,114.82,10.0,,19.189353661155252,35.661303414215155,,5.25847756066137,1520.12392280575,,,direct_CTD_depth,641.67,Glaubke_etal_2024_d18O-SIO_forNCEI(1).pdf,https://doi.org/10.1016/j.marchem.2024.104397
Glaubke_TT1811_2018,TT1811_01CTD,Southeast Indian Ocean,primary_indian_ocean,2018-11-07 17:14 UTC,-31.29,114.82,20.0,,19.081988404552288,35.678481855271635,,5.271361391453725,1520.0043882645552,,,direct_CTD_depth,641.67,Glaubke_etal_2024_d18O-SIO_forNCEI(1).pdf,https://doi.org/10.1016/j.marchem.2024.104397
Glaubke_TT1811_2018,TT1811_01CTD,Southeast Indian Ocean,primary_indian_ocean,2018-11-07 17:14 UTC,-31.29,114.82,30.0,,18.974623147949327,35.69566029632811,,5.2842452222460805,1519.8840153720123,,,direct_CTD_depth,641.67,Glaubke_etal_2024_d18O-SIO_forNCEI(1).pdf,https://doi.org/10.1016/j.marchem.2024.104397
Glaubke_TT1811_2018,TT1811_01CTD,Southeast Indian Ocean,primary_indian_ocean,2018-11-07 17:14 UTC,-31.29,114.82,50.0,,18.75967248908297,35.730021834061134,,5.309939956331878,1519.6401263928042,,,direct_CTD_depth,641.67,Glaubke_etal_2024_d18O-SIO_forNCEI(1).pdf,https://doi.org/10.1016/j.marchem.2024.104397
Glaubke_TT1811_2018,TT1811_01CTD,Southeast Indian Ocean,primary_indian_ocean,2018-11-07 17:14 UTC,-31.29,114.82,75.0,,18.076758349705305,35.7721905697446,,5.193428290766208,1518.1359596671725,,,direct_CTD_depth,641.67,Glaubke_etal_2024_d18O-SIO_forNCEI(1).pdf,https://doi.org/10.1016/j.marchem.2024.104397
Glaubke_TT1811_2018,TT1811_01CTD,Southeast Indian Ocean,primary_indian_ocean,2018-11-07 17:14 UTC,-31.29,114.82,100.0,,17.753733528550512,35.7778672523182,,5.172581747193753,1517.6103604562495,,,direct_CTD_depth,641.67,Glaubke_etal_2024_d18O-SIO_forNCEI(1).pdf,https://doi.org/10.1016/j.marchem.2024.104397
Glaubke_TT1811_2018,TT1811_01CTD,Southeast Indian Ocean,primary_indian_ocean,2018-11-07 17:14 UTC,-31.29,114.82,150.0,,16.611713030746706,35.68513909224012,,5.284831625183016,1514.9264336992374,,,direct_CTD_depth,641.67,Glaubke_etal_2024_d18O-SIO_forNCEI(1).pdf,https://doi.org/10.1016/j.marchem.2024.104397
Glaubke_TT1811_2018,TT1811_01CTD,Southeast Indian Ocean,primary_indian_ocean,2018-11-07 17:14 UTC,-31.29,114.82,200.0,,15.469692532942899,35.59241093216203,,5.39708150317228,1512.133661761287,,,direct_CTD_depth,641.67,Glaubke_etal_2024_d18O-SIO_forNCEI(1).pdf,https://doi.org/10.1016/j.marchem.2024.104397
Glaubke_TT1811_2018,TT1811_01CTD,Southeast Indian Ocean,primary_indian_ocean,2018-11-07 17:14 UTC,-31.29,114.82,300.0,,12.78640016111167,35.18251837679992,,5.51926291410734,1504.6125067601479,,,direct_CTD_depth,641.67,Glaubke_etal_2024_d18O-SIO_forNCEI(1).pdf,https://doi.org/10.1016/j.marchem.2024.104397
Glaubke_TT1811_2018,TT1811_01CTD,Southeast Indian Ocean,primary_indian_ocean,2018-11-07 17:14 UTC,-31.29,114.82,400.0,,10.497323162274618,34.83966712898752,,5.639542302357836,1497.931867630469,,,direct_CTD_depth,641.67,Glaubke_etal_2024_d18O-SIO_forNCEI(1).pdf,https://doi.org/10.1016/j.marchem.2024.104397
Glaubke_TT1811_2018,TT1811_01CTD,Southeast Indian Ocean,primary_indian_ocean,2018-11-07 17:14 UTC,-31.29,114.82,500.0,,8.585296215573608,34.60190212007133,,5.312615415098078,1492.3085756904018,,,direct_CTD_depth,641.67,Glaubke_etal_2024_d18O-SIO_forNCEI(1).pdf,https://doi.org/10.1016/j.marchem.2024.104397
Glaubke_TT1811_2018,TT1811_03CTD,Southeast Indian Ocean,primary_indian_ocean,2018-11-07 23:06 UTC,-31.29,114.55,5.0,,18.965732022762545,35.69171339886187,,5.173426797723746,1519.4467051832546,,,direct_CTD_depth,2658.4,Glaubke_etal_2024_d18O-SIO_forNCEI(1).pdf,https://doi.org/10.1016/j.marchem.2024.104397
Glaubke_TT1811_2018,TT1811_03CTD,Southeast Indian Ocean,primary_indian_ocean,2018-11-07 23:06 UTC,-31.29,114.55,10.0,,18.872612519399897,35.696369374030006,,5.18273874806001,1519.269852249055,,,direct_CTD_depth,2658.4,Glaubke_etal_2024_d18O-SIO_forNCEI(1).pdf,https://doi.org/10.1016/j.marchem.2024.104397
Glaubke_TT1811_2018,TT1811_03CTD,Southeast Indian Ocean,primary_indian_ocean,2018-11-07 23:06 UTC,-31.29,114.55,20.0,,18.6863735126746,35.70568132436627,,5.20136264873254,1518.9141367187233,,,direct_CTD_depth,2658.4,Glaubke_etal_2024_d18O-SIO_forNCEI(1).pdf,https://doi.org/10.1016/j.marchem.2024.104397
Glaubke_TT1811_2018,TT1811_03CTD,Southeast Indian Ocean,primary_indian_ocean,2018-11-07 23:06 UTC,-31.29,114.55,30.0,,18.5001345059493,35.714993274702536,,5.2199865494050695,1518.5557339077818,,,direct_CTD_depth,2658.4,Glaubke_etal_2024_d18O-SIO_forNCEI(1).pdf,https://doi.org/10.1016/j.marchem.2024.104397
Glaubke_TT1811_2018,TT1811_03CTD,Southeast Indian Ocean,primary_indian_ocean,2018-11-07 23:06 UTC,-31.29,114.55,50.0,,18.127656492498705,35.733617175375066,,5.257234350750129,1517.830829347868,,,direct_CTD_depth,2658.4,Glaubke_etal_2024_d18O-SIO_forNCEI(1).pdf,https://doi.org/10.1016/j.marchem.2024.104397
Glaubke_TT1811_2018,TT1811_03CTD,Southeast Indian Ocean,primary_indian_ocean,2018-11-07 23:06 UTC,-31.29,114.55,75.0,,17.66205897568546,35.756897051215724,,5.303794102431453,1516.9094175540083,,,direct_CTD_depth,2658.4,Glaubke_etal_2024_d18O-SIO_forNCEI(1).pdf,https://doi.org/10.1016/j.marchem.2024.104397
Glaubke_TT1811_2018,TT1811_03CTD,Southeast Indian Ocean,primary_indian_ocean,2018-11-07 23:06 UTC,-31.29,114.55,100.0,,17.19384965222044,35.77918673087213,,5.349987292669876,1515.9619835259152,,,direct_CTD_depth,2658.4,Glaubke_etal_2024_d18O-SIO_forNCEI(1).pdf,https://doi.org/10.1016/j.marchem.2024.104397
Glaubke_TT1811_2018,TT1811_03CTD,Southeast Indian Ocean,primary_indian_ocean,2018-11-07 23:06 UTC,-31.29,114.55,150.0,,15.575337078651685,35.565168539325846,,5.346643258426966,1511.6121700504639,,,direct_CTD_depth,2658.4,Glaubke_etal_2024_d18O-SIO_forNCEI(1).pdf,https://doi.org/10.1016/j.marchem.2024.104397
Glaubke_TT1811_2018,TT1811_03CTD,Southeast Indian Ocean,primary_indian_ocean,2018-11-07 23:06 UTC,-31.29,114.55,200.0,,13.956824505082931,35.351150347779566,,5.343299224184055,1507.0363075513671,,,direct_CTD_depth,2658.4,Glaubke_etal_2024_d18O-SIO_forNCEI(1).pdf,https://doi.org/10.1016/j.marchem.2024.104397
Glaubke_TT1811_2018,TT1811_03CTD,Southeast Indian Ocean,primary_indian_ocean,2018-11-07 23:06 UTC,-31.29,114.55,300.0,,11.74910145586897,35.05355209281165,,5.267960077343039,1500.9335989676035,,,direct_CTD_depth,2658.4,Glaubke_etal_2024_d18O-SIO_forNCEI(1).pdf,https://doi.org/10.1016/j.marchem.2024.104397
Glaubke_TT1811_2018,TT1811_03CTD,Southeast Indian Ocean,primary_indian_ocean,2018-11-07 23:06 UTC,-31.29,114.55,400.0,,10.543459963603276,34.88294244767971,,5.125785373066424,1498.1492154816565,,,direct_CTD_depth,2658.4,Glaubke_etal_2024_d18O-SIO_forNCEI(1).pdf,https://doi.org/10.1016/j.marchem.2024.104397
Glaubke_TT1811_2018,TT1811_03CTD,Southeast Indian Ocean,primary_indian_ocean,2018-11-07 23:06 UTC,-31.29,114.55,500.0,,9.33781847133758,34.71233280254777,,4.983610668789809,1495.2315040014064,,,direct_CTD_depth,2658.4,Glaubke_etal_2024_d18O-SIO_forNCEI(1).pdf,https://doi.org/10.1016/j.marchem.2024.104397
Glaubke_TT1811_2018,TT1811_03CTD,Southeast Indian Ocean,primary_indian_ocean,2018-11-07 23:06 UTC,-31.29,114.55,750.0,,5.660472959287016,34.4268315778813,,4.357148065626899,1484.8735590715942,,,direct_CTD_depth,2658.4,Glaubke_etal_2024_d18O-SIO_forNCEI(1).pdf,https://doi.org/10.1016/j.marchem.2024.104397
Glaubke_TT1811_2018,TT1811_03CTD,Southeast Indian Ocean,primary_indian_ocean,2018-11-07 23:06 UTC,-31.29,114.55,1000.0,,4.308610192680424,34.456051904001825,,3.9616387812108087,1483.5347331004361,,,direct_CTD_depth,2658.4,Glaubke_etal_2024_d18O-SIO_forNCEI(1).pdf,https://doi.org/10.1016/j.marchem.2024.104397
Glaubke_TT1811_2018,TT1811_03CTD,Southeast Indian Ocean,primary_indian_ocean,2018-11-07 23:06 UTC,-31.29,114.55,1250.0,,3.6245376809941856,34.53799809029757,,3.6659199350131115,1484.9445021164297,,,direct_CTD_depth,2658.4,Glaubke_etal_2024_d18O-SIO_forNCEI(1).pdf,https://doi.org/10.1016/j.marchem.2024.104397
Glaubke_TT1811_2018,TT1811_03CTD,Southeast Indian Ocean,primary_indian_ocean,2018-11-07 23:06 UTC,-31.29,114.55,1500.0,,2.940465169307947,34.619944276593316,,3.3702010888154144,1486.3290800069742,,,direct_CTD_depth,2658.4,Glaubke_etal_2024_d18O-SIO_forNCEI(1).pdf,https://doi.org/10.1016/j.marchem.2024.104397
Glaubke_TT1811_2018,TT1811_03CTD,Southeast Indian Ocean,primary_indian_ocean,2018-11-07 23:06 UTC,-31.29,114.55,2000.0,,2.3692913150176573,34.71001915364817,,3.550325612018914,1492.4177680646665,,,direct_CTD_depth,2658.4,Glaubke_etal_2024_d18O-SIO_forNCEI(1).pdf,https://doi.org/10.1016/j.marchem.2024.104397
Glaubke_TT1811_2018,TT1811_03CTD,Southeast Indian Ocean,primary_indian_ocean,2018-11-07 23:06 UTC,-31.29,114.55,2500.0,,2.0001845533808185,34.71999501207079,,3.719915205203408,1499.3376453681935,,,direct_CTD_depth,2658.4,Glaubke_etal_2024_d18O-SIO_forNCEI(1).pdf,https://doi.org/10.1016/j.marchem.2024.104397
Glaubke_TT1811_2018,TT1811_05CTD,Southeast Indian Ocean,primary_indian_ocean,2018-11-09 00:25 UTC,-31.48,110.0,5.0,,17.203408028373367,35.80056585523134,,5.375727873609544,1514.4650843012278,,,direct_CTD_depth,5091.3,Glaubke_etal_2024_d18O-SIO_forNCEI(1).pdf,https://doi.org/10.1016/j.marchem.2024.104397
Glaubke_TT1811_2018,TT1811_05CTD,Southeast Indian Ocean,primary_indian_ocean,2018-11-09 00:25 UTC,-31.48,110.0,10.0,,16.996250201515394,35.777996130904405,,5.389430920522328,1513.9035563610016,,,direct_CTD_depth,5091.3,Glaubke_etal_2024_d18O-SIO_forNCEI(1).pdf,https://doi.org/10.1016/j.marchem.2024.104397
Glaubke_TT1811_2018,TT1811_05CTD,Southeast Indian Ocean,primary_indian_ocean,2018-11-09 00:25 UTC,-31.48,110.0,20.0,,16.581934547799452,35.73285668225053,,5.416837014347896,1512.7696850713276,,,direct_CTD_depth,5091.3,Glaubke_etal_2024_d18O-SIO_forNCEI(1).pdf,https://doi.org/10.1016/j.marchem.2024.104397
Glaubke_TT1811_2018,TT1811_05CTD,Southeast Indian Ocean,primary_indian_ocean,2018-11-09 00:25 UTC,-31.48,110.0,30.0,,16.167618894083507,35.68771723359665,,5.444243108173464,1511.621308763608,,,direct_CTD_depth,5091.3,Glaubke_etal_2024_d18O-SIO_forNCEI(1).pdf,https://doi.org/10.1016/j.marchem.2024.104397
Glaubke_TT1811_2018,TT1811_05CTD,Southeast Indian Ocean,primary_indian_ocean,2018-11-09 00:25 UTC,-31.48,110.0,50.0,,15.338987586651621,35.597438336288896,,5.499055295824601,1509.2806356583762,,,direct_CTD_depth,5091.3,Glaubke_etal_2024_d18O-SIO_forNCEI(1).pdf,https://doi.org/10.1016/j.marchem.2024.104397
Glaubke_TT1811_2018,TT1811_05CTD,Southeast Indian Ocean,primary_indian_ocean,2018-11-09 00:25 UTC,-31.48,110.0,75.0,,14.533231151168438,35.49959576879486,,5.537285336499541,1507.026435384523,,,direct_CTD_depth,5091.3,Glaubke_etal_2024_d18O-SIO_forNCEI(1).pdf,https://doi.org/10.1016/j.marchem.2024.104397
Glaubke_TT1811_2018,TT1811_05CTD,Southeast Indian Ocean,primary_indian_ocean,2018-11-09 00:25 UTC,-31.48,110.0,100.0,,14.06909385287927,35.42403853418965,,5.530539154838362,1505.8523489303204,,,direct_CTD_depth,5091.3,Glaubke_etal_2024_d18O-SIO_forNCEI(1).pdf,https://doi.org/10.1016/j.marchem.2024.104397
Glaubke_TT1811_2018,TT1811_05CTD,Southeast Indian Ocean,primary_indian_ocean,2018-11-09 00:25 UTC,-31.48,110.0,150.0,,13.140819256300933,35.27292406497922,,5.517046791516002,1503.4468896185224,,,direct_CTD_depth,5091.3,Glaubke_etal_2024_d18O-SIO_forNCEI(1).pdf,https://doi.org/10.1016/j.marchem.2024.104397
Glaubke_TT1811_2018,TT1811_05CTD,Southeast Indian Ocean,primary_indian_ocean,2018-11-09 00:25 UTC,-31.48,110.0,200.0,,12.212544659722596,35.121809595768795,,5.503554428193643,1500.9640962111212,,,direct_CTD_depth,5091.3,Glaubke_etal_2024_d18O-SIO_forNCEI(1).pdf,https://doi.org/10.1016/j.marchem.2024.104397
Glaubke_TT1811_2018,TT1811_05CTD,Southeast Indian Ocean,primary_indian_ocean,2018-11-09 00:25 UTC,-31.48,110.0,300.0,,10.88000919632147,34.90830987604958,,5.4621399440223914,1497.7295106736613,,,direct_CTD_depth,5091.3,Glaubke_etal_2024_d18O-SIO_forNCEI(1).pdf,https://doi.org/10.1016/j.marchem.2024.104397
Glaubke_TT1811_2018,TT1811_05CTD,Southeast Indian Ocean,primary_indian_ocean,2018-11-09 00:25 UTC,-31.48,110.0,400.0,,10.076330667732906,34.78435945621751,,5.406162335065973,1496.3576845220848,,,direct_CTD_depth,5091.3,Glaubke_etal_2024_d18O-SIO_forNCEI(1).pdf,https://doi.org/10.1016/j.marchem.2024.104397
Glaubke_TT1811_2018,TT1811_05CTD,Southeast Indian Ocean,primary_indian_ocean,2018-11-09 00:25 UTC,-31.48,110.0,500.0,,9.272652139144341,34.660409036385445,,5.350184726109556,1494.9278032486416,,,direct_CTD_depth,5091.3,Glaubke_etal_2024_d18O-SIO_forNCEI(1).pdf,https://doi.org/10.1016/j.marchem.2024.104397
Glaubke_TT1811_2018,TT1811_05CTD,Southeast Indian Ocean,primary_indian_ocean,2018-11-09 00:25 UTC,-31.48,110.0,750.0,,6.333514426565902,34.49755611721428,,4.562771952653837,1487.646517653329,,,direct_CTD_depth,5091.3,Glaubke_etal_2024_d18O-SIO_forNCEI(1).pdf,https://doi.org/10.1016/j.marchem.2024.104397
Glaubke_TT1811_2018,TT1811_05CTD,Southeast Indian Ocean,primary_indian_ocean,2018-11-09 00:25 UTC,-31.48,110.0,1000.0,,4.445288261429863,34.412317208747666,,4.093849127733646,1484.0446792767493,,,direct_CTD_depth,5091.3,Glaubke_etal_2024_d18O-SIO_forNCEI(1).pdf,https://doi.org/10.1016/j.marchem.2024.104397
Glaubke_TT1811_2018,TT1811_05CTD,Southeast Indian Ocean,primary_indian_ocean,2018-11-09 00:25 UTC,-31.48,110.0,1250.0,,4.133695870439115,34.443091765882556,,4.103466176838299,1486.9565427916114,,,direct_CTD_depth,5091.3,Glaubke_etal_2024_d18O-SIO_forNCEI(1).pdf,https://doi.org/10.1016/j.marchem.2024.104397
Glaubke_TT1811_2018,TT1811_05CTD,Southeast Indian Ocean,primary_indian_ocean,2018-11-09 00:25 UTC,-31.48,110.0,1500.0,,3.8221034794483666,34.47386632301745,,4.113083225942952,1489.8789577700902,,,direct_CTD_depth,5091.3,Glaubke_etal_2024_d18O-SIO_forNCEI(1).pdf,https://doi.org/10.1016/j.marchem.2024.104397
Glaubke_TT1811_2018,TT1811_05CTD,Southeast Indian Ocean,primary_indian_ocean,2018-11-09 00:25 UTC,-31.48,110.0,2000.0,,3.1989186974668695,34.53541543728722,,4.1323173241522575,1495.755664618694,,,direct_CTD_depth,5091.3,Glaubke_etal_2024_d18O-SIO_forNCEI(1).pdf,https://doi.org/10.1016/j.marchem.2024.104397
Glaubke_TT1811_2018,TT1811_05CTD,Southeast Indian Ocean,primary_indian_ocean,2018-11-09 00:25 UTC,-31.48,110.0,2500.0,,2.5757339154853724,34.596964551557,,4.151551422361563,1501.676078995933,,,direct_CTD_depth,5091.3,Glaubke_etal_2024_d18O-SIO_forNCEI(1).pdf,https://doi.org/10.1016/j.marchem.2024.104397
Glaubke_TT1811_2018,TT1811_05CTD,Southeast Indian Ocean,primary_indian_ocean,2018-11-09 00:25 UTC,-31.48,110.0,3000.0,,1.9525491335038758,34.658513665826774,,4.170785520570869,1507.6428147500285,,,direct_CTD_depth,5091.3,Glaubke_etal_2024_d18O-SIO_forNCEI(1).pdf,https://doi.org/10.1016/j.marchem.2024.104397
Glaubke_TT1811_2018,TT1811_05CTD,Southeast Indian Ocean,primary_indian_ocean,2018-11-09 00:25 UTC,-31.48,110.0,4000.0,,1.2148769438471925,34.71499464973249,,4.325144457222861,1521.9057772241376,,,direct_CTD_depth,5091.3,Glaubke_etal_2024_d18O-SIO_forNCEI(1).pdf,https://doi.org/10.1016/j.marchem.2024.104397
Glaubke_TT1811_2018,TT1811_05CTD,Southeast Indian Ocean,primary_indian_ocean,2018-11-09 00:25 UTC,-31.48,110.0,5000.0,,1.0746277835974725,34.71,,4.510744432805055,1539.0388560925016,,,direct_CTD_depth,5091.3,Glaubke_etal_2024_d18O-SIO_forNCEI(1).pdf,https://doi.org/10.1016/j.marchem.2024.104397
Glaubke_TT1811_2018,TT1811_07CTD,Southeast Indian Ocean,primary_indian_ocean,2018-11-11 03:25 UTC,-31.3,100.48,5.0,,17.182834740651387,35.80305186972256,,5.512895054282268,1514.4068858158496,,,direct_CTD_depth,3410.62,Glaubke_etal_2024_d18O-SIO_forNCEI(1).pdf,https://doi.org/10.1016/j.marchem.2024.104397
Glaubke_TT1811_2018,TT1811_07CTD,Southeast Indian Ocean,primary_indian_ocean,2018-11-11 03:25 UTC,-31.3,100.48,10.0,,17.007925211097707,35.784957780458384,,5.52043425814234,1513.9465249831899,,,direct_CTD_depth,3410.62,Glaubke_etal_2024_d18O-SIO_forNCEI(1).pdf,https://doi.org/10.1016/j.marchem.2024.104397
Glaubke_TT1811_2018,TT1811_07CTD,Southeast Indian Ocean,primary_indian_ocean,2018-11-11 03:25 UTC,-31.3,100.48,20.0,,16.65810615199035,35.748769601930036,,5.535512665862485,1513.018113567584,,,direct_CTD_depth,3410.62,Glaubke_etal_2024_d18O-SIO_forNCEI(1).pdf,https://doi.org/10.1016/j.marchem.2024.104397
Glaubke_TT1811_2018,TT1811_07CTD,Southeast Indian Ocean,primary_indian_ocean,2018-11-11 03:25 UTC,-31.3,100.48,30.0,,16.308287092882992,35.71258142340169,,5.55059107358263,1512.0793982840198,,,direct_CTD_depth,3410.62,Glaubke_etal_2024_d18O-SIO_forNCEI(1).pdf,https://doi.org/10.1016/j.marchem.2024.104397
Glaubke_TT1811_2018,TT1811_07CTD,Southeast Indian Ocean,primary_indian_ocean,2018-11-11 03:25 UTC,-31.3,100.48,50.0,,15.608648974668275,35.640205066345,,5.580747889022919,1510.1708119756172,,,direct_CTD_depth,3410.62,Glaubke_etal_2024_d18O-SIO_forNCEI(1).pdf,https://doi.org/10.1016/j.marchem.2024.104397
Glaubke_TT1811_2018,TT1811_07CTD,Southeast Indian Ocean,primary_indian_ocean,2018-11-11 03:25 UTC,-31.3,100.48,75.0,,14.835174622625745,35.554715646410074,,5.604385339497577,1508.0526239225412,,,direct_CTD_depth,3410.62,Glaubke_etal_2024_d18O-SIO_forNCEI(1).pdf,https://doi.org/10.1016/j.marchem.2024.104397
Glaubke_TT1811_2018,TT1811_07CTD,Southeast Indian Ocean,primary_indian_ocean,2018-11-11 03:25 UTC,-31.3,100.48,100.0,,14.411847045062107,35.48648192502646,,5.579319890826046,1507.0306212806634,,,direct_CTD_depth,3410.62,Glaubke_etal_2024_d18O-SIO_forNCEI(1).pdf,https://doi.org/10.1016/j.marchem.2024.104397
Glaubke_TT1811_2018,TT1811_07CTD,Southeast Indian Ocean,primary_indian_ocean,2018-11-11 03:25 UTC,-31.3,100.48,150.0,,13.56519188993483,35.35001448225923,,5.529188993482983,1504.9393546377478,,,direct_CTD_depth,3410.62,Glaubke_etal_2024_d18O-SIO_forNCEI(1).pdf,https://doi.org/10.1016/j.marchem.2024.104397
Glaubke_TT1811_2018,TT1811_07CTD,Southeast Indian Ocean,primary_indian_ocean,2018-11-11 03:25 UTC,-31.3,100.48,200.0,,12.718536734807554,35.213547039492006,,5.479058096139921,1502.7843492354164,,,direct_CTD_depth,3410.62,Glaubke_etal_2024_d18O-SIO_forNCEI(1).pdf,https://doi.org/10.1016/j.marchem.2024.104397
Glaubke_TT1811_2018,TT1811_07CTD,Southeast Indian Ocean,primary_indian_ocean,2018-11-11 03:25 UTC,-31.3,100.48,300.0,,11.402587486744434,34.99876458112407,,5.487541755037116,1499.668373550937,,,direct_CTD_depth,3410.62,Glaubke_etal_2024_d18O-SIO_forNCEI(1).pdf,https://doi.org/10.1016/j.marchem.2024.104397
Glaubke_TT1811_2018,TT1811_07CTD,Southeast Indian Ocean,primary_indian_ocean,2018-11-11 03:25 UTC,-31.3,100.48,400.0,,10.44854589068479,34.83982637500714,,5.599527957050659,1497.7584293290986,,,direct_CTD_depth,3410.62,Glaubke_etal_2024_d18O-SIO_forNCEI(1).pdf,https://doi.org/10.1016/j.marchem.2024.104397
Glaubke_TT1811_2018,TT1811_07CTD,Southeast Indian Ocean,primary_indian_ocean,2018-11-11 03:25 UTC,-31.3,100.48,500.0,,9.683225198469358,34.74844479981724,,5.351084299503112,1496.5368401956387,,,direct_CTD_depth,3410.62,Glaubke_etal_2024_d18O-SIO_forNCEI(1).pdf,https://doi.org/10.1016/j.marchem.2024.104397
Glaubke_TT1811_2018,TT1811_07CTD,Southeast Indian Ocean,primary_indian_ocean,2018-11-11 03:25 UTC,-31.3,100.48,750.0,,7.769857998892189,34.51999395739967,,4.72997381539856,1493.2526128604522,,,direct_CTD_depth,3410.62,Glaubke_etal_2024_d18O-SIO_forNCEI(1).pdf,https://doi.org/10.1016/j.marchem.2024.104397
Glaubke_TT1811_2018,TT1811_07CTD,Southeast Indian Ocean,primary_indian_ocean,2018-11-11 03:25 UTC,-31.3,100.48,1000.0,,4.7627857206287185,34.41940635822751,,4.109543557410532,1485.3628798234938,,,direct_CTD_depth,3410.62,Glaubke_etal_2024_d18O-SIO_forNCEI(1).pdf,https://doi.org/10.1016/j.marchem.2024.104397
Glaubke_TT1811_2018,TT1811_07CTD,Southeast Indian Ocean,primary_indian_ocean,2018-11-11 03:25 UTC,-31.3,100.48,1250.0,,3.8525646034988013,34.51375854719829,,3.6211322262676493,1485.8724501687084,,,direct_CTD_depth,3410.62,Glaubke_etal_2024_d18O-SIO_forNCEI(1).pdf,https://doi.org/10.1016/j.marchem.2024.104397
Glaubke_TT1811_2018,TT1811_07CTD,Southeast Indian Ocean,primary_indian_ocean,2018-11-11 03:25 UTC,-31.3,100.48,1500.0,,3.2021066213455134,34.58009528689165,,3.3785835681660554,1487.3950904849644,,,direct_CTD_depth,3410.62,Glaubke_etal_2024_d18O-SIO_forNCEI(1).pdf,https://doi.org/10.1016/j.marchem.2024.104397
Glaubke_TT1811_2018,TT1811_07CTD,Southeast Indian Ocean,primary_indian_ocean,2018-11-11 03:25 UTC,-31.3,100.48,2000.0,,2.667875196041064,34.630081853002004,,3.6191439175721523,1493.6043962688084,,,direct_CTD_depth,3410.62,Glaubke_etal_2024_d18O-SIO_forNCEI(1).pdf,https://doi.org/10.1016/j.marchem.2024.104397
Glaubke_TT1811_2018,TT1811_07CTD,Southeast Indian Ocean,primary_indian_ocean,2018-11-11 03:25 UTC,-31.3,100.48,2500.0,,2.1336437707366143,34.68006841911236,,3.8597042669782495,1499.8677666989051,,,direct_CTD_depth,3410.62,Glaubke_etal_2024_d18O-SIO_forNCEI(1).pdf,https://doi.org/10.1016/j.marchem.2024.104397
Glaubke_TT1811_2018,TT1811_07CTD,Southeast Indian Ocean,primary_indian_ocean,2018-11-11 03:25 UTC,-31.3,100.48,3000.0,,1.5996655884427367,34.73,,4.100294282170392,1506.1886038908308,,,direct_CTD_depth,3410.62,Glaubke_etal_2024_d18O-SIO_forNCEI(1).pdf,https://doi.org/10.1016/j.marchem.2024.104397
Glaubke_TT1811_2018,TT1811_11CTD,Southeast Indian Ocean,primary_indian_ocean,2018-11-12 12:30 UTC,-32.31,96.88,5.0,,17.14029501216545,35.70205291970803,,5.607539537712895,1514.162862320946,,,direct_CTD_depth,1591.01,Glaubke_etal_2024_d18O-SIO_forNCEI(1).pdf,https://doi.org/10.1016/j.marchem.2024.104397
Glaubke_TT1811_2018,TT1811_11CTD,Southeast Indian Ocean,primary_indian_ocean,2018-11-12 12:30 UTC,-32.31,96.88,10.0,,16.917515206812652,35.6723996350365,,5.635672141119221,1513.5450272701312,,,direct_CTD_depth,1591.01,Glaubke_etal_2024_d18O-SIO_forNCEI(1).pdf,https://doi.org/10.1016/j.marchem.2024.104397
Glaubke_TT1811_2018,TT1811_11CTD,Southeast Indian Ocean,primary_indian_ocean,2018-11-12 12:30 UTC,-32.31,96.88,20.0,,16.471955596107055,35.613093065693434,,5.691937347931873,1512.2967535950365,,,direct_CTD_depth,1591.01,Glaubke_etal_2024_d18O-SIO_forNCEI(1).pdf,https://doi.org/10.1016/j.marchem.2024.104397
Glaubke_TT1811_2018,TT1811_11CTD,Southeast Indian Ocean,primary_indian_ocean,2018-11-12 12:30 UTC,-32.31,96.88,30.0,,16.02639598540146,35.55378649635036,,5.748202554744525,1511.0315701087916,,,direct_CTD_depth,1591.01,Glaubke_etal_2024_d18O-SIO_forNCEI(1).pdf,https://doi.org/10.1016/j.marchem.2024.104397
Glaubke_TT1811_2018,TT1811_11CTD,Southeast Indian Ocean,primary_indian_ocean,2018-11-12 12:30 UTC,-32.31,96.88,50.0,,15.135276763990268,35.43517335766423,,5.860732968369829,1508.4499695138543,,,direct_CTD_depth,1591.01,Glaubke_etal_2024_d18O-SIO_forNCEI(1).pdf,https://doi.org/10.1016/j.marchem.2024.104397
Glaubke_TT1811_2018,TT1811_11CTD,Southeast Indian Ocean,primary_indian_ocean,2018-11-12 12:30 UTC,-32.31,96.88,75.0,,14.177472916206057,35.312597833296486,,5.944092416537696,1505.6611062096442,,,direct_CTD_depth,1591.01,Glaubke_etal_2024_d18O-SIO_forNCEI(1).pdf,https://doi.org/10.1016/j.marchem.2024.104397
Glaubke_TT1811_2018,TT1811_11CTD,Southeast Indian Ocean,primary_indian_ocean,2018-11-12 12:30 UTC,-32.31,96.88,100.0,,13.762925049745743,35.27943400397966,,5.828019013928808,1504.6844288193327,,,direct_CTD_depth,1591.01,Glaubke_etal_2024_d18O-SIO_forNCEI(1).pdf,https://doi.org/10.1016/j.marchem.2024.104397
Glaubke_TT1811_2018,TT1811_11CTD,Southeast Indian Ocean,primary_indian_ocean,2018-11-12 12:30 UTC,-32.31,96.88,150.0,,12.933829316825115,35.21310634534601,,5.595872208711032,1502.6861622302854,,,direct_CTD_depth,1591.01,Glaubke_etal_2024_d18O-SIO_forNCEI(1).pdf,https://doi.org/10.1016/j.marchem.2024.104397
Glaubke_TT1811_2018,TT1811_11CTD,Southeast Indian Ocean,primary_indian_ocean,2018-11-12 12:30 UTC,-32.31,96.88,200.0,,12.362498429319372,35.13698429319372,,5.547899476439791,1501.4914230892796,,,direct_CTD_depth,1591.01,Glaubke_etal_2024_d18O-SIO_forNCEI(1).pdf,https://doi.org/10.1016/j.marchem.2024.104397
Glaubke_TT1811_2018,TT1811_11CTD,Southeast Indian Ocean,primary_indian_ocean,2018-11-12 12:30 UTC,-32.31,96.88,300.0,,11.34679162303665,34.97991623036649,,5.54266387434555,1499.4513338389027,,,direct_CTD_depth,1591.01,Glaubke_etal_2024_d18O-SIO_forNCEI(1).pdf,https://doi.org/10.1016/j.marchem.2024.104397
Glaubke_TT1811_2018,TT1811_11CTD,Southeast Indian Ocean,primary_indian_ocean,2018-11-12 12:30 UTC,-32.31,96.88,400.0,,10.460619427862625,34.83907124583301,,5.524767811458252,1497.8004973130933,,,direct_CTD_depth,1591.01,Glaubke_etal_2024_d18O-SIO_forNCEI(1).pdf,https://doi.org/10.1016/j.marchem.2024.104397
Glaubke_TT1811_2018,TT1811_11CTD,Southeast Indian Ocean,primary_indian_ocean,2018-11-12 12:30 UTC,-32.31,96.88,500.0,,9.757666252881716,34.7269107997872,,5.473821599574393,1496.7803324868185,,,direct_CTD_depth,1591.01,Glaubke_etal_2024_d18O-SIO_forNCEI(1).pdf,https://doi.org/10.1016/j.marchem.2024.104397
Glaubke_TT1811_2018,TT1811_11CTD,Southeast Indian Ocean,primary_indian_ocean,2018-11-12 12:30 UTC,-32.31,96.88,750.0,,7.5600000000000005,34.510000000000005,,4.806666666666667,1492.4374210918656,,,direct_CTD_depth,1591.01,Glaubke_etal_2024_d18O-SIO_forNCEI(1).pdf,https://doi.org/10.1016/j.marchem.2024.104397
Glaubke_TT1811_2018,TT1811_11CTD,Southeast Indian Ocean,primary_indian_ocean,2018-11-12 12:30 UTC,-32.31,96.88,1000.0,,4.530738166170142,34.390243296921554,,4.25146805693479,1484.3694237187653,,,direct_CTD_depth,1591.01,Glaubke_etal_2024_d18O-SIO_forNCEI(1).pdf,https://doi.org/10.1016/j.marchem.2024.104397
Glaubke_TT1811_2018,TT1811_11CTD,Southeast Indian Ocean,primary_indian_ocean,2018-11-12 12:30 UTC,-32.31,96.88,1250.0,,3.620582588988135,34.489923343554196,,3.6103986135181976,1484.8651779167596,,,direct_CTD_depth,1591.01,Glaubke_etal_2024_d18O-SIO_forNCEI(1).pdf,https://doi.org/10.1016/j.marchem.2024.104397
Glaubke_TT1811_2018,TT1811_11CTD,Southeast Indian Ocean,primary_indian_ocean,2018-11-12 12:30 UTC,-32.31,96.88,1500.0,,3.0866326637371833,34.591434400502195,,3.4857172002510985,1486.917270109157,,,direct_CTD_depth,1591.01,Glaubke_etal_2024_d18O-SIO_forNCEI(1).pdf,https://doi.org/10.1016/j.marchem.2024.104397
Glaubke_TT1811_2018,TT1811_14CTD,Southeast Indian Ocean,primary_indian_ocean,2018-11-13 07:40 UTC,-32.04,96.55,100.0,,15.150279017508817,35.51683031116382,,5.64828251303018,1509.4101157184195,,,direct_CTD_depth,1271.75,Glaubke_etal_2024_d18O-SIO_forNCEI(1).pdf,https://doi.org/10.1016/j.marchem.2024.104397
Glaubke_TT1811_2018,TT1811_14CTD,Southeast Indian Ocean,primary_indian_ocean,2018-11-13 07:40 UTC,-32.04,96.55,150.0,,14.39187572173153,35.407595268562154,,5.618633001466871,1507.689591879851,,,direct_CTD_depth,1271.75,Glaubke_etal_2024_d18O-SIO_forNCEI(1).pdf,https://doi.org/10.1016/j.marchem.2024.104397
Glaubke_TT1811_2018,TT1811_14CTD,Southeast Indian Ocean,primary_indian_ocean,2018-11-13 07:40 UTC,-32.04,96.55,200.0,,13.633472425954245,35.29836022596049,,5.588983489903561,1505.9189642610984,,,direct_CTD_depth,1271.75,Glaubke_etal_2024_d18O-SIO_forNCEI(1).pdf,https://doi.org/10.1016/j.marchem.2024.104397
Glaubke_TT1811_2018,TT1811_14CTD,Southeast Indian Ocean,primary_indian_ocean,2018-11-13 07:40 UTC,-32.04,96.55,300.0,,12.116665834399676,35.07989014075716,,5.529684466776942,1502.2249009724192,,,direct_CTD_depth,1271.75,Glaubke_etal_2024_d18O-SIO_forNCEI(1).pdf,https://doi.org/10.1016/j.marchem.2024.104397
Glaubke_TT1811_2018,TT1811_14CTD,Southeast Indian Ocean,primary_indian_ocean,2018-11-13 07:40 UTC,-32.04,96.55,400.0,,10.599859242845104,34.86142005555382,,5.470385443650323,1498.3229486738612,,,direct_CTD_depth,1271.75,Glaubke_etal_2024_d18O-SIO_forNCEI(1).pdf,https://doi.org/10.1016/j.marchem.2024.104397
Glaubke_TT1811_2018,TT1811_14CTD,Southeast Indian Ocean,primary_indian_ocean,2018-11-13 07:40 UTC,-32.04,96.55,500.0,,9.783658018597176,34.82236310412122,,5.232773504764091,1496.9928924795993,,,direct_CTD_depth,1271.75,Glaubke_etal_2024_d18O-SIO_forNCEI(1).pdf,https://doi.org/10.1016/j.marchem.2024.104397
Glaubke_TT1811_2018,TT1811_14CTD,Southeast Indian Ocean,primary_indian_ocean,2018-11-13 07:40 UTC,-32.04,96.55,750.0,,7.754614280794398,34.727655263459994,,4.635827115141774,1493.4562165931952,,,direct_CTD_depth,1271.75,Glaubke_etal_2024_d18O-SIO_forNCEI(1).pdf,https://doi.org/10.1016/j.marchem.2024.104397
Glaubke_TT1811_2018,TT1811_14CTD,Southeast Indian Ocean,primary_indian_ocean,2018-11-13 07:40 UTC,-32.04,96.55,1000.0,,5.72557054299162,34.63294742279876,,4.0388807255194585,1489.544991175589,,,direct_CTD_depth,1271.75,Glaubke_etal_2024_d18O-SIO_forNCEI(1).pdf,https://doi.org/10.1016/j.marchem.2024.104397
Glaubke_TT1811_2018,TT1811_14CTD,Southeast Indian Ocean,primary_indian_ocean,2018-11-13 07:40 UTC,-32.04,96.55,1250.0,,3.6965268051888414,34.53823958213753,,3.4419343358971415,1485.2482921430912,,,direct_CTD_depth,1271.75,Glaubke_etal_2024_d18O-SIO_forNCEI(1).pdf,https://doi.org/10.1016/j.marchem.2024.104397
Glaubke_TT1811_2018,TT1811_15CTD,Southeast Indian Ocean,primary_indian_ocean,2018-11-14 11:57 UTC,-30.38,97.79,5.0,,19.498947682217917,35.88069458935758,,5.164167536145476,1521.1590074945868,,,direct_CTD_depth,2940.43,Glaubke_etal_2024_d18O-SIO_forNCEI(1).pdf,https://doi.org/10.1016/j.marchem.2024.104397
Glaubke_TT1811_2018,TT1811_15CTD,Southeast Indian Ocean,primary_indian_ocean,2018-11-14 11:57 UTC,-30.38,97.79,10.0,,19.389393352213446,35.88218512445968,,5.173110746758086,1520.9367177571814,,,direct_CTD_depth,2940.43,Glaubke_etal_2024_d18O-SIO_forNCEI(1).pdf,https://doi.org/10.1016/j.marchem.2024.104397
Glaubke_TT1811_2018,TT1811_15CTD,Southeast Indian Ocean,primary_indian_ocean,2018-11-14 11:57 UTC,-30.38,97.79,20.0,,19.1702846922045,35.88516619466389,,5.190997167983306,1520.4893463763237,,,direct_CTD_depth,2940.43,Glaubke_etal_2024_d18O-SIO_forNCEI(1).pdf,https://doi.org/10.1016/j.marchem.2024.104397
Glaubke_TT1811_2018,TT1811_15CTD,Southeast Indian Ocean,primary_indian_ocean,2018-11-14 11:57 UTC,-30.38,97.79,30.0,,18.95117603219556,35.88814726486809,,5.208883589208526,1520.0382399029895,,,direct_CTD_depth,2940.43,Glaubke_etal_2024_d18O-SIO_forNCEI(1).pdf,https://doi.org/10.1016/j.marchem.2024.104397
Glaubke_TT1811_2018,TT1811_15CTD,Southeast Indian Ocean,primary_indian_ocean,2018-11-14 11:57 UTC,-30.38,97.79,50.0,,18.51295871217767,35.894109405276495,,5.2446564316589654,1519.1247614505878,,,direct_CTD_depth,2940.43,Glaubke_etal_2024_d18O-SIO_forNCEI(1).pdf,https://doi.org/10.1016/j.marchem.2024.104397
Glaubke_TT1811_2018,TT1811_15CTD,Southeast Indian Ocean,primary_indian_ocean,2018-11-14 11:57 UTC,-30.38,97.79,75.0,,17.946112224448896,35.88249832999332,,5.276791360498776,1517.8841529591841,,,direct_CTD_depth,2940.43,Glaubke_etal_2024_d18O-SIO_forNCEI(1).pdf,https://doi.org/10.1016/j.marchem.2024.104397
Glaubke_TT1811_2018,TT1811_15CTD,Southeast Indian Ocean,primary_indian_ocean,2018-11-14 11:57 UTC,-30.38,97.79,100.0,,17.307334669338676,35.79899799599198,,5.261482965931864,1516.3215002113534,,,direct_CTD_depth,2940.43,Glaubke_etal_2024_d18O-SIO_forNCEI(1).pdf,https://doi.org/10.1016/j.marchem.2024.104397
Glaubke_TT1811_2018,TT1811_15CTD,Southeast Indian Ocean,primary_indian_ocean,2018-11-14 11:57 UTC,-30.38,97.79,150.0,,16.029779559118236,35.63199732798931,,5.230866176798041,1513.0934827592594,,,direct_CTD_depth,2940.43,Glaubke_etal_2024_d18O-SIO_forNCEI(1).pdf,https://doi.org/10.1016/j.marchem.2024.104397
Glaubke_TT1811_2018,TT1811_15CTD,Southeast Indian Ocean,primary_indian_ocean,2018-11-14 11:57 UTC,-30.38,97.79,200.0,,14.752224448897795,35.46499665998664,,5.2002493876642175,1509.7260380725236,,,direct_CTD_depth,2940.43,Glaubke_etal_2024_d18O-SIO_forNCEI(1).pdf,https://doi.org/10.1016/j.marchem.2024.104397
Glaubke_TT1811_2018,TT1811_15CTD,Southeast Indian Ocean,primary_indian_ocean,2018-11-14 11:57 UTC,-30.38,97.79,300.0,,13.004829823512479,35.227168449257064,,5.17672291237627,1505.395849912924,,,direct_CTD_depth,2940.43,Glaubke_etal_2024_d18O-SIO_forNCEI(1).pdf,https://doi.org/10.1016/j.marchem.2024.104397
Glaubke_TT1811_2018,TT1811_15CTD,Southeast Indian Ocean,primary_indian_ocean,2018-11-14 11:57 UTC,-30.38,97.79,400.0,,12.045995482628047,35.08323257822361,,5.190009300471667,1503.629209524502,,,direct_CTD_depth,2940.43,Glaubke_etal_2024_d18O-SIO_forNCEI(1).pdf,https://doi.org/10.1016/j.marchem.2024.104397
Glaubke_TT1811_2018,TT1811_15CTD,Southeast Indian Ocean,primary_indian_ocean,2018-11-14 11:57 UTC,-30.38,97.79,500.0,,11.087161141743618,34.939296707190145,,5.203295688567064,1501.7811992762468,,,direct_CTD_depth,2940.43,Glaubke_etal_2024_d18O-SIO_forNCEI(1).pdf,https://doi.org/10.1016/j.marchem.2024.104397
Glaubke_TT1811_2018,TT1811_15CTD,Southeast Indian Ocean,primary_indian_ocean,2018-11-14 11:57 UTC,-30.38,97.79,750.0,,8.682858624642877,34.63840591050534,,5.058764216694266,1496.8438660871066,,,direct_CTD_depth,2940.43,Glaubke_etal_2024_d18O-SIO_forNCEI(1).pdf,https://doi.org/10.1016/j.marchem.2024.104397
Glaubke_TT1811_2018,TT1811_15CTD,Southeast Indian Ocean,primary_indian_ocean,2018-11-14 11:57 UTC,-30.38,97.79,1000.0,,6.248960566302113,34.57926446235874,,4.185290520990665,1491.5619242533367,,,direct_CTD_depth,2940.43,Glaubke_etal_2024_d18O-SIO_forNCEI(1).pdf,https://doi.org/10.1016/j.marchem.2024.104397
Glaubke_TT1811_2018,TT1811_15CTD,Southeast Indian Ocean,primary_indian_ocean,2018-11-14 11:57 UTC,-30.38,97.79,1250.0,,3.8150625079613487,34.520123014212146,,3.311816825287064,1485.7232821235907,,,direct_CTD_depth,2940.43,Glaubke_etal_2024_d18O-SIO_forNCEI(1).pdf,https://doi.org/10.1016/j.marchem.2024.104397
Glaubke_TT1811_2018,TT1811_15CTD,Southeast Indian Ocean,primary_indian_ocean,2018-11-14 11:57 UTC,-30.38,97.79,1500.0,,3.285794950471934,34.59488643564686,,3.226792849281259,1487.7706127059053,,,direct_CTD_depth,2940.43,Glaubke_etal_2024_d18O-SIO_forNCEI(1).pdf,https://doi.org/10.1016/j.marchem.2024.104397
Glaubke_TT1811_2018,TT1811_15CTD,Southeast Indian Ocean,primary_indian_ocean,2018-11-14 11:57 UTC,-30.38,97.79,2000.0,,2.5505868327949544,34.68608291032149,,3.5004983848638673,1493.1716230116635,,,direct_CTD_depth,2940.43,Glaubke_etal_2024_d18O-SIO_forNCEI(1).pdf,https://doi.org/10.1016/j.marchem.2024.104397
Glaubke_TT1811_2018,TT1811_15CTD,Southeast Indian Ocean,primary_indian_ocean,2018-11-14 11:57 UTC,-30.38,97.79,2500.0,,1.958297656693424,34.72,,3.7919232952241955,1499.1543738441264,,,direct_CTD_depth,2940.43,Glaubke_etal_2024_d18O-SIO_forNCEI(1).pdf,https://doi.org/10.1016/j.marchem.2024.104397
Glaubke_TT1811_2018,TT1811_19CTD,Southeast Indian Ocean,primary_indian_ocean,2018-11-15 19:56 UTC,-32.59,95.76,5.0,,16.534108996889262,35.47562517674625,,5.77732153678342,1512.0794843349595,,,direct_CTD_depth,5140.6,Glaubke_etal_2024_d18O-SIO_forNCEI(1).pdf,https://doi.org/10.1016/j.marchem.2024.104397
Glaubke_TT1811_2018,TT1811_19CTD,Southeast Indian Ocean,primary_indian_ocean,2018-11-15 19:56 UTC,-32.59,95.76,10.0,,16.4302831979962,35.4657273865794,,5.7712616652526965,1511.834686847615,,,direct_CTD_depth,5140.6,Glaubke_etal_2024_d18O-SIO_forNCEI(1).pdf,https://doi.org/10.1016/j.marchem.2024.104397
Glaubke_TT1811_2018,TT1811_19CTD,Southeast Indian Ocean,primary_indian_ocean,2018-11-15 19:56 UTC,-32.59,95.76,20.0,,16.222631600210075,35.4459318062457,,5.75914192219125,1511.342378428911,,,direct_CTD_depth,5140.6,Glaubke_etal_2024_d18O-SIO_forNCEI(1).pdf,https://doi.org/10.1016/j.marchem.2024.104397
Glaubke_TT1811_2018,TT1811_19CTD,Southeast Indian Ocean,primary_indian_ocean,2018-11-15 19:56 UTC,-32.59,95.76,30.0,,16.014980002423947,35.42613622591201,,5.747022179129803,1510.846441402159,,,direct_CTD_depth,5140.6,Glaubke_etal_2024_d18O-SIO_forNCEI(1).pdf,https://doi.org/10.1016/j.marchem.2024.104397
Glaubke_TT1811_2018,TT1811_19CTD,Southeast Indian Ocean,primary_indian_ocean,2018-11-15 19:56 UTC,-32.59,95.76,50.0,,15.599676806851694,35.38654506524461,,5.722782693006908,1509.843630263593,,,direct_CTD_depth,5140.6,Glaubke_etal_2024_d18O-SIO_forNCEI(1).pdf,https://doi.org/10.1016/j.marchem.2024.104397
Glaubke_TT1811_2018,TT1811_19CTD,Southeast Indian Ocean,primary_indian_ocean,2018-11-15 19:56 UTC,-32.59,95.76,75.0,,15.080547812386376,35.33705611441037,,5.692483335353291,1508.5694772084557,,,direct_CTD_depth,5140.6,Glaubke_etal_2024_d18O-SIO_forNCEI(1).pdf,https://doi.org/10.1016/j.marchem.2024.104397
Glaubke_TT1811_2018,TT1811_19CTD,Southeast Indian Ocean,primary_indian_ocean,2018-11-15 19:56 UTC,-32.59,95.76,100.0,,14.561418817921059,35.28756716357613,,5.662183977699673,1507.272205083822,,,direct_CTD_depth,5140.6,Glaubke_etal_2024_d18O-SIO_forNCEI(1).pdf,https://doi.org/10.1016/j.marchem.2024.104397
Glaubke_TT1811_2018,TT1811_19CTD,Southeast Indian Ocean,primary_indian_ocean,2018-11-15 19:56 UTC,-32.59,95.76,150.0,,13.523160828990424,35.188589261907644,,5.601585262392438,1504.6075041473543,,,direct_CTD_depth,5140.6,Glaubke_etal_2024_d18O-SIO_forNCEI(1).pdf,https://doi.org/10.1016/j.marchem.2024.104397
Glaubke_TT1811_2018,TT1811_19CTD,Southeast Indian Ocean,primary_indian_ocean,2018-11-15 19:56 UTC,-32.59,95.76,200.0,,12.484902840059789,35.08961136023916,,5.540986547085202,1501.847929886545,,,direct_CTD_depth,5140.6,Glaubke_etal_2024_d18O-SIO_forNCEI(1).pdf,https://doi.org/10.1016/j.marchem.2024.104397
Glaubke_TT1811_2018,TT1811_19CTD,Southeast Indian Ocean,primary_indian_ocean,2018-11-15 19:56 UTC,-32.59,95.76,300.0,,11.116290613116284,34.94470278204017,,5.420340249516312,1498.6038060622604,,,direct_CTD_depth,5140.6,Glaubke_etal_2024_d18O-SIO_forNCEI(1).pdf,https://doi.org/10.1016/j.marchem.2024.104397
Glaubke_TT1811_2018,TT1811_19CTD,Southeast Indian Ocean,primary_indian_ocean,2018-11-15 19:56 UTC,-32.59,95.76,400.0,,10.464701670113639,34.853524807080746,,5.30025218493562,1497.8328503385414,,,direct_CTD_depth,5140.6,Glaubke_etal_2024_d18O-SIO_forNCEI(1).pdf,https://doi.org/10.1016/j.marchem.2024.104397
Glaubke_TT1811_2018,TT1811_19CTD,Southeast Indian Ocean,primary_indian_ocean,2018-11-15 19:56 UTC,-32.59,95.76,500.0,,9.813112727110992,34.76234683212133,,5.180164120354927,1497.0251833768366,,,direct_CTD_depth,5140.6,Glaubke_etal_2024_d18O-SIO_forNCEI(1).pdf,https://doi.org/10.1016/j.marchem.2024.104397
Glaubke_TT1811_2018,TT1811_19CTD,Southeast Indian Ocean,primary_indian_ocean,2018-11-15 19:56 UTC,-32.59,95.76,750.0,,8.277372099460257,34.58461410711814,,4.893474419892052,1495.2573719724637,,,direct_CTD_depth,5140.6,Glaubke_etal_2024_d18O-SIO_forNCEI(1).pdf,https://doi.org/10.1016/j.marchem.2024.104397
Glaubke_TT1811_2018,TT1811_19CTD,Southeast Indian Ocean,primary_indian_ocean,2018-11-15 19:56 UTC,-32.59,95.76,1000.0,,7.1144651781458075,34.60768002952438,,4.660893035629162,1494.9886673616888,,,direct_CTD_depth,5140.6,Glaubke_etal_2024_d18O-SIO_forNCEI(1).pdf,https://doi.org/10.1016/j.marchem.2024.104397
Glaubke_TT1811_2018,TT1811_19CTD,Southeast Indian Ocean,primary_indian_ocean,2018-11-15 19:56 UTC,-32.59,95.76,1250.0,,5.9515582568313565,34.63074595193062,,4.428311651366272,1494.61106372004,,,direct_CTD_depth,5140.6,Glaubke_etal_2024_d18O-SIO_forNCEI(1).pdf,https://doi.org/10.1016/j.marchem.2024.104397
Glaubke_TT1811_2018,TT1811_19CTD,Southeast Indian Ocean,primary_indian_ocean,2018-11-15 19:56 UTC,-32.59,95.76,1500.0,,4.7886513355169065,34.65381187433685,,4.195730267103381,1494.1229344291853,,,direct_CTD_depth,5140.6,Glaubke_etal_2024_d18O-SIO_forNCEI(1).pdf,https://doi.org/10.1016/j.marchem.2024.104397
Glaubke_TT1811_2018,TT1811_19CTD,Southeast Indian Ocean,primary_indian_ocean,2018-11-15 19:56 UTC,-32.59,95.76,2000.0,,2.4628374928880072,34.69994371914933,,3.730567498577601,1492.8101490501292,,,direct_CTD_depth,5140.6,Glaubke_etal_2024_d18O-SIO_forNCEI(1).pdf,https://doi.org/10.1016/j.marchem.2024.104397
Glaubke_TT1811_2018,TT1811_19CTD,Southeast Indian Ocean,primary_indian_ocean,2018-11-15 19:56 UTC,-32.59,95.76,2500.0,,2.0355609439056095,34.71997360263974,,4.0345974402559746,1499.4922671202087,,,direct_CTD_depth,5140.6,Glaubke_etal_2024_d18O-SIO_forNCEI(1).pdf,https://doi.org/10.1016/j.marchem.2024.104397
Glaubke_TT1811_2018,TT1811_19CTD,Southeast Indian Ocean,primary_indian_ocean,2018-11-15 19:56 UTC,-32.59,95.76,3000.0,,1.6106034396560345,34.73997160283972,,4.33956694330567,1506.2499939890365,,,direct_CTD_depth,5140.6,Glaubke_etal_2024_d18O-SIO_forNCEI(1).pdf,https://doi.org/10.1016/j.marchem.2024.104397
Glaubke_TT1811_2018,TT1811_19CTD,Southeast Indian Ocean,primary_indian_ocean,2018-11-15 19:56 UTC,-32.59,95.76,4000.0,,1.1401092131055726,34.72,,4.469966395967516,1521.5816302046421,,,direct_CTD_depth,5140.6,Glaubke_etal_2024_d18O-SIO_forNCEI(1).pdf,https://doi.org/10.1016/j.marchem.2024.104397
Glaubke_TT1811_2018,TT1811_19CTD,Southeast Indian Ocean,primary_indian_ocean,2018-11-15 19:56 UTC,-32.59,95.76,5000.0,,1.14,34.711233138627236,,4.478766861372766,1539.3273568310813,,,direct_CTD_depth,5140.6,Glaubke_etal_2024_d18O-SIO_forNCEI(1).pdf,https://doi.org/10.1016/j.marchem.2024.104397
Glaubke_TT1811_2018,TT1811_26CTD,Southeast Indian Ocean,primary_indian_ocean,2018-11-18 15:51 UTC,-35.84,91.78,5.0,,15.20586920013942,35.04829455317441,,5.846690924069751,1507.4796795187794,,,direct_CTD_depth,3789.99,Glaubke_etal_2024_d18O-SIO_forNCEI(1).pdf,https://doi.org/10.1016/j.marchem.2024.104397
Glaubke_TT1811_2018,TT1811_26CTD,Southeast Indian Ocean,primary_indian_ocean,2018-11-18 15:51 UTC,-35.84,91.78,10.0,,15.15580530001373,35.04475628175202,,5.8398256213099,1507.3995868310915,,,direct_CTD_depth,3789.99,Glaubke_etal_2024_d18O-SIO_forNCEI(1).pdf,https://doi.org/10.1016/j.marchem.2024.104397
Glaubke_TT1811_2018,TT1811_26CTD,Southeast Indian Ocean,primary_indian_ocean,2018-11-18 15:51 UTC,-35.84,91.78,20.0,,15.055677499762355,35.03767973890725,,5.826095015790196,1507.238780140368,,,direct_CTD_depth,3789.99,Glaubke_etal_2024_d18O-SIO_forNCEI(1).pdf,https://doi.org/10.1016/j.marchem.2024.104397
Glaubke_TT1811_2018,TT1811_26CTD,Southeast Indian Ocean,primary_indian_ocean,2018-11-18 15:51 UTC,-35.84,91.78,30.0,,14.95554969951098,35.03060319606248,,5.812364410270493,1507.0771437854926,,,direct_CTD_depth,3789.99,Glaubke_etal_2024_d18O-SIO_forNCEI(1).pdf,https://doi.org/10.1016/j.marchem.2024.104397
Glaubke_TT1811_2018,TT1811_26CTD,Southeast Indian Ocean,primary_indian_ocean,2018-11-18 15:51 UTC,-35.84,91.78,50.0,,14.755294099008228,35.01645011037294,,5.784903199231086,1506.751376121295,,,direct_CTD_depth,3789.99,Glaubke_etal_2024_d18O-SIO_forNCEI(1).pdf,https://doi.org/10.1016/j.marchem.2024.104397
Glaubke_TT1811_2018,TT1811_26CTD,Southeast Indian Ocean,primary_indian_ocean,2018-11-18 15:51 UTC,-35.84,91.78,75.0,,14.504974598379789,34.998758753261015,,5.750576685431827,1506.3394731594508,,,direct_CTD_depth,3789.99,Glaubke_etal_2024_d18O-SIO_forNCEI(1).pdf,https://doi.org/10.1016/j.marchem.2024.104397
Glaubke_TT1811_2018,TT1811_26CTD,Southeast Indian Ocean,primary_indian_ocean,2018-11-18 15:51 UTC,-35.84,91.78,100.0,,14.25465509775135,34.98106739614909,,5.716250171632568,1505.9223336834339,,,direct_CTD_depth,3789.99,Glaubke_etal_2024_d18O-SIO_forNCEI(1).pdf,https://doi.org/10.1016/j.marchem.2024.104397
Glaubke_TT1811_2018,TT1811_26CTD,Southeast Indian Ocean,primary_indian_ocean,2018-11-18 15:51 UTC,-35.84,91.78,150.0,,13.754016096494471,34.94568468192524,,5.6475971440340516,1505.0722527431235,,,direct_CTD_depth,3789.99,Glaubke_etal_2024_d18O-SIO_forNCEI(1).pdf,https://doi.org/10.1016/j.marchem.2024.104397
Glaubke_TT1811_2018,TT1811_26CTD,Southeast Indian Ocean,primary_indian_ocean,2018-11-18 15:51 UTC,-35.84,91.78,200.0,,13.253377095237592,34.910301967701386,,5.578944116435535,1504.2009490789849,,,direct_CTD_depth,3789.99,Glaubke_etal_2024_d18O-SIO_forNCEI(1).pdf,https://doi.org/10.1016/j.marchem.2024.104397
Glaubke_TT1811_2018,TT1811_26CTD,Southeast Indian Ocean,primary_indian_ocean,2018-11-18 15:51 UTC,-35.84,91.78,300.0,,12.252099092723835,34.839536539253686,,5.4416380612385,1502.3939420547968,,,direct_CTD_depth,3789.99,Glaubke_etal_2024_d18O-SIO_forNCEI(1).pdf,https://doi.org/10.1016/j.marchem.2024.104397
Glaubke_TT1811_2018,TT1811_26CTD,Southeast Indian Ocean,primary_indian_ocean,2018-11-18 15:51 UTC,-35.84,91.78,400.0,,11.250821090210078,34.768771110805986,,5.3043320060414665,1500.499860284204,,,direct_CTD_depth,3789.99,Glaubke_etal_2024_d18O-SIO_forNCEI(1).pdf,https://doi.org/10.1016/j.marchem.2024.104397
Glaubke_TT1811_2018,TT1811_26CTD,Southeast Indian Ocean,primary_indian_ocean,2018-11-18 15:51 UTC,-35.84,91.78,500.0,,10.24954308769632,34.698005682358286,,5.167025950844432,1498.5172685960388,,,direct_CTD_depth,3789.99,Glaubke_etal_2024_d18O-SIO_forNCEI(1).pdf,https://doi.org/10.1016/j.marchem.2024.104397
Glaubke_TT1811_2018,TT1811_26CTD,Southeast Indian Ocean,primary_indian_ocean,2018-11-18 15:51 UTC,-35.84,91.78,750.0,,7.746348081411928,34.52109211123903,,4.823760812851846,1493.1642949770146,,,direct_CTD_depth,3789.99,Glaubke_etal_2024_d18O-SIO_forNCEI(1).pdf,https://doi.org/10.1016/j.marchem.2024.104397
Glaubke_TT1811_2018,TT1811_26CTD,Southeast Indian Ocean,primary_indian_ocean,2018-11-18 15:51 UTC,-35.84,91.78,1000.0,,5.643036332137716,34.38864602396116,,4.548270795207769,1488.9004598687975,,,direct_CTD_depth,3789.99,Glaubke_etal_2024_d18O-SIO_forNCEI(1).pdf,https://doi.org/10.1016/j.marchem.2024.104397
Glaubke_TT1811_2018,TT1811_26CTD,Southeast Indian Ocean,primary_indian_ocean,2018-11-18 15:51 UTC,-35.84,91.78,1250.0,,5.1147685137740035,34.43134665593051,,4.539730668813898,1490.9835001093702,,,direct_CTD_depth,3789.99,Glaubke_etal_2024_d18O-SIO_forNCEI(1).pdf,https://doi.org/10.1016/j.marchem.2024.104397
Glaubke_TT1811_2018,TT1811_26CTD,Southeast Indian Ocean,primary_indian_ocean,2018-11-18 15:51 UTC,-35.84,91.78,1500.0,,4.586500695410292,34.474047287899865,,4.531190542420028,1493.059554071099,,,direct_CTD_depth,3789.99,Glaubke_etal_2024_d18O-SIO_forNCEI(1).pdf,https://doi.org/10.1016/j.marchem.2024.104397
Glaubke_TT1811_2018,TT1811_26CTD,Southeast Indian Ocean,primary_indian_ocean,2018-11-18 15:51 UTC,-35.84,91.78,2000.0,,3.5299650586828686,34.559448551838564,,4.514110289632287,1497.1910395488194,,,direct_CTD_depth,3789.99,Glaubke_etal_2024_d18O-SIO_forNCEI(1).pdf,https://doi.org/10.1016/j.marchem.2024.104397
Glaubke_TT1811_2018,TT1811_26CTD,Southeast Indian Ocean,primary_indian_ocean,2018-11-18 15:51 UTC,-35.84,91.78,2500.0,,2.473429421955445,34.64484981577727,,4.497030036844546,1501.2970033225374,,,direct_CTD_depth,3789.99,Glaubke_etal_2024_d18O-SIO_forNCEI(1).pdf,https://doi.org/10.1016/j.marchem.2024.104397
Glaubke_TT1811_2018,TT1811_26CTD,Southeast Indian Ocean,primary_indian_ocean,2018-11-18 15:51 UTC,-35.84,91.78,3000.0,,1.4194056553710863,34.72998142673034,,4.480130012887575,1505.3925540261073,,,direct_CTD_depth,3789.99,Glaubke_etal_2024_d18O-SIO_forNCEI(1).pdf,https://doi.org/10.1016/j.marchem.2024.104397
Glaubke_TT1811_2018,TT1811_27CTD,Southeast Indian Ocean,primary_indian_ocean,2018-11-19 22:33 UTC,-39.56,86.19,5.0,,12.718568759342302,35.01,,6.1,1499.3531159408863,,,direct_CTD_depth,3400.61,Glaubke_etal_2024_d18O-SIO_forNCEI(1).pdf,https://doi.org/10.1016/j.marchem.2024.104397
Glaubke_TT1811_2018,TT1811_27CTD,Southeast Indian Ocean,primary_indian_ocean,2018-11-19 22:33 UTC,-39.56,86.19,10.0,,12.683068011958147,35.01,,6.1,1499.31539993462,,,direct_CTD_depth,3400.61,Glaubke_etal_2024_d18O-SIO_forNCEI(1).pdf,https://doi.org/10.1016/j.marchem.2024.104397
Glaubke_TT1811_2018,TT1811_27CTD,Southeast Indian Ocean,primary_indian_ocean,2018-11-19 22:33 UTC,-39.56,86.19,20.0,,12.612066517189835,35.01,,6.1,1499.2396601623802,,,direct_CTD_depth,3400.61,Glaubke_etal_2024_d18O-SIO_forNCEI(1).pdf,https://doi.org/10.1016/j.marchem.2024.104397
Glaubke_TT1811_2018,TT1811_27CTD,Southeast Indian Ocean,primary_indian_ocean,2018-11-19 22:33 UTC,-39.56,86.19,30.0,,12.541065022421524,35.01,,6.1,1499.1635095751171,,,direct_CTD_depth,3400.61,Glaubke_etal_2024_d18O-SIO_forNCEI(1).pdf,https://doi.org/10.1016/j.marchem.2024.104397
Glaubke_TT1811_2018,TT1811_27CTD,Southeast Indian Ocean,primary_indian_ocean,2018-11-19 22:33 UTC,-39.56,86.19,50.0,,12.439170030386865,35.0072991972425,,6.074792507596716,1499.1423973201029,,,direct_CTD_depth,3400.61,Glaubke_etal_2024_d18O-SIO_forNCEI(1).pdf,https://doi.org/10.1016/j.marchem.2024.104397
Glaubke_TT1811_2018,TT1811_27CTD,Southeast Indian Ocean,primary_indian_ocean,2018-11-19 22:33 UTC,-39.56,86.19,75.0,,12.312180144224227,35.00389768243458,,6.043045036056057,1499.1161501239362,,,direct_CTD_depth,3400.61,Glaubke_etal_2024_d18O-SIO_forNCEI(1).pdf,https://doi.org/10.1016/j.marchem.2024.104397
Glaubke_TT1811_2018,TT1811_27CTD,Southeast Indian Ocean,primary_indian_ocean,2018-11-19 22:33 UTC,-39.56,86.19,100.0,,12.18519025806159,35.00049616762665,,6.011297564515397,1499.0886731798364,,,direct_CTD_depth,3400.61,Glaubke_etal_2024_d18O-SIO_forNCEI(1).pdf,https://doi.org/10.1016/j.marchem.2024.104397
Glaubke_TT1811_2018,TT1811_27CTD,Southeast Indian Ocean,primary_indian_ocean,2018-11-19 22:33 UTC,-39.56,86.19,150.0,,11.931210485736313,34.99369313801079,,5.947802621434079,1499.030015491596,,,direct_CTD_depth,3400.61,Glaubke_etal_2024_d18O-SIO_forNCEI(1).pdf,https://doi.org/10.1016/j.marchem.2024.104397
Glaubke_TT1811_2018,TT1811_27CTD,Southeast Indian Ocean,primary_indian_ocean,2018-11-19 22:33 UTC,-39.56,86.19,200.0,,11.677230713411038,34.98689010839494,,5.8843076783527595,1498.966395482865,,,direct_CTD_depth,3400.61,Glaubke_etal_2024_d18O-SIO_forNCEI(1).pdf,https://doi.org/10.1016/j.marchem.2024.104397
Glaubke_TT1811_2018,TT1811_27CTD,Southeast Indian Ocean,primary_indian_ocean,2018-11-19 22:33 UTC,-39.56,86.19,300.0,,11.309641074779414,34.96226374416098,,5.784527488321955,1499.3004090640345,,,direct_CTD_depth,3400.61,Glaubke_etal_2024_d18O-SIO_forNCEI(1).pdf,https://doi.org/10.1016/j.marchem.2024.104397
Glaubke_TT1811_2018,TT1811_27CTD,Southeast Indian Ocean,primary_indian_ocean,2018-11-19 22:33 UTC,-39.56,86.19,400.0,,11.086061404559429,34.92633129716133,,5.712662594322674,1500.1168543050617,,,direct_CTD_depth,3400.61,Glaubke_etal_2024_d18O-SIO_forNCEI(1).pdf,https://doi.org/10.1016/j.marchem.2024.104397
Glaubke_TT1811_2018,TT1811_27CTD,Southeast Indian Ocean,primary_indian_ocean,2018-11-19 22:33 UTC,-39.56,86.19,500.0,,10.862481734339442,34.890398850161695,,5.640797700323391,1500.931797196492,,,direct_CTD_depth,3400.61,Glaubke_etal_2024_d18O-SIO_forNCEI(1).pdf,https://doi.org/10.1016/j.marchem.2024.104397
Glaubke_TT1811_2018,TT1811_27CTD,Southeast Indian Ocean,primary_indian_ocean,2018-11-19 22:33 UTC,-39.56,86.19,750.0,,8.474752132463623,34.621503512293025,,5.0280777722027095,1496.045036306143,,,direct_CTD_depth,3400.61,Glaubke_etal_2024_d18O-SIO_forNCEI(1).pdf,https://doi.org/10.1016/j.marchem.2024.104397
Glaubke_TT1811_2018,TT1811_27CTD,Southeast Indian Ocean,primary_indian_ocean,2018-11-19 22:33 UTC,-39.56,86.19,1000.0,,6.403688759367194,34.46501032472939,,4.514700582847627,1492.0278100768762,,,direct_CTD_depth,3400.61,Glaubke_etal_2024_d18O-SIO_forNCEI(1).pdf,https://doi.org/10.1016/j.marchem.2024.104397
Glaubke_TT1811_2018,TT1811_27CTD,Southeast Indian Ocean,primary_indian_ocean,2018-11-19 22:33 UTC,-39.56,86.19,1250.0,,4.817510574521233,34.47749991673606,,4.152502414654455,1489.828412197431,,,direct_CTD_depth,3400.61,Glaubke_etal_2024_d18O-SIO_forNCEI(1).pdf,https://doi.org/10.1016/j.marchem.2024.104397
Glaubke_TT1811_2018,TT1811_27CTD,Southeast Indian Ocean,primary_indian_ocean,2018-11-19 22:33 UTC,-39.56,86.19,1500.0,,3.2313323896752704,34.48998950874272,,3.7903042464612824,1487.4018067023264,,,direct_CTD_depth,3400.61,Glaubke_etal_2024_d18O-SIO_forNCEI(1).pdf,https://doi.org/10.1016/j.marchem.2024.104397
Glaubke_TT1811_2018,TT1811_27CTD,Southeast Indian Ocean,primary_indian_ocean,2018-11-19 22:33 UTC,-39.56,86.19,2000.0,,2.5196239699175935,34.680056004480356,,4.01026402112169,1493.0298142468444,,,direct_CTD_depth,3400.61,Glaubke_etal_2024_d18O-SIO_forNCEI(1).pdf,https://doi.org/10.1016/j.marchem.2024.104397
Glaubke_TT1811_2018,TT1811_27CTD,Southeast Indian Ocean,primary_indian_ocean,2018-11-19 22:33 UTC,-39.56,86.19,2500.0,,2.0496532933799454,34.74999023361634,,4.3400781310693075,1499.5934283657111,,,direct_CTD_depth,3400.61,Glaubke_etal_2024_d18O-SIO_forNCEI(1).pdf,https://doi.org/10.1016/j.marchem.2024.104397
Glaubke_TT1811_2018,TT1811_27CTD,Southeast Indian Ocean,primary_indian_ocean,2018-11-19 22:33 UTC,-39.56,86.19,3000.0,,1.6556684978636036,34.738892070362354,,4.4288634371011595,1506.4469892862617,,,direct_CTD_depth,3400.61,Glaubke_etal_2024_d18O-SIO_forNCEI(1).pdf,https://doi.org/10.1016/j.marchem.2024.104397
Glaubke_TT1811_2018,TT1811_28CTD,Southeast Indian Ocean,primary_indian_ocean,2018-11-20 11:18 UTC,-40.39,83.82,5.0,,13.48729245695944,35.098890611321856,,5.988127006127809,1502.0146009787297,,,direct_CTD_depth,3369.25,Glaubke_etal_2024_d18O-SIO_forNCEI(1).pdf,https://doi.org/10.1016/j.marchem.2024.104397
Glaubke_TT1811_2018,TT1811_28CTD,Southeast Indian Ocean,primary_indian_ocean,2018-11-20 11:18 UTC,-40.39,83.82,10.0,,13.447078713160199,35.09537988765685,,5.9821998103297345,1501.9595674938487,,,direct_CTD_depth,3369.25,Glaubke_etal_2024_d18O-SIO_forNCEI(1).pdf,https://doi.org/10.1016/j.marchem.2024.104397
Glaubke_TT1811_2018,TT1811_28CTD,Southeast Indian Ocean,primary_indian_ocean,2018-11-20 11:18 UTC,-40.39,83.82,20.0,,13.366651225561716,35.088358440326815,,5.9703454187335865,1501.8490951081837,,,direct_CTD_depth,3369.25,Glaubke_etal_2024_d18O-SIO_forNCEI(1).pdf,https://doi.org/10.1016/j.marchem.2024.104397
Glaubke_TT1811_2018,TT1811_28CTD,Southeast Indian Ocean,primary_indian_ocean,2018-11-20 11:18 UTC,-40.39,83.82,30.0,,13.286223737963233,35.08133699299679,,5.9584910271374385,1501.73808150402,,,direct_CTD_depth,3369.25,Glaubke_etal_2024_d18O-SIO_forNCEI(1).pdf,https://doi.org/10.1016/j.marchem.2024.104397
Glaubke_TT1811_2018,TT1811_28CTD,Southeast Indian Ocean,primary_indian_ocean,2018-11-20 11:18 UTC,-40.39,83.82,50.0,,13.125368762766268,35.06729409833674,,5.934782243945142,1501.5144274593965,,,direct_CTD_depth,3369.25,Glaubke_etal_2024_d18O-SIO_forNCEI(1).pdf,https://doi.org/10.1016/j.marchem.2024.104397
Glaubke_TT1811_2018,TT1811_28CTD,Southeast Indian Ocean,primary_indian_ocean,2018-11-20 11:18 UTC,-40.39,83.82,75.0,,12.924300043770062,35.04974048001167,,5.905146264954771,1501.2318014081452,,,direct_CTD_depth,3369.25,Glaubke_etal_2024_d18O-SIO_forNCEI(1).pdf,https://doi.org/10.1016/j.marchem.2024.104397
Glaubke_TT1811_2018,TT1811_28CTD,Southeast Indian Ocean,primary_indian_ocean,2018-11-20 11:18 UTC,-40.39,83.82,100.0,,12.723231324773854,35.032186861686604,,5.875510285964401,1500.9457655047634,,,direct_CTD_depth,3369.25,Glaubke_etal_2024_d18O-SIO_forNCEI(1).pdf,https://doi.org/10.1016/j.marchem.2024.104397
Glaubke_TT1811_2018,TT1811_28CTD,Southeast Indian Ocean,primary_indian_ocean,2018-11-20 11:18 UTC,-40.39,83.82,150.0,,12.32109388678144,34.99707962503648,,5.816238327983659,1500.3634150121472,,,direct_CTD_depth,3369.25,Glaubke_etal_2024_d18O-SIO_forNCEI(1).pdf,https://doi.org/10.1016/j.marchem.2024.104397
Glaubke_TT1811_2018,TT1811_28CTD,Southeast Indian Ocean,primary_indian_ocean,2018-11-20 11:18 UTC,-40.39,83.82,200.0,,11.918956448789029,34.96197238838634,,5.756966370002918,1499.767278260912,,,direct_CTD_depth,3369.25,Glaubke_etal_2024_d18O-SIO_forNCEI(1).pdf,https://doi.org/10.1016/j.marchem.2024.104397
Glaubke_TT1811_2018,TT1811_28CTD,Southeast Indian Ocean,primary_indian_ocean,2018-11-20 11:18 UTC,-40.39,83.82,300.0,,11.114681572804201,34.89175791508608,,5.638422454041436,1498.533259406331,,,direct_CTD_depth,3369.25,Glaubke_etal_2024_d18O-SIO_forNCEI(1).pdf,https://doi.org/10.1016/j.marchem.2024.104397
Glaubke_TT1811_2018,TT1811_28CTD,Southeast Indian Ocean,primary_indian_ocean,2018-11-20 11:18 UTC,-40.39,83.82,400.0,,10.310406696819376,34.82154344178582,,5.519878538079953,1497.2429444010902,,,direct_CTD_depth,3369.25,Glaubke_etal_2024_d18O-SIO_forNCEI(1).pdf,https://doi.org/10.1016/j.marchem.2024.104397
Glaubke_TT1811_2018,TT1811_28CTD,Southeast Indian Ocean,primary_indian_ocean,2018-11-20 11:18 UTC,-40.39,83.82,500.0,,9.506131820834549,34.75132896848556,,5.401334622118471,1495.8955824853838,,,direct_CTD_depth,3369.25,Glaubke_etal_2024_d18O-SIO_forNCEI(1).pdf,https://doi.org/10.1016/j.marchem.2024.104397
Glaubke_TT1811_2018,TT1811_28CTD,Southeast Indian Ocean,primary_indian_ocean,2018-11-20 11:18 UTC,-40.39,83.82,750.0,,7.495444630872482,34.575792785234896,,5.104974832214765,1492.2727949456912,,,direct_CTD_depth,3369.25,Glaubke_etal_2024_d18O-SIO_forNCEI(1).pdf,https://doi.org/10.1016/j.marchem.2024.104397
Glaubke_TT1811_2018,TT1811_28CTD,Southeast Indian Ocean,primary_indian_ocean,2018-11-20 11:18 UTC,-40.39,83.82,1000.0,,5.484757440910416,34.40025660198424,,4.808615042311059,1488.2777572653372,,,direct_CTD_depth,3369.25,Glaubke_etal_2024_d18O-SIO_forNCEI(1).pdf,https://doi.org/10.1016/j.marchem.2024.104397
Glaubke_TT1811_2018,TT1811_28CTD,Southeast Indian Ocean,primary_indian_ocean,2018-11-20 11:18 UTC,-40.39,83.82,1250.0,,3.877138567782615,34.36001351148476,,4.40487164089476,1485.7756355378094,,,direct_CTD_depth,3369.25,Glaubke_etal_2024_d18O-SIO_forNCEI(1).pdf,https://doi.org/10.1016/j.marchem.2024.104397
Glaubke_TT1811_2018,TT1811_28CTD,Southeast Indian Ocean,primary_indian_ocean,2018-11-20 11:18 UTC,-40.39,83.82,1500.0,,3.161877736555366,34.477014271867375,,4.015710752364718,1487.0888246655495,,,direct_CTD_depth,3369.25,Glaubke_etal_2024_d18O-SIO_forNCEI(1).pdf,https://doi.org/10.1016/j.marchem.2024.104397
Glaubke_TT1811_2018,TT1811_28CTD,Southeast Indian Ocean,primary_indian_ocean,2018-11-20 11:18 UTC,-40.39,83.82,2000.0,,2.561247922097977,34.606478784960984,,4.030241263727779,1493.113120833606,,,direct_CTD_depth,3369.25,Glaubke_etal_2024_d18O-SIO_forNCEI(1).pdf,https://doi.org/10.1016/j.marchem.2024.104397
Glaubke_TT1811_2018,TT1811_28CTD,Southeast Indian Ocean,primary_indian_ocean,2018-11-20 11:18 UTC,-40.39,83.82,2500.0,,2.0888942381934283,34.701857894210946,,4.230083206918165,1499.7012855644862,,,direct_CTD_depth,3369.25,Glaubke_etal_2024_d18O-SIO_forNCEI(1).pdf,https://doi.org/10.1016/j.marchem.2024.104397
Glaubke_TT1811_2018,TT1811_28CTD,Southeast Indian Ocean,primary_indian_ocean,2018-11-20 11:18 UTC,-40.39,83.82,3000.0,,1.6982631107126847,34.735516958015836,,4.332415209920812,1506.629878281011,,,direct_CTD_depth,3369.25,Glaubke_etal_2024_d18O-SIO_forNCEI(1).pdf,https://doi.org/10.1016/j.marchem.2024.104397
Glaubke_TT1811_2018,TT1811_29CTD,Southeast Indian Ocean,primary_indian_ocean,2018-11-21 06:04 UTC,-42.21,80.64,5.0,,12.184243756950762,35.04990243655848,,6.1276584774037,1497.5953231320877,,,direct_CTD_depth,2949.43,Glaubke_etal_2024_d18O-SIO_forNCEI(1).pdf,https://doi.org/10.1016/j.marchem.2024.104397
Glaubke_TT1811_2018,TT1811_29CTD,Southeast Indian Ocean,primary_indian_ocean,2018-11-21 06:04 UTC,-42.21,80.64,10.0,,12.169331210191082,35.049649681528656,,6.121592356687898,1497.625760610264,,,direct_CTD_depth,2949.43,Glaubke_etal_2024_d18O-SIO_forNCEI(1).pdf,https://doi.org/10.1016/j.marchem.2024.104397
Glaubke_TT1811_2018,TT1811_29CTD,Southeast Indian Ocean,primary_indian_ocean,2018-11-21 06:04 UTC,-42.21,80.64,20.0,,12.139506116671722,35.04914417146901,,6.109460115256294,1497.6866012025548,,,direct_CTD_depth,2949.43,Glaubke_etal_2024_d18O-SIO_forNCEI(1).pdf,https://doi.org/10.1016/j.marchem.2024.104397
Glaubke_TT1811_2018,TT1811_29CTD,Southeast Indian Ocean,primary_indian_ocean,2018-11-21 06:04 UTC,-42.21,80.64,30.0,,12.10968102315236,35.048638661409356,,6.097327873824689,1497.747395901753,,,direct_CTD_depth,2949.43,Glaubke_etal_2024_d18O-SIO_forNCEI(1).pdf,https://doi.org/10.1016/j.marchem.2024.104397
Glaubke_TT1811_2018,TT1811_29CTD,Southeast Indian Ocean,primary_indian_ocean,2018-11-21 06:04 UTC,-42.21,80.64,50.0,,12.050030836113638,35.047627641290056,,6.07306339096148,1497.868847266314,,,direct_CTD_depth,2949.43,Glaubke_etal_2024_d18O-SIO_forNCEI(1).pdf,https://doi.org/10.1016/j.marchem.2024.104397
Glaubke_TT1811_2018,TT1811_29CTD,Southeast Indian Ocean,primary_indian_ocean,2018-11-21 06:04 UTC,-42.21,80.64,75.0,,11.975468102315235,35.046363866140936,,6.0427327873824686,1498.020401753053,,,direct_CTD_depth,2949.43,Glaubke_etal_2024_d18O-SIO_forNCEI(1).pdf,https://doi.org/10.1016/j.marchem.2024.104397
Glaubke_TT1811_2018,TT1811_29CTD,Southeast Indian Ocean,primary_indian_ocean,2018-11-21 06:04 UTC,-42.21,80.64,100.0,,11.900905368516833,35.04510009099181,,6.012402183803458,1498.1716663975353,,,direct_CTD_depth,2949.43,Glaubke_etal_2024_d18O-SIO_forNCEI(1).pdf,https://doi.org/10.1016/j.marchem.2024.104397
Glaubke_TT1811_2018,TT1811_29CTD,Southeast Indian Ocean,primary_indian_ocean,2018-11-21 06:04 UTC,-42.21,80.64,150.0,,11.751779900920027,35.042572540693556,,5.951740976645435,1498.4733208314049,,,direct_CTD_depth,2949.43,Glaubke_etal_2024_d18O-SIO_forNCEI(1).pdf,https://doi.org/10.1016/j.marchem.2024.104397
Glaubke_TT1811_2018,TT1811_29CTD,Southeast Indian Ocean,primary_indian_ocean,2018-11-21 06:04 UTC,-42.21,80.64,200.0,,11.602654433323222,35.04004499039531,,5.891079769487413,1498.7738001108896,,,direct_CTD_depth,2949.43,Glaubke_etal_2024_d18O-SIO_forNCEI(1).pdf,https://doi.org/10.1016/j.marchem.2024.104397
Glaubke_TT1811_2018,TT1811_29CTD,Southeast Indian Ocean,primary_indian_ocean,2018-11-21 06:04 UTC,-42.21,80.64,300.0,,10.85925438206246,34.96063439807812,,5.773156197170566,1497.7206818928964,,,direct_CTD_depth,2949.43,Glaubke_etal_2024_d18O-SIO_forNCEI(1).pdf,https://doi.org/10.1016/j.marchem.2024.104397
Glaubke_TT1811_2018,TT1811_29CTD,Southeast Indian Ocean,primary_indian_ocean,2018-11-21 06:04 UTC,-42.21,80.64,400.0,,10.111856926772845,34.88055609929709,,5.655263146187383,1496.6043326933539,,,direct_CTD_depth,2949.43,Glaubke_etal_2024_d18O-SIO_forNCEI(1).pdf,https://doi.org/10.1016/j.marchem.2024.104397
Glaubke_TT1811_2018,TT1811_29CTD,Southeast Indian Ocean,primary_indian_ocean,2018-11-21 06:04 UTC,-42.21,80.64,500.0,,9.364459471483228,34.80047780051606,,5.537370095204199,1495.4387747399471,,,direct_CTD_depth,2949.43,Glaubke_etal_2024_d18O-SIO_forNCEI(1).pdf,https://doi.org/10.1016/j.marchem.2024.104397
Glaubke_TT1811_2018,TT1811_29CTD,Southeast Indian Ocean,primary_indian_ocean,2018-11-21 06:04 UTC,-42.21,80.64,750.0,,7.495965833259186,34.60028205356348,,5.242637467746241,1492.3057303397693,,,direct_CTD_depth,2949.43,Glaubke_etal_2024_d18O-SIO_forNCEI(1).pdf,https://doi.org/10.1016/j.marchem.2024.104397
Glaubke_TT1811_2018,TT1811_29CTD,Southeast Indian Ocean,primary_indian_ocean,2018-11-21 06:04 UTC,-42.21,80.64,1000.0,,5.627472195035145,34.40008630661091,,4.947904840288282,1488.8525406222775,,,direct_CTD_depth,2949.43,Glaubke_etal_2024_d18O-SIO_forNCEI(1).pdf,https://doi.org/10.1016/j.marchem.2024.104397
Glaubke_TT1811_2018,TT1811_29CTD,Southeast Indian Ocean,primary_indian_ocean,2018-11-21 06:04 UTC,-42.21,80.64,1250.0,,4.331727423446457,34.376924475161296,,4.563353774244452,1487.6944435379844,,,direct_CTD_depth,2949.43,Glaubke_etal_2024_d18O-SIO_forNCEI(1).pdf,https://doi.org/10.1016/j.marchem.2024.104397
Glaubke_TT1811_2018,TT1811_29CTD,Southeast Indian Ocean,primary_indian_ocean,2018-11-21 06:04 UTC,-42.21,80.64,1500.0,,3.4178788726204985,34.4718049257935,,4.118913768651499,1488.170715798353,,,direct_CTD_depth,2949.43,Glaubke_etal_2024_d18O-SIO_forNCEI(1).pdf,https://doi.org/10.1016/j.marchem.2024.104397
Glaubke_TT1811_2018,TT1811_29CTD,Southeast Indian Ocean,primary_indian_ocean,2018-11-21 06:04 UTC,-42.21,80.64,2000.0,,2.6456545539509113,34.61219720064977,,4.0999608357996395,1493.485094246907,,,direct_CTD_depth,2949.43,Glaubke_etal_2024_d18O-SIO_forNCEI(1).pdf,https://doi.org/10.1016/j.marchem.2024.104397
Glaubke_TT1811_2018,TT1811_29CTD,Southeast Indian Ocean,primary_indian_ocean,2018-11-21 06:04 UTC,-42.21,80.64,2500.0,,2.1396520077331616,34.74,,4.300012888602475,1499.9729548651592,,,direct_CTD_depth,2949.43,Glaubke_etal_2024_d18O-SIO_forNCEI(1).pdf,https://doi.org/10.1016/j.marchem.2024.104397
Glaubke_TT1811_2018,TT1811_33CTD,Southeast Indian Ocean,primary_indian_ocean,2018-11-23 07:07 UTC,-41.65,80.09,5.0,,12.314352712016781,35.01840875037459,,6.1,1497.9992000237896,,,direct_CTD_depth,3772.29,Glaubke_etal_2024_d18O-SIO_forNCEI(1).pdf,https://doi.org/10.1016/j.marchem.2024.104397
Glaubke_TT1811_2018,TT1811_33CTD,Southeast Indian Ocean,primary_indian_ocean,2018-11-23 07:07 UTC,-41.65,80.09,10.0,,12.270151333533114,35.013913694935574,,6.1,1497.925214627368,,,direct_CTD_depth,3772.29,Glaubke_etal_2024_d18O-SIO_forNCEI(1).pdf,https://doi.org/10.1016/j.marchem.2024.104397
Glaubke_TT1811_2018,TT1811_33CTD,Southeast Indian Ocean,primary_indian_ocean,2018-11-23 07:07 UTC,-41.65,80.09,20.0,,12.181748576565777,35.004923584057536,,6.1,1497.7767372477845,,,direct_CTD_depth,3772.29,Glaubke_etal_2024_d18O-SIO_forNCEI(1).pdf,https://doi.org/10.1016/j.marchem.2024.104397
Glaubke_TT1811_2018,TT1811_33CTD,Southeast Indian Ocean,primary_indian_ocean,2018-11-23 07:07 UTC,-41.65,80.09,30.0,,12.093345819598442,34.995933473179505,,6.1,1497.6275835570875,,,direct_CTD_depth,3772.29,Glaubke_etal_2024_d18O-SIO_forNCEI(1).pdf,https://doi.org/10.1016/j.marchem.2024.104397
Glaubke_TT1811_2018,TT1811_33CTD,Southeast Indian Ocean,primary_indian_ocean,2018-11-23 07:07 UTC,-41.65,80.09,50.0,,11.91654030566377,34.977953251423436,,6.1,1497.3272431109554,,,direct_CTD_depth,3772.29,Glaubke_etal_2024_d18O-SIO_forNCEI(1).pdf,https://doi.org/10.1016/j.marchem.2024.104397
Glaubke_TT1811_2018,TT1811_33CTD,Southeast Indian Ocean,primary_indian_ocean,2018-11-23 07:07 UTC,-41.65,80.09,75.0,,11.719759109200155,34.95889091009316,,6.090850008268562,1497.0356673886517,,,direct_CTD_depth,3772.29,Glaubke_etal_2024_d18O-SIO_forNCEI(1).pdf,https://doi.org/10.1016/j.marchem.2024.104397
Glaubke_TT1811_2018,TT1811_33CTD,Southeast Indian Ocean,primary_indian_ocean,2018-11-23 07:07 UTC,-41.65,80.09,100.0,,11.61915826029436,34.95337853481065,,6.045372912187862,1497.0900410686768,,,direct_CTD_depth,3772.29,Glaubke_etal_2024_d18O-SIO_forNCEI(1).pdf,https://doi.org/10.1016/j.marchem.2024.104397
Glaubke_TT1811_2018,TT1811_33CTD,Southeast Indian Ocean,primary_indian_ocean,2018-11-23 07:07 UTC,-41.65,80.09,150.0,,11.417956562482773,34.94235378424563,,5.954418720026459,1497.1966530500672,,,direct_CTD_depth,3772.29,Glaubke_etal_2024_d18O-SIO_forNCEI(1).pdf,https://doi.org/10.1016/j.marchem.2024.104397
Glaubke_TT1811_2018,TT1811_33CTD,Southeast Indian Ocean,primary_indian_ocean,2018-11-23 07:07 UTC,-41.65,80.09,200.0,,11.216754864671186,34.93132903368061,,5.863464527865057,1497.3004037704634,,,direct_CTD_depth,3772.29,Glaubke_etal_2024_d18O-SIO_forNCEI(1).pdf,https://doi.org/10.1016/j.marchem.2024.104397
Glaubke_TT1811_2018,TT1811_33CTD,Southeast Indian Ocean,primary_indian_ocean,2018-11-23 07:07 UTC,-41.65,80.09,300.0,,10.853796392356347,34.893966065392725,,5.755355911783407,1497.619531135897,,,direct_CTD_depth,3772.29,Glaubke_etal_2024_d18O-SIO_forNCEI(1).pdf,https://doi.org/10.1016/j.marchem.2024.104397
Glaubke_TT1811_2018,TT1811_33CTD,Southeast Indian Ocean,primary_indian_ocean,2018-11-23 07:07 UTC,-41.65,80.09,400.0,,10.532522003948998,34.8404203339915,,5.725236437870218,1498.0579598122026,,,direct_CTD_depth,3772.29,Glaubke_etal_2024_d18O-SIO_forNCEI(1).pdf,https://doi.org/10.1016/j.marchem.2024.104397
Glaubke_TT1811_2018,TT1811_33CTD,Southeast Indian Ocean,primary_indian_ocean,2018-11-23 07:07 UTC,-41.65,80.09,500.0,,10.21124761554165,34.786874602590274,,5.695116963957029,1498.4898270816805,,,direct_CTD_depth,3772.29,Glaubke_etal_2024_d18O-SIO_forNCEI(1).pdf,https://doi.org/10.1016/j.marchem.2024.104397
Glaubke_TT1811_2018,TT1811_33CTD,Southeast Indian Ocean,primary_indian_ocean,2018-11-23 07:07 UTC,-41.65,80.09,750.0,,7.6544713359920244,34.54584670987039,,5.261654037886341,1492.8444647738927,,,direct_CTD_depth,3772.29,Glaubke_etal_2024_d18O-SIO_forNCEI(1).pdf,https://doi.org/10.1016/j.marchem.2024.104397
Glaubke_TT1811_2018,TT1811_33CTD,Southeast Indian Ocean,primary_indian_ocean,2018-11-23 07:07 UTC,-41.65,80.09,1000.0,,5.0644855573386005,34.34650135785705,,4.7687441365263545,1486.5035875665487,,,direct_CTD_depth,3772.29,Glaubke_etal_2024_d18O-SIO_forNCEI(1).pdf,https://doi.org/10.1016/j.marchem.2024.104397
Glaubke_TT1811_2018,TT1811_33CTD,Southeast Indian Ocean,primary_indian_ocean,2018-11-23 07:07 UTC,-41.65,80.09,1250.0,,4.161819219849401,34.43136742377484,,4.402277033699543,1487.0585384157168,,,direct_CTD_depth,3772.29,Glaubke_etal_2024_d18O-SIO_forNCEI(1).pdf,https://doi.org/10.1016/j.marchem.2024.104397
Glaubke_TT1811_2018,TT1811_33CTD,Southeast Indian Ocean,primary_indian_ocean,2018-11-23 07:07 UTC,-41.65,80.09,1500.0,,3.2591528823602025,34.51623348969263,,4.035809930872732,1487.554530526221,,,direct_CTD_depth,3772.29,Glaubke_etal_2024_d18O-SIO_forNCEI(1).pdf,https://doi.org/10.1016/j.marchem.2024.104397
Glaubke_TT1811_2018,TT1811_33CTD,Southeast Indian Ocean,primary_indian_ocean,2018-11-23 07:07 UTC,-41.65,80.09,2000.0,,2.6511457460811294,34.58318056718918,,3.987698336723705,1493.470685714851,,,direct_CTD_depth,3772.29,Glaubke_etal_2024_d18O-SIO_forNCEI(1).pdf,https://doi.org/10.1016/j.marchem.2024.104397
Glaubke_TT1811_2018,TT1811_33CTD,Southeast Indian Ocean,primary_indian_ocean,2018-11-23 07:07 UTC,-41.65,80.09,2500.0,,2.340489548144807,34.62460139358069,,4.109659658876483,1500.6944231097343,,,direct_CTD_depth,3772.29,Glaubke_etal_2024_d18O-SIO_forNCEI(1).pdf,https://doi.org/10.1016/j.marchem.2024.104397
Glaubke_TT1811_2018,TT1811_33CTD,Southeast Indian Ocean,primary_indian_ocean,2018-11-23 07:07 UTC,-41.65,80.09,3000.0,,2.0298333502084844,34.6660222199722,,4.231620981029262,1507.9902065235667,,,direct_CTD_depth,3772.29,Glaubke_etal_2024_d18O-SIO_forNCEI(1).pdf,https://doi.org/10.1016/j.marchem.2024.104397
Glaubke_TT1811_2018,TT1811_41CTD,Southeast Indian Ocean,primary_indian_ocean,2018-11-25 09:39 UTC,-39.21,78.57,5.0,,15.371811183144246,35.20920988654781,,5.84578606158833,1508.1902037920677,,,direct_CTD_depth,1960.01,Glaubke_etal_2024_d18O-SIO_forNCEI(1).pdf,https://doi.org/10.1016/j.marchem.2024.104397
Glaubke_TT1811_2018,TT1811_41CTD,Southeast Indian Ocean,primary_indian_ocean,2018-11-25 09:39 UTC,-39.21,78.57,10.0,,15.273891139924366,35.207183954619126,,5.834981091301999,1507.9627677974495,,,direct_CTD_depth,1960.01,Glaubke_etal_2024_d18O-SIO_forNCEI(1).pdf,https://doi.org/10.1016/j.marchem.2024.104397
Glaubke_TT1811_2018,TT1811_41CTD,Southeast Indian Ocean,primary_indian_ocean,2018-11-25 09:39 UTC,-39.21,78.57,20.0,,15.078051053484604,35.20313209076175,,5.813371150729335,1507.5054817628918,,,direct_CTD_depth,1960.01,Glaubke_etal_2024_d18O-SIO_forNCEI(1).pdf,https://doi.org/10.1016/j.marchem.2024.104397
Glaubke_TT1811_2018,TT1811_41CTD,Southeast Indian Ocean,primary_indian_ocean,2018-11-25 09:39 UTC,-39.21,78.57,30.0,,14.882210967044841,35.19908022690438,,5.791761210156672,1507.0449680348615,,,direct_CTD_depth,1960.01,Glaubke_etal_2024_d18O-SIO_forNCEI(1).pdf,https://doi.org/10.1016/j.marchem.2024.104397
Glaubke_TT1811_2018,TT1811_41CTD,Southeast Indian Ocean,primary_indian_ocean,2018-11-25 09:39 UTC,-39.21,78.57,50.0,,14.490530794165316,35.190976499189624,,5.748541329011345,1506.1142144748762,,,direct_CTD_depth,1960.01,Glaubke_etal_2024_d18O-SIO_forNCEI(1).pdf,https://doi.org/10.1016/j.marchem.2024.104397
Glaubke_TT1811_2018,TT1811_41CTD,Southeast Indian Ocean,primary_indian_ocean,2018-11-25 09:39 UTC,-39.21,78.57,75.0,,14.00093057806591,35.18084683954619,,5.694516477579686,1504.9324252162864,,,direct_CTD_depth,1960.01,Glaubke_etal_2024_d18O-SIO_forNCEI(1).pdf,https://doi.org/10.1016/j.marchem.2024.104397
Glaubke_TT1811_2018,TT1811_41CTD,Southeast Indian Ocean,primary_indian_ocean,2018-11-25 09:39 UTC,-39.21,78.57,100.0,,13.511330361966504,35.17071717990275,,5.6404916261480285,1503.7300933800914,,,direct_CTD_depth,1960.01,Glaubke_etal_2024_d18O-SIO_forNCEI(1).pdf,https://doi.org/10.1016/j.marchem.2024.104397
Glaubke_TT1811_2018,TT1811_41CTD,Southeast Indian Ocean,primary_indian_ocean,2018-11-25 09:39 UTC,-39.21,78.57,150.0,,12.532129929767693,35.15045786061588,,5.532441923284711,1501.2631311219507,,,direct_CTD_depth,1960.01,Glaubke_etal_2024_d18O-SIO_forNCEI(1).pdf,https://doi.org/10.1016/j.marchem.2024.104397
Glaubke_TT1811_2018,TT1811_41CTD,Southeast Indian Ocean,primary_indian_ocean,2018-11-25 09:39 UTC,-39.21,78.57,200.0,,12.384046391752577,35.132287773840204,,5.55952037693299,1501.558688817659,,,direct_CTD_depth,1960.01,Glaubke_etal_2024_d18O-SIO_forNCEI(1).pdf,https://doi.org/10.1016/j.marchem.2024.104397
Glaubke_TT1811_2018,TT1811_41CTD,Southeast Indian Ocean,primary_indian_ocean,2018-11-25 09:39 UTC,-39.21,78.57,300.0,,12.126314432989691,35.09604421713917,,5.6199263047680414,1502.2774312366537,,,direct_CTD_depth,1960.01,Glaubke_etal_2024_d18O-SIO_forNCEI(1).pdf,https://doi.org/10.1016/j.marchem.2024.104397
Glaubke_TT1811_2018,TT1811_41CTD,Southeast Indian Ocean,primary_indian_ocean,2018-11-25 09:39 UTC,-39.21,78.57,400.0,,11.865298911693086,35.05926203846345,,5.678360085474332,1502.9813628015563,,,direct_CTD_depth,1960.01,Glaubke_etal_2024_d18O-SIO_forNCEI(1).pdf,https://doi.org/10.1016/j.marchem.2024.104397
Glaubke_TT1811_2018,TT1811_41CTD,Southeast Indian Ocean,primary_indian_ocean,2018-11-25 09:39 UTC,-39.21,78.57,500.0,,11.010555583163544,34.92508721363614,,5.380193808080306,1501.495151420551,,,direct_CTD_depth,1960.01,Glaubke_etal_2024_d18O-SIO_forNCEI(1).pdf,https://doi.org/10.1016/j.marchem.2024.104397
Glaubke_TT1811_2018,TT1811_41CTD,Southeast Indian Ocean,primary_indian_ocean,2018-11-25 09:39 UTC,-39.21,78.57,750.0,,8.412243467814596,34.63677845630193,,4.926778456301932,1495.829800962783,,,direct_CTD_depth,1960.01,Glaubke_etal_2024_d18O-SIO_forNCEI(1).pdf,https://doi.org/10.1016/j.marchem.2024.104397
Glaubke_TT1811_2018,TT1811_41CTD,Southeast Indian Ocean,primary_indian_ocean,2018-11-25 09:39 UTC,-39.21,78.57,1000.0,,5.5027930723796175,34.38024627089799,,4.670246270897987,1488.3248485394531,,,direct_CTD_depth,1960.01,Glaubke_etal_2024_d18O-SIO_forNCEI(1).pdf,https://doi.org/10.1016/j.marchem.2024.104397
Glaubke_TT1811_2018,TT1811_41CTD,Southeast Indian Ocean,primary_indian_ocean,2018-11-25 09:39 UTC,-39.21,78.57,1250.0,,4.771358763036978,34.44505725330027,,4.495646561155277,1489.597176853404,,,direct_CTD_depth,1960.01,Glaubke_etal_2024_d18O-SIO_forNCEI(1).pdf,https://doi.org/10.1016/j.marchem.2024.104397
Glaubke_TT1811_2018,TT1811_41CTD,Southeast Indian Ocean,primary_indian_ocean,2018-11-25 09:39 UTC,-39.21,78.57,1500.0,,4.042017358325432,34.51017702157809,,4.321125582170728,1490.8470837097482,,,direct_CTD_depth,1960.01,Glaubke_etal_2024_d18O-SIO_forNCEI(1).pdf,https://doi.org/10.1016/j.marchem.2024.104397
Glaubke_TT1811_2018,TT1811_46CTD,Southeast Indian Ocean,primary_indian_ocean,2018-11-26 14:57 UTC,-38.48,78.75,5.0,,16.490559573658164,35.28,,5.742196421773887,1511.7185153796804,,,direct_CTD_depth,1799.12,Glaubke_etal_2024_d18O-SIO_forNCEI(1).pdf,https://doi.org/10.1016/j.marchem.2024.104397
Glaubke_TT1811_2018,TT1811_46CTD,Southeast Indian Ocean,primary_indian_ocean,2018-11-26 14:57 UTC,-38.48,78.75,10.0,,16.23932242101256,35.28,,5.776456033498287,1511.0355444277898,,,direct_CTD_depth,1799.12,Glaubke_etal_2024_d18O-SIO_forNCEI(1).pdf,https://doi.org/10.1016/j.marchem.2024.104397
Glaubke_TT1811_2018,TT1811_46CTD,Southeast Indian Ocean,primary_indian_ocean,2018-11-26 14:57 UTC,-38.48,78.75,20.0,,15.736848115721354,35.28,,5.844975256947088,1509.653897808511,,,direct_CTD_depth,1799.12,Glaubke_etal_2024_d18O-SIO_forNCEI(1).pdf,https://doi.org/10.1016/j.marchem.2024.104397
Glaubke_TT1811_2018,TT1811_46CTD,Southeast Indian Ocean,primary_indian_ocean,2018-11-26 14:57 UTC,-38.48,78.75,30.0,,15.25512571446419,35.27974513539682,,5.909538057906738,1508.3159472788182,,,direct_CTD_depth,1799.12,Glaubke_etal_2024_d18O-SIO_forNCEI(1).pdf,https://doi.org/10.1016/j.marchem.2024.104397
Glaubke_TT1811_2018,TT1811_46CTD,Southeast Indian Ocean,primary_indian_ocean,2018-11-26 14:57 UTC,-38.48,78.75,50.0,,15.06397726207952,35.269750445076056,,5.891422681700347,1508.029454696076,,,direct_CTD_depth,1799.12,Glaubke_etal_2024_d18O-SIO_forNCEI(1).pdf,https://doi.org/10.1016/j.marchem.2024.104397
Glaubke_TT1811_2018,TT1811_46CTD,Southeast Indian Ocean,primary_indian_ocean,2018-11-26 14:57 UTC,-38.48,78.75,75.0,,14.825041696598682,35.257257082175094,,5.868778461442359,1507.6671213328905,,,direct_CTD_depth,1799.12,Glaubke_etal_2024_d18O-SIO_forNCEI(1).pdf,https://doi.org/10.1016/j.marchem.2024.104397
Glaubke_TT1811_2018,TT1811_46CTD,Southeast Indian Ocean,primary_indian_ocean,2018-11-26 14:57 UTC,-38.48,78.75,100.0,,14.586106131117843,35.24476371927413,,5.846134241184371,1507.3000827555288,,,direct_CTD_depth,1799.12,Glaubke_etal_2024_d18O-SIO_forNCEI(1).pdf,https://doi.org/10.1016/j.marchem.2024.104397
Glaubke_TT1811_2018,TT1811_46CTD,Southeast Indian Ocean,primary_indian_ocean,2018-11-26 14:57 UTC,-38.48,78.75,150.0,,14.108235000156167,35.219776993472216,,5.800845800668395,1506.5518090367414,,,direct_CTD_depth,1799.12,Glaubke_etal_2024_d18O-SIO_forNCEI(1).pdf,https://doi.org/10.1016/j.marchem.2024.104397
Glaubke_TT1811_2018,TT1811_46CTD,Southeast Indian Ocean,primary_indian_ocean,2018-11-26 14:57 UTC,-38.48,78.75,200.0,,13.63036386919449,35.1947902676703,,5.7555573601524195,1505.784472336302,,,direct_CTD_depth,1799.12,Glaubke_etal_2024_d18O-SIO_forNCEI(1).pdf,https://doi.org/10.1016/j.marchem.2024.104397
Glaubke_TT1811_2018,TT1811_46CTD,Southeast Indian Ocean,primary_indian_ocean,2018-11-26 14:57 UTC,-38.48,78.75,300.0,,12.674621607271137,35.14481681606646,,5.664980479120468,1504.1919702941043,,,direct_CTD_depth,1799.12,Glaubke_etal_2024_d18O-SIO_forNCEI(1).pdf,https://doi.org/10.1016/j.marchem.2024.104397
Glaubke_TT1811_2018,TT1811_46CTD,Southeast Indian Ocean,primary_indian_ocean,2018-11-26 14:57 UTC,-38.48,78.75,400.0,,11.747840952147458,35.05829094880424,,5.519021552588763,1502.5764538632905,,,direct_CTD_depth,1799.12,Glaubke_etal_2024_d18O-SIO_forNCEI(1).pdf,https://doi.org/10.1016/j.marchem.2024.104397
Glaubke_TT1811_2018,TT1811_46CTD,Southeast Indian Ocean,primary_indian_ocean,2018-11-26 14:57 UTC,-38.48,78.75,500.0,,10.849630686250473,34.935706421200436,,5.318428689237079,1500.9421790337292,,,direct_CTD_depth,1799.12,Glaubke_etal_2024_d18O-SIO_forNCEI(1).pdf,https://doi.org/10.1016/j.marchem.2024.104397
Glaubke_TT1811_2018,TT1811_46CTD,Southeast Indian Ocean,primary_indian_ocean,2018-11-26 14:57 UTC,-38.48,78.75,750.0,,8.604105021508012,34.62924510219092,,4.8169465308578685,1496.5385914013677,,,direct_CTD_depth,1799.12,Glaubke_etal_2024_d18O-SIO_forNCEI(1).pdf,https://doi.org/10.1016/j.marchem.2024.104397
Glaubke_TT1811_2018,TT1811_46CTD,Southeast Indian Ocean,primary_indian_ocean,2018-11-26 14:57 UTC,-38.48,78.75,1000.0,,5.606525521171824,34.38026246063091,,4.719087636854471,1488.7428462750454,,,direct_CTD_depth,1799.12,Glaubke_etal_2024_d18O-SIO_forNCEI(1).pdf,https://doi.org/10.1016/j.marchem.2024.104397
Glaubke_TT1811_2018,TT1811_46CTD,Southeast Indian Ocean,primary_indian_ocean,2018-11-26 14:57 UTC,-38.48,78.75,1250.0,,4.737905814127881,34.44587761835725,,4.490996850472429,1489.4608442765204,,,direct_CTD_depth,1799.12,Glaubke_etal_2024_d18O-SIO_forNCEI(1).pdf,https://doi.org/10.1016/j.marchem.2024.104397
Glaubke_TT1811_2018,TT1811_46CTD,Southeast Indian Ocean,primary_indian_ocean,2018-11-26 14:57 UTC,-38.48,78.75,1500.0,,3.869286107083937,34.51149277608359,,4.262906064090386,1490.1258899218878,,,direct_CTD_depth,1799.12,Glaubke_etal_2024_d18O-SIO_forNCEI(1).pdf,https://doi.org/10.1016/j.marchem.2024.104397
Glaubke_TT1811_2018,TT1811_54CTD,Southeast Indian Ocean,primary_indian_ocean,2018-11-28 15:56 UTC,-38.34,77.13,5.0,,16.068381219341276,35.21876664330764,,5.795416958654521,1510.3589197533697,,,direct_CTD_depth,2540.61,Glaubke_etal_2024_d18O-SIO_forNCEI(1).pdf,https://doi.org/10.1016/j.marchem.2024.104397
Glaubke_TT1811_2018,TT1811_54CTD,Southeast Indian Ocean,primary_indian_ocean,2018-11-28 15:56 UTC,-38.34,77.13,10.0,,15.856982013548237,35.216430740481194,,5.82461574398505,1509.7872249548188,,,direct_CTD_depth,2540.61,Glaubke_etal_2024_d18O-SIO_forNCEI(1).pdf,https://doi.org/10.1016/j.marchem.2024.104397
Glaubke_TT1811_2018,TT1811_54CTD,Southeast Indian Ocean,primary_indian_ocean,2018-11-28 15:56 UTC,-38.34,77.13,20.0,,15.434183601962157,35.21175893482831,,5.883013314646111,1508.632622745073,,,direct_CTD_depth,2540.61,Glaubke_etal_2024_d18O-SIO_forNCEI(1).pdf,https://doi.org/10.1016/j.marchem.2024.104397
Glaubke_TT1811_2018,TT1811_54CTD,Southeast Indian Ocean,primary_indian_ocean,2018-11-28 15:56 UTC,-38.34,77.13,30.0,,15.01138519037608,35.20708712917543,,5.941410885307172,1507.4629806247897,,,direct_CTD_depth,2540.61,Glaubke_etal_2024_d18O-SIO_forNCEI(1).pdf,https://doi.org/10.1016/j.marchem.2024.104397
Glaubke_TT1811_2018,TT1811_54CTD,Southeast Indian Ocean,primary_indian_ocean,2018-11-28 15:56 UTC,-38.34,77.13,50.0,,14.336345888384933,35.198888779333465,,6.024602642476829,1505.6290253877532,,,direct_CTD_depth,2540.61,Glaubke_etal_2024_d18O-SIO_forNCEI(1).pdf,https://doi.org/10.1016/j.marchem.2024.104397
Glaubke_TT1811_2018,TT1811_54CTD,Southeast Indian Ocean,primary_indian_ocean,2018-11-28 15:56 UTC,-38.34,77.13,75.0,,14.162152764083348,35.193137119568796,,5.996666009334122,1505.468921776328,,,direct_CTD_depth,2540.61,Glaubke_etal_2024_d18O-SIO_forNCEI(1).pdf,https://doi.org/10.1016/j.marchem.2024.104397
Glaubke_TT1811_2018,TT1811_54CTD,Southeast Indian Ocean,primary_indian_ocean,2018-11-28 15:56 UTC,-38.34,77.13,100.0,,13.987959639781765,35.18738545980412,,5.9687293761914155,1505.3063975560888,,,direct_CTD_depth,2540.61,Glaubke_etal_2024_d18O-SIO_forNCEI(1).pdf,https://doi.org/10.1016/j.marchem.2024.104397
Glaubke_TT1811_2018,TT1811_54CTD,Southeast Indian Ocean,primary_indian_ocean,2018-11-28 15:56 UTC,-38.34,77.13,150.0,,13.639573391178597,35.175882140274766,,5.912856109906001,1504.9740539422407,,,direct_CTD_depth,2540.61,Glaubke_etal_2024_d18O-SIO_forNCEI(1).pdf,https://doi.org/10.1016/j.marchem.2024.104397
Glaubke_TT1811_2018,TT1811_54CTD,Southeast Indian Ocean,primary_indian_ocean,2018-11-28 15:56 UTC,-38.34,77.13,200.0,,13.291187142575428,35.16437882074542,,5.856982843620588,1504.63192831869,,,direct_CTD_depth,2540.61,Glaubke_etal_2024_d18O-SIO_forNCEI(1).pdf,https://doi.org/10.1016/j.marchem.2024.104397
Glaubke_TT1811_2018,TT1811_54CTD,Southeast Indian Ocean,primary_indian_ocean,2018-11-28 15:56 UTC,-38.34,77.13,300.0,,12.594414645369092,35.14137218168672,,5.74523631104976,1503.918069863099,,,direct_CTD_depth,2540.61,Glaubke_etal_2024_d18O-SIO_forNCEI(1).pdf,https://doi.org/10.1016/j.marchem.2024.104397
Glaubke_TT1811_2018,TT1811_54CTD,Southeast Indian Ocean,primary_indian_ocean,2018-11-28 15:56 UTC,-38.34,77.13,400.0,,12.014364543305433,35.12076844439982,,5.659305077629406,1503.566801814547,,,direct_CTD_depth,2540.61,Glaubke_etal_2024_d18O-SIO_forNCEI(1).pdf,https://doi.org/10.1016/j.marchem.2024.104397
Glaubke_TT1811_2018,TT1811_54CTD,Southeast Indian Ocean,primary_indian_ocean,2018-11-28 15:56 UTC,-38.34,77.13,500.0,,11.548405562299765,35.10251344024681,,5.598607188820636,1503.5867267570623,,,direct_CTD_depth,2540.61,Glaubke_etal_2024_d18O-SIO_forNCEI(1).pdf,https://doi.org/10.1016/j.marchem.2024.104397
Glaubke_TT1811_2018,TT1811_54CTD,Southeast Indian Ocean,primary_indian_ocean,2018-11-28 15:56 UTC,-38.34,77.13,750.0,,10.383508109785595,35.056875929864276,,5.446862466798712,1503.5640854853089,,,direct_CTD_depth,2540.61,Glaubke_etal_2024_d18O-SIO_forNCEI(1).pdf,https://doi.org/10.1016/j.marchem.2024.104397
Glaubke_TT1811_2018,TT1811_54CTD,Southeast Indian Ocean,primary_indian_ocean,2018-11-28 15:56 UTC,-38.34,77.13,1000.0,,9.218610657271425,35.01123841948174,,5.295117744776787,1503.4360557994112,,,direct_CTD_depth,2540.61,Glaubke_etal_2024_d18O-SIO_forNCEI(1).pdf,https://doi.org/10.1016/j.marchem.2024.104397
Glaubke_TT1811_2018,TT1811_54CTD,Southeast Indian Ocean,primary_indian_ocean,2018-11-28 15:56 UTC,-38.34,77.13,1250.0,,8.053713204757255,34.96560090909921,,5.143373022754863,1503.2005487393046,,,direct_CTD_depth,2540.61,Glaubke_etal_2024_d18O-SIO_forNCEI(1).pdf,https://doi.org/10.1016/j.marchem.2024.104397
Glaubke_TT1811_2018,TT1811_54CTD,Southeast Indian Ocean,primary_indian_ocean,2018-11-28 15:56 UTC,-38.34,77.13,1500.0,,6.888815752243084,34.919963398716675,,4.9916283007329385,1502.8557872025337,,,direct_CTD_depth,2540.61,Glaubke_etal_2024_d18O-SIO_forNCEI(1).pdf,https://doi.org/10.1016/j.marchem.2024.104397
Glaubke_TT1811_2018,TT1811_54CTD,Southeast Indian Ocean,primary_indian_ocean,2018-11-28 15:56 UTC,-38.34,77.13,2000.0,,4.559020847214743,34.82868837795161,,4.688138856689091,1501.8329515772264,,,direct_CTD_depth,2540.61,Glaubke_etal_2024_d18O-SIO_forNCEI(1).pdf,https://doi.org/10.1016/j.marchem.2024.104397
Glaubke_TT1811_2018,TT1811_54CTD,Southeast Indian Ocean,primary_indian_ocean,2018-11-28 15:56 UTC,-38.34,77.13,2500.0,,2.2292259421864014,34.73741335718653,,4.384649412645242,1500.3595692560327,,,direct_CTD_depth,2540.61,Glaubke_etal_2024_d18O-SIO_forNCEI(1).pdf,https://doi.org/10.1016/j.marchem.2024.104397
Glaubke_TT1811_2018,TT1811_68CTD,Southeast Indian Ocean,primary_indian_ocean,2018-12-02 00:40 UTC,-37.55,77.64,5.0,,17.063858712715856,35.358888540031394,,5.444452119309262,1513.535421804256,,,direct_CTD_depth,650.08,Glaubke_etal_2024_d18O-SIO_forNCEI(1).pdf,https://doi.org/10.1016/j.marchem.2024.104397
Glaubke_TT1811_2018,TT1811_68CTD,Southeast Indian Ocean,primary_indian_ocean,2018-12-02 00:40 UTC,-37.55,77.64,10.0,,16.792273155416012,35.35574882260597,,5.51352590266876,1512.799682995693,,,direct_CTD_depth,650.08,Glaubke_etal_2024_d18O-SIO_forNCEI(1).pdf,https://doi.org/10.1016/j.marchem.2024.104397
Glaubke_TT1811_2018,TT1811_68CTD,Southeast Indian Ocean,primary_indian_ocean,2018-12-02 00:40 UTC,-37.55,77.64,20.0,,16.249102040816325,35.3494693877551,,5.651673469387755,1511.3099691808297,,,direct_CTD_depth,650.08,Glaubke_etal_2024_d18O-SIO_forNCEI(1).pdf,https://doi.org/10.1016/j.marchem.2024.104397
Glaubke_TT1811_2018,TT1811_68CTD,Southeast Indian Ocean,primary_indian_ocean,2018-12-02 00:40 UTC,-37.55,77.64,30.0,,15.70593092621664,35.34318995290424,,5.78982103610675,1509.7957501643843,,,direct_CTD_depth,650.08,Glaubke_etal_2024_d18O-SIO_forNCEI(1).pdf,https://doi.org/10.1016/j.marchem.2024.104397
Glaubke_TT1811_2018,TT1811_68CTD,Southeast Indian Ocean,primary_indian_ocean,2018-12-02 00:40 UTC,-37.55,77.64,50.0,,15.279491474385516,35.33101441638123,,5.84034403583393,1508.7792620335993,,,direct_CTD_depth,650.08,Glaubke_etal_2024_d18O-SIO_forNCEI(1).pdf,https://doi.org/10.1016/j.marchem.2024.104397
Glaubke_TT1811_2018,TT1811_68CTD,Southeast Indian Ocean,primary_indian_ocean,2018-12-02 00:40 UTC,-37.55,77.64,75.0,,15.027298904656153,35.315958143561566,,5.807408439040915,1508.3766138062676,,,direct_CTD_depth,650.08,Glaubke_etal_2024_d18O-SIO_forNCEI(1).pdf,https://doi.org/10.1016/j.marchem.2024.104397
Glaubke_TT1811_2018,TT1811_68CTD,Southeast Indian Ocean,primary_indian_ocean,2018-12-02 00:40 UTC,-37.55,77.64,100.0,,14.77510633492679,35.3009018707419,,5.774472842247902,1507.9687088242558,,,direct_CTD_depth,650.08,Glaubke_etal_2024_d18O-SIO_forNCEI(1).pdf,https://doi.org/10.1016/j.marchem.2024.104397
Glaubke_TT1811_2018,TT1811_68CTD,Southeast Indian Ocean,primary_indian_ocean,2018-12-02 00:40 UTC,-37.55,77.64,150.0,,14.270721195468061,35.27078932510257,,5.708601648661874,1507.1370339954506,,,direct_CTD_depth,650.08,Glaubke_etal_2024_d18O-SIO_forNCEI(1).pdf,https://doi.org/10.1016/j.marchem.2024.104397
Glaubke_TT1811_2018,TT1811_68CTD,Southeast Indian Ocean,primary_indian_ocean,2018-12-02 00:40 UTC,-37.55,77.64,200.0,,13.766336056009335,35.24067677946324,,5.642730455075846,1506.2840490208541,,,direct_CTD_depth,650.08,Glaubke_etal_2024_d18O-SIO_forNCEI(1).pdf,https://doi.org/10.1016/j.marchem.2024.104397
Glaubke_TT1811_2018,TT1811_68CTD,Southeast Indian Ocean,primary_indian_ocean,2018-12-02 00:40 UTC,-37.55,77.64,300.0,,12.75756577709188,35.18045168818459,,5.51098806790379,1504.5133999301847,,,direct_CTD_depth,650.08,Glaubke_etal_2024_d18O-SIO_forNCEI(1).pdf,https://doi.org/10.1016/j.marchem.2024.104397
Glaubke_TT1811_2018,TT1811_68CTD,Southeast Indian Ocean,primary_indian_ocean,2018-12-02 00:40 UTC,-37.55,77.64,400.0,,12.139152091145908,35.08624194887356,,5.447494632582372,1503.950668305338,,,direct_CTD_depth,650.08,Glaubke_etal_2024_d18O-SIO_forNCEI(1).pdf,https://doi.org/10.1016/j.marchem.2024.104397
Glaubke_TT1811_2018,TT1811_68CTD,Southeast Indian Ocean,primary_indian_ocean,2018-12-02 00:40 UTC,-37.55,77.64,500.0,,11.523688203131709,34.99177539862022,,5.384516932413478,1503.365873705429,,,direct_CTD_depth,650.08,Glaubke_etal_2024_d18O-SIO_forNCEI(1).pdf,https://doi.org/10.1016/j.marchem.2024.104397
Glaubke_TT1811_2018,TT1811_69CTD,Southeast Indian Ocean,primary_indian_ocean,2018-12-03 07:17 UTC,-35.75,80.43,5.0,,17.580245444963108,35.28799227024042,,5.45891582592983,1514.983514426626,,,direct_CTD_depth,2471.8,Glaubke_etal_2024_d18O-SIO_forNCEI(1).pdf,https://doi.org/10.1016/j.marchem.2024.104397
Glaubke_TT1811_2018,TT1811_69CTD,Southeast Indian Ocean,primary_indian_ocean,2018-12-03 07:17 UTC,-35.75,80.43,10.0,,17.51825678863625,35.28380949990798,,5.456657129950309,1514.8775691555347,,,direct_CTD_depth,2471.8,Glaubke_etal_2024_d18O-SIO_forNCEI(1).pdf,https://doi.org/10.1016/j.marchem.2024.104397
Glaubke_TT1811_2018,TT1811_69CTD,Southeast Indian Ocean,primary_indian_ocean,2018-12-03 07:17 UTC,-35.75,80.43,20.0,,17.394279475982533,35.275443959243084,,5.452139737991266,1514.6647521739224,,,direct_CTD_depth,2471.8,Glaubke_etal_2024_d18O-SIO_forNCEI(1).pdf,https://doi.org/10.1016/j.marchem.2024.104397
Glaubke_TT1811_2018,TT1811_69CTD,Southeast Indian Ocean,primary_indian_ocean,2018-12-03 07:17 UTC,-35.75,80.43,30.0,,17.270302163328815,35.267078418578194,,5.447622346032224,1514.4506976177204,,,direct_CTD_depth,2471.8,Glaubke_etal_2024_d18O-SIO_forNCEI(1).pdf,https://doi.org/10.1016/j.marchem.2024.104397
Glaubke_TT1811_2018,TT1811_69CTD,Southeast Indian Ocean,primary_indian_ocean,2018-12-03 07:17 UTC,-35.75,80.43,50.0,,17.022347538021382,35.25034733724841,,5.438587562114139,1514.018864645418,,,direct_CTD_depth,2471.8,Glaubke_etal_2024_d18O-SIO_forNCEI(1).pdf,https://doi.org/10.1016/j.marchem.2024.104397
Glaubke_TT1811_2018,TT1811_69CTD,Southeast Indian Ocean,primary_indian_ocean,2018-12-03 07:17 UTC,-35.75,80.43,75.0,,16.71240425638709,35.22943348558617,,5.427294082216534,1513.4720625179966,,,direct_CTD_depth,2471.8,Glaubke_etal_2024_d18O-SIO_forNCEI(1).pdf,https://doi.org/10.1016/j.marchem.2024.104397
Glaubke_TT1811_2018,TT1811_69CTD,Southeast Indian Ocean,primary_indian_ocean,2018-12-03 07:17 UTC,-35.75,80.43,100.0,,16.4024609747528,35.20851963392394,,5.4160006023189275,1512.9174300001298,,,direct_CTD_depth,2471.8,Glaubke_etal_2024_d18O-SIO_forNCEI(1).pdf,https://doi.org/10.1016/j.marchem.2024.104397
Glaubke_TT1811_2018,TT1811_69CTD,Southeast Indian Ocean,primary_indian_ocean,2018-12-03 07:17 UTC,-35.75,80.43,150.0,,15.782574411484214,35.16669193059948,,5.393413642523717,1511.7845006705984,,,direct_CTD_depth,2471.8,Glaubke_etal_2024_d18O-SIO_forNCEI(1).pdf,https://doi.org/10.1016/j.marchem.2024.104397
Glaubke_TT1811_2018,TT1811_69CTD,Southeast Indian Ocean,primary_indian_ocean,2018-12-03 07:17 UTC,-35.75,80.43,200.0,,15.16268784821563,35.124864227275005,,5.370826682728505,1510.6197312416539,,,direct_CTD_depth,2471.8,Glaubke_etal_2024_d18O-SIO_forNCEI(1).pdf,https://doi.org/10.1016/j.marchem.2024.104397
Glaubke_TT1811_2018,TT1811_69CTD,Southeast Indian Ocean,primary_indian_ocean,2018-12-03 07:17 UTC,-35.75,80.43,300.0,,13.922914721678461,35.041208820626075,,5.3256527631380814,1508.1932970629036,,,direct_CTD_depth,2471.8,Glaubke_etal_2024_d18O-SIO_forNCEI(1).pdf,https://doi.org/10.1016/j.marchem.2024.104397
Glaubke_TT1811_2018,TT1811_69CTD,Southeast Indian Ocean,primary_indian_ocean,2018-12-03 07:17 UTC,-35.75,80.43,400.0,,12.683141595141294,34.957553413977145,,5.280478843547659,1505.6353906947427,,,direct_CTD_depth,2471.8,Glaubke_etal_2024_d18O-SIO_forNCEI(1).pdf,https://doi.org/10.1016/j.marchem.2024.104397
Glaubke_TT1811_2018,TT1811_69CTD,Southeast Indian Ocean,primary_indian_ocean,2018-12-03 07:17 UTC,-35.75,80.43,500.0,,11.443368468604126,34.873898007328215,,5.235304923957235,1502.9432966098125,,,direct_CTD_depth,2471.8,Glaubke_etal_2024_d18O-SIO_forNCEI(1).pdf,https://doi.org/10.1016/j.marchem.2024.104397
Glaubke_TT1811_2018,TT1811_69CTD,Southeast Indian Ocean,primary_indian_ocean,2018-12-03 07:17 UTC,-35.75,80.43,750.0,,8.500529748258284,34.650043626327154,,4.940077904155631,1496.1773438298637,,,direct_CTD_depth,2471.8,Glaubke_etal_2024_d18O-SIO_forNCEI(1).pdf,https://doi.org/10.1016/j.marchem.2024.104397
Glaubke_TT1811_2018,TT1811_69CTD,Southeast Indian Ocean,primary_indian_ocean,2018-12-03 07:17 UTC,-35.75,80.43,1000.0,,5.6625926502993735,34.41633115943642,,4.52273421327932,1489.0145608074367,,,direct_CTD_depth,2471.8,Glaubke_etal_2024_d18O-SIO_forNCEI(1).pdf,https://doi.org/10.1016/j.marchem.2024.104397
Glaubke_TT1811_2018,TT1811_69CTD,Southeast Indian Ocean,primary_indian_ocean,2018-12-03 07:17 UTC,-35.75,80.43,1250.0,,4.292878669168959,34.435738388936464,,4.2208720368784505,1487.6093744910393,,,direct_CTD_depth,2471.8,Glaubke_etal_2024_d18O-SIO_forNCEI(1).pdf,https://doi.org/10.1016/j.marchem.2024.104397
Glaubke_TT1811_2018,TT1811_69CTD,Southeast Indian Ocean,primary_indian_ocean,2018-12-03 07:17 UTC,-35.75,80.43,1500.0,,3.2861917169250954,34.51773099138166,,3.947563362061112,1487.671510266727,,,direct_CTD_depth,2471.8,Glaubke_etal_2024_d18O-SIO_forNCEI(1).pdf,https://doi.org/10.1016/j.marchem.2024.104397
Glaubke_TT1811_2018,TT1811_69CTD,Southeast Indian Ocean,primary_indian_ocean,2018-12-03 07:17 UTC,-35.75,80.43,2000.0,,2.4669670601435754,34.63736549844861,,4.060712838185961,1492.7457626554396,,,direct_CTD_depth,2471.8,Glaubke_etal_2024_d18O-SIO_forNCEI(1).pdf,https://doi.org/10.1016/j.marchem.2024.104397
Glaubke_TT1811_2018,TT1811_75CTD,Southeast Indian Ocean,primary_indian_ocean,2018-12-06 20:53 UTC,-32.71,85.08,5.0,,19.569752324082245,35.75168758906155,,5.05365746081292,1521.2089614478796,,,direct_CTD_depth,3500.6,Glaubke_etal_2024_d18O-SIO_forNCEI(1).pdf,https://doi.org/10.1016/j.marchem.2024.104397
Glaubke_TT1811_2018,TT1811_75CTD,Southeast Indian Ocean,primary_indian_ocean,2018-12-06 20:53 UTC,-32.71,85.08,10.0,,19.365165230372533,35.73472348510551,,5.061121666553572,1520.700699954194,,,direct_CTD_depth,3500.6,Glaubke_etal_2024_d18O-SIO_forNCEI(1).pdf,https://doi.org/10.1016/j.marchem.2024.104397
Glaubke_TT1811_2018,TT1811_75CTD,Southeast Indian Ocean,primary_indian_ocean,2018-12-06 20:53 UTC,-32.71,85.08,20.0,,18.955991042953112,35.70079527719346,,5.076050078034878,1519.6741197903102,,,direct_CTD_depth,3500.6,Glaubke_etal_2024_d18O-SIO_forNCEI(1).pdf,https://doi.org/10.1016/j.marchem.2024.104397
Glaubke_TT1811_2018,TT1811_75CTD,Southeast Indian Ocean,primary_indian_ocean,2018-12-06 20:53 UTC,-32.71,85.08,30.0,,18.54681685553369,35.6668670692814,,5.090978489516184,1518.634048680765,,,direct_CTD_depth,3500.6,Glaubke_etal_2024_d18O-SIO_forNCEI(1).pdf,https://doi.org/10.1016/j.marchem.2024.104397
Glaubke_TT1811_2018,TT1811_75CTD,Southeast Indian Ocean,primary_indian_ocean,2018-12-06 20:53 UTC,-32.71,85.08,50.0,,17.72846848069485,35.599010653457285,,5.120835312478794,1516.5130430467436,,,direct_CTD_depth,3500.6,Glaubke_etal_2024_d18O-SIO_forNCEI(1).pdf,https://doi.org/10.1016/j.marchem.2024.104397
Glaubke_TT1811_2018,TT1811_75CTD,Southeast Indian Ocean,primary_indian_ocean,2018-12-06 20:53 UTC,-32.71,85.08,75.0,,16.705533012146297,35.51419013367714,,5.158156341182059,1513.784160259932,,,direct_CTD_depth,3500.6,Glaubke_etal_2024_d18O-SIO_forNCEI(1).pdf,https://doi.org/10.1016/j.marchem.2024.104397
Glaubke_TT1811_2018,TT1811_75CTD,Southeast Indian Ocean,primary_indian_ocean,2018-12-06 20:53 UTC,-32.71,85.08,100.0,,15.682597543597748,35.429369613896995,,5.195477369885323,1510.967603034652,,,direct_CTD_depth,3500.6,Glaubke_etal_2024_d18O-SIO_forNCEI(1).pdf,https://doi.org/10.1016/j.marchem.2024.104397
Glaubke_TT1811_2018,TT1811_75CTD,Southeast Indian Ocean,primary_indian_ocean,2018-12-06 20:53 UTC,-32.71,85.08,150.0,,13.639325308441153,35.25990790560324,,5.269845841988038,1505.07408898134,,,direct_CTD_depth,3500.6,Glaubke_etal_2024_d18O-SIO_forNCEI(1).pdf,https://doi.org/10.1016/j.marchem.2024.104397
Glaubke_TT1811_2018,TT1811_75CTD,Southeast Indian Ocean,primary_indian_ocean,2018-12-06 20:53 UTC,-32.71,85.08,200.0,,13.217643084161265,35.202348907630316,,5.173497084511624,1504.4343508289696,,,direct_CTD_depth,3500.6,Glaubke_etal_2024_d18O-SIO_forNCEI(1).pdf,https://doi.org/10.1016/j.marchem.2024.104397
Glaubke_TT1811_2018,TT1811_75CTD,Southeast Indian Ocean,primary_indian_ocean,2018-12-06 20:53 UTC,-32.71,85.08,300.0,,12.374278635601492,35.08723091168447,,4.980799569558798,1503.1091649394552,,,direct_CTD_depth,3500.6,Glaubke_etal_2024_d18O-SIO_forNCEI(1).pdf,https://doi.org/10.1016/j.marchem.2024.104397
Glaubke_TT1811_2018,TT1811_75CTD,Southeast Indian Ocean,primary_indian_ocean,2018-12-06 20:53 UTC,-32.71,85.08,400.0,,11.530914187041718,34.97211291573863,,4.788102054605971,1501.722299317636,,,direct_CTD_depth,3500.6,Glaubke_etal_2024_d18O-SIO_forNCEI(1).pdf,https://doi.org/10.1016/j.marchem.2024.104397
Glaubke_TT1811_2018,TT1811_75CTD,Southeast Indian Ocean,primary_indian_ocean,2018-12-06 20:53 UTC,-32.71,85.08,500.0,,10.687549738481943,34.85699491979278,,4.595404539653145,1500.272886264019,,,direct_CTD_depth,3500.6,Glaubke_etal_2024_d18O-SIO_forNCEI(1).pdf,https://doi.org/10.1016/j.marchem.2024.104397
Glaubke_TT1811_2018,TT1811_75CTD,Southeast Indian Ocean,primary_indian_ocean,2018-12-06 20:53 UTC,-32.71,85.08,750.0,,8.308597763875948,34.593185478503926,,4.399928457340609,1495.385667831603,,,direct_CTD_depth,3500.6,Glaubke_etal_2024_d18O-SIO_forNCEI(1).pdf,https://doi.org/10.1016/j.marchem.2024.104397
Glaubke_TT1811_2018,TT1811_75CTD,Southeast Indian Ocean,primary_indian_ocean,2018-12-06 20:53 UTC,-32.71,85.08,1000.0,,5.4203714328854,34.39187679299411,,3.670685489959233,1488.0069259483303,,,direct_CTD_depth,3500.6,Glaubke_etal_2024_d18O-SIO_forNCEI(1).pdf,https://doi.org/10.1016/j.marchem.2024.104397
Glaubke_TT1811_2018,TT1811_75CTD,Southeast Indian Ocean,primary_indian_ocean,2018-12-06 20:53 UTC,-32.71,85.08,1250.0,,4.064474121320842,34.44915465196111,,4.15432175049277,1486.67559018262,,,direct_CTD_depth,3500.6,Glaubke_etal_2024_d18O-SIO_forNCEI(1).pdf,https://doi.org/10.1016/j.marchem.2024.104397
Glaubke_TT1811_2018,TT1811_75CTD,Southeast Indian Ocean,primary_indian_ocean,2018-12-06 20:53 UTC,-32.71,85.08,1500.0,,3.15091356056076,34.55988926538658,,5.029125196553939,1487.1504250083685,,,direct_CTD_depth,3500.6,Glaubke_etal_2024_d18O-SIO_forNCEI(1).pdf,https://doi.org/10.1016/j.marchem.2024.104397
Glaubke_TT1811_2018,TT1811_75CTD,Southeast Indian Ocean,primary_indian_ocean,2018-12-06 20:53 UTC,-32.71,85.08,2000.0,,2.450643871225755,34.699871225754855,,3.699770045990802,1492.7572303284192,,,direct_CTD_depth,3500.6,Glaubke_etal_2024_d18O-SIO_forNCEI(1).pdf,https://doi.org/10.1016/j.marchem.2024.104397
Glaubke_TT1811_2018,TT1811_75CTD,Southeast Indian Ocean,primary_indian_ocean,2018-12-06 20:53 UTC,-32.71,85.08,2500.0,,1.9492101216272892,34.73,,3.9904513590701205,1499.127787188702,,,direct_CTD_depth,3500.6,Glaubke_etal_2024_d18O-SIO_forNCEI(1).pdf,https://doi.org/10.1016/j.marchem.2024.104397
Glaubke_TT1811_2018,TT1811_75CTD,Southeast Indian Ocean,primary_indian_ocean,2018-12-06 20:53 UTC,-32.71,85.08,3000.0,,1.5998407249211608,34.73,,4.190067063191091,1506.189375649523,,,direct_CTD_depth,3500.6,Glaubke_etal_2024_d18O-SIO_forNCEI(1).pdf,https://doi.org/10.1016/j.marchem.2024.104397
Glaubke_TT1811_2018,TT1811_80CTD,Southeast Indian Ocean,primary_indian_ocean,2018-12-09 14:13 UTC,-32.26,85.94,5.0,,19.63758003145452,35.64512252042007,,5.039681903505657,1521.2760015925396,,,direct_CTD_depth,3800.6,Glaubke_etal_2024_d18O-SIO_forNCEI(1).pdf,https://doi.org/10.1016/j.marchem.2024.104397
Glaubke_TT1811_2018,TT1811_80CTD,Southeast Indian Ocean,primary_indian_ocean,2018-12-09 14:13 UTC,-32.26,85.94,10.0,,19.464326518187814,35.633453908984826,,5.038920907107706,1520.8621013903437,,,direct_CTD_depth,3800.6,Glaubke_etal_2024_d18O-SIO_forNCEI(1).pdf,https://doi.org/10.1016/j.marchem.2024.104397
Glaubke_TT1811_2018,TT1811_80CTD,Southeast Indian Ocean,primary_indian_ocean,2018-12-09 14:13 UTC,-32.26,85.94,20.0,,19.11781949165441,35.61011668611435,,5.037398914311805,1520.0271384066639,,,direct_CTD_depth,3800.6,Glaubke_etal_2024_d18O-SIO_forNCEI(1).pdf,https://doi.org/10.1016/j.marchem.2024.104397
Glaubke_TT1811_2018,TT1811_80CTD,Southeast Indian Ocean,primary_indian_ocean,2018-12-09 14:13 UTC,-32.26,85.94,30.0,,18.771312465121,35.58677946324387,,5.0358769215159045,1519.1825758705259,,,direct_CTD_depth,3800.6,Glaubke_etal_2024_d18O-SIO_forNCEI(1).pdf,https://doi.org/10.1016/j.marchem.2024.104397
Glaubke_TT1811_2018,TT1811_80CTD,Southeast Indian Ocean,primary_indian_ocean,2018-12-09 14:13 UTC,-32.26,85.94,50.0,,18.078298412054185,35.54010501750292,,5.0328329359241035,1517.4644148232244,,,direct_CTD_depth,3800.6,Glaubke_etal_2024_d18O-SIO_forNCEI(1).pdf,https://doi.org/10.1016/j.marchem.2024.104397
Glaubke_TT1811_2018,TT1811_80CTD,Southeast Indian Ocean,primary_indian_ocean,2018-12-09 14:13 UTC,-32.26,85.94,75.0,,17.212030845720665,35.48176196032672,,5.029027953934351,1515.261659325854,,,direct_CTD_depth,3800.6,Glaubke_etal_2024_d18O-SIO_forNCEI(1).pdf,https://doi.org/10.1016/j.marchem.2024.104397
Glaubke_TT1811_2018,TT1811_80CTD,Southeast Indian Ocean,primary_indian_ocean,2018-12-09 14:13 UTC,-32.26,85.94,100.0,,16.345763279387146,35.42341890315053,,5.0252229719446,1512.9968676014737,,,direct_CTD_depth,3800.6,Glaubke_etal_2024_d18O-SIO_forNCEI(1).pdf,https://doi.org/10.1016/j.marchem.2024.104397
Glaubke_TT1811_2018,TT1811_80CTD,Southeast Indian Ocean,primary_indian_ocean,2018-12-09 14:13 UTC,-32.26,85.94,150.0,,14.613228146720108,35.30673278879813,,5.017613007965095,1508.2774698416843,,,direct_CTD_depth,3800.6,Glaubke_etal_2024_d18O-SIO_forNCEI(1).pdf,https://doi.org/10.1016/j.marchem.2024.104397
Glaubke_TT1811_2018,TT1811_80CTD,Southeast Indian Ocean,primary_indian_ocean,2018-12-09 14:13 UTC,-32.26,85.94,200.0,,12.880693014053069,35.19004667444574,,5.010003043985591,1503.298812602966,,,direct_CTD_depth,3800.6,Glaubke_etal_2024_d18O-SIO_forNCEI(1).pdf,https://doi.org/10.1016/j.marchem.2024.104397
Glaubke_TT1811_2018,TT1811_80CTD,Southeast Indian Ocean,primary_indian_ocean,2018-12-09 14:13 UTC,-32.26,85.94,300.0,,11.994399363036194,35.057325747271335,,5.089604551637196,1501.779920813101,,,direct_CTD_depth,3800.6,Glaubke_etal_2024_d18O-SIO_forNCEI(1).pdf,https://doi.org/10.1016/j.marchem.2024.104397
Glaubke_TT1811_2018,TT1811_80CTD,Southeast Indian Ocean,primary_indian_ocean,2018-12-09 14:13 UTC,-32.26,85.94,400.0,,11.108621570513884,34.9246249543841,,5.169225027369539,1500.1937725704383,,,direct_CTD_depth,3800.6,Glaubke_etal_2024_d18O-SIO_forNCEI(1).pdf,https://doi.org/10.1016/j.marchem.2024.104397
Glaubke_TT1811_2018,TT1811_80CTD,Southeast Indian Ocean,primary_indian_ocean,2018-12-09 14:13 UTC,-32.26,85.94,500.0,,10.222843777991574,34.791924161496866,,5.248845503101881,1498.5376205730552,,,direct_CTD_depth,3800.6,Glaubke_etal_2024_d18O-SIO_forNCEI(1).pdf,https://doi.org/10.1016/j.marchem.2024.104397
Glaubke_TT1811_2018,TT1811_80CTD,Southeast Indian Ocean,primary_indian_ocean,2018-12-09 14:13 UTC,-32.26,85.94,750.0,,8.104490868366645,34.56874310820124,,4.686151791867678,1494.5849959809507,,,direct_CTD_depth,3800.6,Glaubke_etal_2024_d18O-SIO_forNCEI(1).pdf,https://doi.org/10.1016/j.marchem.2024.104397
Glaubke_TT1811_2018,TT1811_80CTD,Southeast Indian Ocean,primary_indian_ocean,2018-12-09 14:13 UTC,-32.26,85.94,1000.0,,5.174408552867562,34.370533856761384,,4.307527400263043,1486.9821866908044,,,direct_CTD_depth,3800.6,Glaubke_etal_2024_d18O-SIO_forNCEI(1).pdf,https://doi.org/10.1016/j.marchem.2024.104397
Glaubke_TT1811_2018,TT1811_80CTD,Southeast Indian Ocean,primary_indian_ocean,2018-12-09 14:13 UTC,-32.26,85.94,1250.0,,4.183017217328922,34.46518931090829,,3.869123191582639,1487.1907039819835,,,direct_CTD_depth,3800.6,Glaubke_etal_2024_d18O-SIO_forNCEI(1).pdf,https://doi.org/10.1016/j.marchem.2024.104397
Glaubke_TT1811_2018,TT1811_80CTD,Southeast Indian Ocean,primary_indian_ocean,2018-12-09 14:13 UTC,-32.26,85.94,1500.0,,3.1916258817902836,34.5598447650552,,3.430718982902236,1487.3239583125214,,,direct_CTD_depth,3800.6,Glaubke_etal_2024_d18O-SIO_forNCEI(1).pdf,https://doi.org/10.1016/j.marchem.2024.104397
Glaubke_TT1811_2018,TT1811_80CTD,Southeast Indian Ocean,primary_indian_ocean,2018-12-09 14:13 UTC,-32.26,85.94,2000.0,,2.4402551224587805,34.69995237714103,,3.6999081559148395,1492.712320401464,,,direct_CTD_depth,3800.6,Glaubke_etal_2024_d18O-SIO_forNCEI(1).pdf,https://doi.org/10.1016/j.marchem.2024.104397
Glaubke_TT1811_2018,TT1811_80CTD,Southeast Indian Ocean,primary_indian_ocean,2018-12-09 14:13 UTC,-32.26,85.94,2500.0,,1.890307932254904,34.729983203695184,,3.9998320369518705,1498.8696797763594,,,direct_CTD_depth,3800.6,Glaubke_etal_2024_d18O-SIO_forNCEI(1).pdf,https://doi.org/10.1016/j.marchem.2024.104397
Glaubke_TT1811_2018,TT1811_80CTD,Southeast Indian Ocean,primary_indian_ocean,2018-12-09 14:13 UTC,-32.26,85.94,3000.0,,1.5599103892467097,34.729994399327914,,4.170044805376645,1506.013328291602,,,direct_CTD_depth,3800.6,Glaubke_etal_2024_d18O-SIO_forNCEI(1).pdf,https://doi.org/10.1016/j.marchem.2024.104397
Glaubke_TT1811_2018,TT1811_91CTD,Southeast Indian Ocean,primary_indian_ocean,2018-12-12 18:59 UTC,-31.43,89.67,5.0,,19.90713803817133,35.85793963604083,,4.982434975588105,1522.2631797041138,,,direct_CTD_depth,2699.5,Glaubke_etal_2024_d18O-SIO_forNCEI(1).pdf,https://doi.org/10.1016/j.marchem.2024.104397
Glaubke_TT1811_2018,TT1811_91CTD,Southeast Indian Ocean,primary_indian_ocean,2018-12-12 18:59 UTC,-31.43,89.67,10.0,,19.7344793608522,35.85305725699068,,4.988205059920107,1521.8627005968106,,,direct_CTD_depth,2699.5,Glaubke_etal_2024_d18O-SIO_forNCEI(1).pdf,https://doi.org/10.1016/j.marchem.2024.104397
Glaubke_TT1811_2018,TT1811_91CTD,Southeast Indian Ocean,primary_indian_ocean,2018-12-12 18:59 UTC,-31.43,89.67,20.0,,19.389162006213937,35.84329249889037,,4.999745228584111,1521.0547351460377,,,direct_CTD_depth,2699.5,Glaubke_etal_2024_d18O-SIO_forNCEI(1).pdf,https://doi.org/10.1016/j.marchem.2024.104397
Glaubke_TT1811_2018,TT1811_91CTD,Southeast Indian Ocean,primary_indian_ocean,2018-12-12 18:59 UTC,-31.43,89.67,30.0,,19.04384465157568,35.83352774079006,,5.011285397248114,1520.2373777728885,,,direct_CTD_depth,2699.5,Glaubke_etal_2024_d18O-SIO_forNCEI(1).pdf,https://doi.org/10.1016/j.marchem.2024.104397
Glaubke_TT1811_2018,TT1811_91CTD,Southeast Indian Ocean,primary_indian_ocean,2018-12-12 18:59 UTC,-31.43,89.67,50.0,,18.353209942299156,35.81399822458943,,5.034365734576121,1518.5742523701547,,,direct_CTD_depth,2699.5,Glaubke_etal_2024_d18O-SIO_forNCEI(1).pdf,https://doi.org/10.1016/j.marchem.2024.104397
Glaubke_TT1811_2018,TT1811_91CTD,Southeast Indian Ocean,primary_indian_ocean,2018-12-12 18:59 UTC,-31.43,89.67,75.0,,17.489916555703505,35.78958632933866,,5.0632161562361295,1516.4414701610647,,,direct_CTD_depth,2699.5,Glaubke_etal_2024_d18O-SIO_forNCEI(1).pdf,https://doi.org/10.1016/j.marchem.2024.104397
Glaubke_TT1811_2018,TT1811_91CTD,Southeast Indian Ocean,primary_indian_ocean,2018-12-12 18:59 UTC,-31.43,89.67,100.0,,16.626623169107855,35.76517443408788,,5.092066577896139,1514.2479702800597,,,direct_CTD_depth,2699.5,Glaubke_etal_2024_d18O-SIO_forNCEI(1).pdf,https://doi.org/10.1016/j.marchem.2024.104397
Glaubke_TT1811_2018,TT1811_91CTD,Southeast Indian Ocean,primary_indian_ocean,2018-12-12 18:59 UTC,-31.43,89.67,150.0,,15.584894345238094,35.647440476190475,,5.122819940476191,1511.7389505151643,,,direct_CTD_depth,2699.5,Glaubke_etal_2024_d18O-SIO_forNCEI(1).pdf,https://doi.org/10.1016/j.marchem.2024.104397
Glaubke_TT1811_2018,TT1811_91CTD,Southeast Indian Ocean,primary_indian_ocean,2018-12-12 18:59 UTC,-31.43,89.67,200.0,,14.85200744047619,35.49863095238096,,5.141421130952381,1510.082505917914,,,direct_CTD_depth,2699.5,Glaubke_etal_2024_d18O-SIO_forNCEI(1).pdf,https://doi.org/10.1016/j.marchem.2024.104397
Glaubke_TT1811_2018,TT1811_91CTD,Southeast Indian Ocean,primary_indian_ocean,2018-12-12 18:59 UTC,-31.43,89.67,300.0,,13.572388324003198,35.27136124757226,,5.174297954986862,1507.3245768827285,,,direct_CTD_depth,2699.5,Glaubke_etal_2024_d18O-SIO_forNCEI(1).pdf,https://doi.org/10.1016/j.marchem.2024.104397
Glaubke_TT1811_2018,TT1811_91CTD,Southeast Indian Ocean,primary_indian_ocean,2018-12-12 18:59 UTC,-31.43,89.67,400.0,,12.47847766480064,35.11427224951445,,5.202859590997372,1505.1357247255073,,,direct_CTD_depth,2699.5,Glaubke_etal_2024_d18O-SIO_forNCEI(1).pdf,https://doi.org/10.1016/j.marchem.2024.104397
Glaubke_TT1811_2018,TT1811_91CTD,Southeast Indian Ocean,primary_indian_ocean,2018-12-12 18:59 UTC,-31.43,89.67,500.0,,11.384567005598079,34.95718325145664,,5.231421227007883,1502.8408924246628,,,direct_CTD_depth,2699.5,Glaubke_etal_2024_d18O-SIO_forNCEI(1).pdf,https://doi.org/10.1016/j.marchem.2024.104397
Glaubke_TT1811_2018,TT1811_91CTD,Southeast Indian Ocean,primary_indian_ocean,2018-12-12 18:59 UTC,-31.43,89.67,750.0,,9.249737459445969,34.66528974294984,,4.998063389069129,1498.9750972786367,,,direct_CTD_depth,2699.5,Glaubke_etal_2024_d18O-SIO_forNCEI(1).pdf,https://doi.org/10.1016/j.marchem.2024.104397
Glaubke_TT1811_2018,TT1811_91CTD,Southeast Indian Ocean,primary_indian_ocean,2018-12-12 18:59 UTC,-31.43,89.67,1000.0,,6.246533720813709,34.45999198316465,,4.369972943180679,1491.4001263574087,,,direct_CTD_depth,2699.5,Glaubke_etal_2024_d18O-SIO_forNCEI(1).pdf,https://doi.org/10.1016/j.marchem.2024.104397
Glaubke_TT1811_2018,TT1811_91CTD,Southeast Indian Ocean,primary_indian_ocean,2018-12-12 18:59 UTC,-31.43,89.67,1250.0,,4.318157051282052,34.44770733173077,,3.7840324519230766,1487.7298354810598,,,direct_CTD_depth,2699.5,Glaubke_etal_2024_d18O-SIO_forNCEI(1).pdf,https://doi.org/10.1016/j.marchem.2024.104397
Glaubke_TT1811_2018,TT1811_91CTD,Southeast Indian Ocean,primary_indian_ocean,2018-12-12 18:59 UTC,-31.43,89.67,1500.0,,3.318254010517207,34.56022898222725,,3.2609731744658186,1487.8633089517452,,,direct_CTD_depth,2699.5,Glaubke_etal_2024_d18O-SIO_forNCEI(1).pdf,https://doi.org/10.1016/j.marchem.2024.104397
Glaubke_TT1811_2018,TT1811_91CTD,Southeast Indian Ocean,primary_indian_ocean,2018-12-12 18:59 UTC,-31.43,89.67,2000.0,,2.459280620542975,34.685129488302266,,3.80057550356562,1492.775264432505,,,direct_CTD_depth,2699.5,Glaubke_etal_2024_d18O-SIO_forNCEI(1).pdf,https://doi.org/10.1016/j.marchem.2024.104397
Glaubke_TT1811_2018,TT1811_91CTD,Southeast Indian Ocean,primary_indian_ocean,2018-12-12 18:59 UTC,-31.43,89.67,2500.0,,1.8552923538230885,34.73,,4.114227886056971,1498.7161080769627,,,direct_CTD_depth,2699.5,Glaubke_etal_2024_d18O-SIO_forNCEI(1).pdf,https://doi.org/10.1016/j.marchem.2024.104397
NCEI_9800037_TTN050_sample,NCEI_TTN050_1-001,Arabian Sea,primary_indian_ocean_sampled,1995-08-18 14:20:42,22.3868,59.8834,5.0,,22.638837837837837,35.97016216216216,,3.6021199999999998,1529.6219032278836,,,pressure_as_depth_proxy,253.8,NCEI URL: t50merge.bot,https://www.ncei.noaa.gov/data/oceans/archive/arc0001/9800037/1.2/data/0-data/t50merge.bot
NCEI_9800037_TTN050_sample,NCEI_TTN050_1-001,Arabian Sea,primary_indian_ocean_sampled,1995-08-18 14:20:42,22.3868,59.8834,10.0,,22.638162162162164,35.970837837837834,,3.573453333333333,1529.7024450947436,,,pressure_as_depth_proxy,253.8,NCEI URL: t50merge.bot,https://www.ncei.noaa.gov/data/oceans/archive/arc0001/9800037/1.2/data/0-data/t50merge.bot
NCEI_9800037_TTN050_sample,NCEI_TTN050_1-001,Arabian Sea,primary_indian_ocean_sampled,1995-08-18 14:20:42,22.3868,59.8834,20.0,,22.54080198019802,35.971,,3.3454851485148516,1529.6175836017346,,,pressure_as_depth_proxy,253.8,NCEI URL: t50merge.bot,https://www.ncei.noaa.gov/data/oceans/archive/arc0001/9800037/1.2/data/0-data/t50merge.bot
NCEI_9800037_TTN050_sample,NCEI_TTN050_1-001,Arabian Sea,primary_indian_ocean_sampled,1995-08-18 14:20:42,22.3868,59.8834,30.0,,22.224796296296297,35.96542592592593,,2.957240740740741,1528.9643899562202,,,pressure_as_depth_proxy,253.8,NCEI URL: t50merge.bot,https://www.ncei.noaa.gov/data/oceans/archive/arc0001/9800037/1.2/data/0-data/t50merge.bot
NCEI_9800037_TTN050_sample,NCEI_TTN050_1-001,Arabian Sea,primary_indian_ocean_sampled,1995-08-18 14:20:42,22.3868,59.8834,50.0,,21.439722222222223,35.95011111111111,,1.979888888888889,1527.228662245944,,,pressure_as_depth_proxy,253.8,NCEI URL: t50merge.bot,https://www.ncei.noaa.gov/data/oceans/archive/arc0001/9800037/1.2/data/0-data/t50merge.bot
NCEI_9800037_TTN050_sample,NCEI_TTN050_1-001,Arabian Sea,primary_indian_ocean_sampled,1995-08-18 14:20:42,22.3868,59.8834,75.0,,20.534183606557377,35.943970491803285,,0.5474999999999999,1525.2131308020644,,,pressure_as_depth_proxy,253.8,NCEI URL: t50merge.bot,https://www.ncei.noaa.gov/data/oceans/archive/arc0001/9800037/1.2/data/0-data/t50merge.bot
NCEI_9800037_TTN050_sample,NCEI_TTN050_1-001,Arabian Sea,primary_indian_ocean_sampled,1995-08-18 14:20:42,22.3868,59.8834,100.0,,19.53582295081967,35.91692131147541,,0.1725000000000001,1522.8530729787624,,,pressure_as_depth_proxy,253.8,NCEI URL: t50merge.bot,https://www.ncei.noaa.gov/data/oceans/archive/arc0001/9800037/1.2/data/0-data/t50merge.bot
NCEI_9800037_TTN050_sample,NCEI_TTN050_1-001,Arabian Sea,primary_indian_ocean_sampled,1995-08-18 14:20:42,22.3868,59.8834,150.0,,17.59475167785235,35.89396644295302,,0.07396655518394649,1518.096143816562,,,pressure_as_depth_proxy,253.8,NCEI URL: t50merge.bot,https://www.ncei.noaa.gov/data/oceans/archive/arc0001/9800037/1.2/data/0-data/t50merge.bot
NCEI_9800037_TTN050_sample,NCEI_TTN050_1-001,Arabian Sea,primary_indian_ocean_sampled,1995-08-18 14:20:42,22.3868,59.8834,200.0,,16.51680198019802,35.92402475247525,,0.09245925925925925,1515.737129728956,,,pressure_as_depth_proxy,253.8,NCEI URL: t50merge.bot,https://www.ncei.noaa.gov/data/oceans/archive/arc0001/9800037/1.2/data/0-data/t50merge.bot
NCEI_9800037_TTN050_sample,NCEI_TTN050_2-001,Arabian Sea,primary_indian_ocean_sampled,1995-08-19 03:04:37,22.4882,61.1722,5.0,,25.1612,36.296,,4.3467,1536.16168415191,,,pressure_as_depth_proxy,2025.5,NCEI URL: t50merge.bot,https://www.ncei.noaa.gov/data/oceans/archive/arc0001/9800037/1.2/data/0-data/t50merge.bot
NCEI_9800037_TTN050_sample,NCEI_TTN050_2-001,Arabian Sea,primary_indian_ocean_sampled,1995-08-19 03:04:37,22.4882,61.1722,10.0,,25.155485714285714,36.296,,4.344557142857143,1536.2297126961976,,,pressure_as_depth_proxy,2025.5,NCEI URL: t50merge.bot,https://www.ncei.noaa.gov/data/oceans/archive/arc0001/9800037/1.2/data/0-data/t50merge.bot
NCEI_9800037_TTN050_sample,NCEI_TTN050_2-001,Arabian Sea,primary_indian_ocean_sampled,1995-08-19 03:04:37,22.4882,61.1722,20.0,,24.96211214953271,36.278925233644856,,4.2984672897196265,1535.9165937867422,,,pressure_as_depth_proxy,2025.5,NCEI URL: t50merge.bot,https://www.ncei.noaa.gov/data/oceans/archive/arc0001/9800037/1.2/data/0-data/t50merge.bot
NCEI_9800037_TTN050_sample,NCEI_TTN050_2-001,Arabian Sea,primary_indian_ocean_sampled,1995-08-19 03:04:37,22.4882,61.1722,30.0,,24.148204081632656,36.1884693877551,,4.130448979591836,1534.0254057616164,,,pressure_as_depth_proxy,2025.5,NCEI URL: t50merge.bot,https://www.ncei.noaa.gov/data/oceans/archive/arc0001/9800037/1.2/data/0-data/t50merge.bot
NCEI_9800037_TTN050_sample,NCEI_TTN050_2-001,Arabian Sea,primary_indian_ocean_sampled,1995-08-19 03:04:37,22.4882,61.1722,50.0,,23.262021276595746,36.4771170212766,,1.9158829787234044,1532.4856964400335,,,pressure_as_depth_proxy,2025.5,NCEI URL: t50merge.bot,https://www.ncei.noaa.gov/data/oceans/archive/arc0001/9800037/1.2/data/0-data/t50merge.bot
NCEI_9800037_TTN050_sample,NCEI_TTN050_2-001,Arabian Sea,primary_indian_ocean_sampled,1995-08-19 03:04:37,22.4882,61.1722,75.0,,22.19985804416404,36.36904416403786,,0.05495583596214511,1530.0834346249342,,,pressure_as_depth_proxy,2025.5,NCEI URL: t50merge.bot,https://www.ncei.noaa.gov/data/oceans/archive/arc0001/9800037/1.2/data/0-data/t50merge.bot
NCEI_9800037_TTN050_sample,NCEI_TTN050_2-001,Arabian Sea,primary_indian_ocean_sampled,1995-08-19 03:04:37,22.4882,61.1722,100.0,,21.714842271293374,36.35327129337539,,0.07072870662460568,1529.2173019426998,,,pressure_as_depth_proxy,2025.5,NCEI URL: t50merge.bot,https://www.ncei.noaa.gov/data/oceans/archive/arc0001/9800037/1.2/data/0-data/t50merge.bot
NCEI_9800037_TTN050_sample,NCEI_TTN050_2-001,Arabian Sea,primary_indian_ocean_sampled,1995-08-19 03:04:37,22.4882,61.1722,150.0,,20.83309619238477,36.34223647294589,,0.07186573146292585,1527.6916863897522,,,pressure_as_depth_proxy,2025.5,NCEI URL: t50merge.bot,https://www.ncei.noaa.gov/data/oceans/archive/arc0001/9800037/1.2/data/0-data/t50merge.bot
NCEI_9800037_TTN050_sample,NCEI_TTN050_2-001,Arabian Sea,primary_indian_ocean_sampled,1995-08-19 03:04:37,22.4882,61.1722,200.0,,19.715455445544556,36.371960396039604,,0.07234653465346534,1525.5041018988616,,,pressure_as_depth_proxy,2025.5,NCEI URL: t50merge.bot,https://www.ncei.noaa.gov/data/oceans/archive/arc0001/9800037/1.2/data/0-data/t50merge.bot
NCEI_9800037_TTN050_sample,NCEI_TTN050_2-001,Arabian Sea,primary_indian_ocean_sampled,1995-08-19 03:04:37,22.4882,61.1722,300.0,,17.144041916167666,36.4065249500998,,0.25575249500998,1519.8174465556092,,,pressure_as_depth_proxy,2025.5,NCEI URL: t50merge.bot,https://www.ncei.noaa.gov/data/oceans/archive/arc0001/9800037/1.2/data/0-data/t50merge.bot
NCEI_9800037_TTN050_sample,NCEI_TTN050_2-001,Arabian Sea,primary_indian_ocean_sampled,1995-08-19 03:04:37,22.4882,61.1722,400.0,,14.962328571428571,36.12636428571428,,0.05167142857142859,1514.455822404019,,,pressure_as_depth_proxy,2025.5,NCEI URL: t50merge.bot,https://www.ncei.noaa.gov/data/oceans/archive/arc0001/9800037/1.2/data/0-data/t50merge.bot
NCEI_9800037_TTN050_sample,NCEI_TTN050_2-001,Arabian Sea,primary_indian_ocean_sampled,1995-08-19 03:04:37,22.4882,61.1722,500.0,,13.786014734774067,35.95170432220039,,0.022957760314341838,1512.1245745446029,,,pressure_as_depth_proxy,2025.5,NCEI URL: t50merge.bot,https://www.ncei.noaa.gov/data/oceans/archive/arc0001/9800037/1.2/data/0-data/t50merge.bot
NCEI_9800037_TTN050_sample,NCEI_TTN050_2-001,Arabian Sea,primary_indian_ocean_sampled,1995-08-19 03:04:37,22.4882,61.1722,750.0,,11.427423379174853,35.64285952848723,,0.03396365422396856,1507.9531919291383,,,pressure_as_depth_proxy,2025.5,NCEI URL: t50merge.bot,https://www.ncei.noaa.gov/data/oceans/archive/arc0001/9800037/1.2/data/0-data/t50merge.bot
NCEI_9800037_TTN050_sample,NCEI_TTN050_2-001,Arabian Sea,primary_indian_ocean_sampled,1995-08-19 03:04:37,22.4882,61.1722,1000.0,,9.35184965380811,35.45970870425321,,0.0739515331355094,1504.482550968951,,,pressure_as_depth_proxy,2025.5,NCEI URL: t50merge.bot,https://www.ncei.noaa.gov/data/oceans/archive/arc0001/9800037/1.2/data/0-data/t50merge.bot
NCEI_9800037_TTN050_sample,NCEI_TTN050_2-001,Arabian Sea,primary_indian_ocean_sampled,1995-08-19 03:04:37,22.4882,61.1722,1250.0,,7.5869760942760935,35.270819191919195,,0.2140390572390574,1501.8103629006184,,,pressure_as_depth_proxy,2025.5,NCEI URL: t50merge.bot,https://www.ncei.noaa.gov/data/oceans/archive/arc0001/9800037/1.2/data/0-data/t50merge.bot
NCEI_9800037_TTN050_sample,NCEI_TTN050_2-001,Arabian Sea,primary_indian_ocean_sampled,1995-08-19 03:04:37,22.4882,61.1722,1500.0,,5.845393602693602,35.09152626262626,,0.6298639730639732,1498.9612661739452,,,pressure_as_depth_proxy,2025.5,NCEI URL: t50merge.bot,https://www.ncei.noaa.gov/data/oceans/archive/arc0001/9800037/1.2/data/0-data/t50merge.bot
NCEI_9800037_TTN050_sample,NCEI_TTN050_2-001,Arabian Sea,primary_indian_ocean_sampled,1995-08-19 03:04:37,22.4882,61.1722,2000.0,,3.3313556124080588,34.86254109370003,,1.7333415414134954,1496.7458691029021,,,pressure_as_depth_proxy,2025.5,NCEI URL: t50merge.bot,https://www.ncei.noaa.gov/data/oceans/archive/arc0001/9800037/1.2/data/0-data/t50merge.bot
NCEI_9800037_TTN050_sample,NCEI_TTN050_2-002,Arabian Sea,primary_indian_ocean_sampled,1995-08-19 08:55:55,22.4881,61.1698,5.0,,24.573674772036473,36.2016524822695,,4.314764944275582,1534.6605859810525,,,pressure_as_depth_proxy,3046.8,NCEI URL: t50merge.bot,https://www.ncei.noaa.gov/data/oceans/archive/arc0001/9800037/1.2/data/0-data/t50merge.bot
NCEI_9800037_TTN050_sample,NCEI_TTN050_2-002,Arabian Sea,primary_indian_ocean_sampled,1995-08-19 08:55:55,22.4881,61.1698,10.0,,24.416835866261398,36.20945390070922,,4.0964265450861195,1534.3730008210657,,,pressure_as_depth_proxy,3046.8,NCEI URL: t50merge.bot,https://www.ncei.noaa.gov/data/oceans/archive/arc0001/9800037/1.2/data/0-data/t50merge.bot
NCEI_9800037_TTN050_sample,NCEI_TTN050_2-002,Arabian Sea,primary_indian_ocean_sampled,1995-08-19 08:55:55,22.4881,61.1698,20.0,,24.103158054711244,36.22505673758865,,3.6597497467071936,1533.7926636348693,,,pressure_as_depth_proxy,3046.8,NCEI URL: t50merge.bot,https://www.ncei.noaa.gov/data/oceans/archive/arc0001/9800037/1.2/data/0-data/t50merge.bot
NCEI_9800037_TTN050_sample,NCEI_TTN050_2-002,Arabian Sea,primary_indian_ocean_sampled,1995-08-19 08:55:55,22.4881,61.1698,30.0,,23.789480243161094,36.24065957446808,,3.2230729483282676,1533.2054005772127,,,pressure_as_depth_proxy,3046.8,NCEI URL: t50merge.bot,https://www.ncei.noaa.gov/data/oceans/archive/arc0001/9800037/1.2/data/0-data/t50merge.bot
NCEI_9800037_TTN050_sample,NCEI_TTN050_2-002,Arabian Sea,primary_indian_ocean_sampled,1995-08-19 08:55:55,22.4881,61.1698,50.0,,23.16212462006079,36.27186524822695,,2.3497193515704153,1532.009920632515,,,pressure_as_depth_proxy,3046.8,NCEI URL: t50merge.bot,https://www.ncei.noaa.gov/data/oceans/archive/arc0001/9800037/1.2/data/0-data/t50merge.bot
NCEI_9800037_TTN050_sample,NCEI_TTN050_2-002,Arabian Sea,primary_indian_ocean_sampled,1995-08-19 08:55:55,22.4881,61.1698,75.0,,22.37793009118541,36.31087234042553,,1.2580273556231,1530.4758280573112,,,pressure_as_depth_proxy,3046.8,NCEI URL: t50merge.bot,https://www.ncei.noaa.gov/data/oceans/archive/arc0001/9800037/1.2/data/0-data/t50merge.bot
NCEI_9800037_TTN050_sample,NCEI_TTN050_2-002,Arabian Sea,primary_indian_ocean_sampled,1995-08-19 08:55:55,22.4881,61.1698,100.0,,21.59373556231003,36.349879432624114,,0.1663353596757844,1528.8969348219966,,,pressure_as_depth_proxy,3046.8,NCEI URL: t50merge.bot,https://www.ncei.noaa.gov/data/oceans/archive/arc0001/9800037/1.2/data/0-data/t50merge.bot
NCEI_9800037_TTN050_sample,NCEI_TTN050_2-002,Arabian Sea,primary_indian_ocean_sampled,1995-08-19 08:55:55,22.4881,61.1698,150.0,,20.284532934131736,36.357151696606785,,0.13105588822355288,1526.2288769231582,,,pressure_as_depth_proxy,3046.8,NCEI URL: t50merge.bot,https://www.ncei.noaa.gov/data/oceans/archive/arc0001/9800037/1.2/data/0-data/t50merge.bot
NCEI_9800037_TTN050_sample,NCEI_TTN050_2-002,Arabian Sea,primary_indian_ocean_sampled,1995-08-19 08:55:55,22.4881,61.1698,200.0,,18.98612974051896,36.36147638057219,,0.1852807717897538,1523.4566062733415,,,pressure_as_depth_proxy,3046.8,NCEI URL: t50merge.bot,https://www.ncei.noaa.gov/data/oceans/archive/arc0001/9800037/1.2/data/0-data/t50merge.bot
NCEI_9800037_TTN050_sample,NCEI_TTN050_2-002,Arabian Sea,primary_indian_ocean_sampled,1995-08-19 08:55:55,22.4881,61.1698,300.0,,16.92167671558905,36.29182943276477,,0.201319714399048,1519.0218129993345,,,pressure_as_depth_proxy,3046.8,NCEI URL: t50merge.bot,https://www.ncei.noaa.gov/data/oceans/archive/arc0001/9800037/1.2/data/0-data/t50merge.bot
NCEI_9800037_TTN050_sample,NCEI_TTN050_2-002,Arabian Sea,primary_indian_ocean_sampled,1995-08-19 08:55:55,22.4881,61.1698,400.0,,15.440915113050377,36.1363355811186,,0.11603609678698928,1515.966259548472,,,pressure_as_depth_proxy,3046.8,NCEI URL: t50merge.bot,https://www.ncei.noaa.gov/data/oceans/archive/arc0001/9800037/1.2/data/0-data/t50merge.bot
NCEI_9800037_TTN050_sample,NCEI_TTN050_2-002,Arabian Sea,primary_indian_ocean_sampled,1995-08-19 08:55:55,22.4881,61.1698,500.0,,13.9601535105117,35.98084172947243,,0.03075247917493057,1512.7248035300029,,,pressure_as_depth_proxy,3046.8,NCEI URL: t50merge.bot,https://www.ncei.noaa.gov/data/oceans/archive/arc0001/9800037/1.2/data/0-data/t50merge.bot
NCEI_9800037_TTN050_sample,NCEI_TTN050_2-002,Arabian Sea,primary_indian_ocean_sampled,1995-08-19 08:55:55,22.4881,61.1698,750.0,,11.367797458300238,35.6365194598888,,0.036753772835583794,1507.7386779315684,,,pressure_as_depth_proxy,3046.8,NCEI URL: t50merge.bot,https://www.ncei.noaa.gov/data/oceans/archive/arc0001/9800037/1.2/data/0-data/t50merge.bot
NCEI_9800037_TTN050_sample,NCEI_TTN050_2-002,Arabian Sea,primary_indian_ocean_sampled,1995-08-19 08:55:55,22.4881,61.1698,1000.0,,9.349768172888016,35.458441650294695,,0.0724444007858546,1504.4733648310264,,,pressure_as_depth_proxy,3046.8,NCEI URL: t50merge.bot,https://www.ncei.noaa.gov/data/oceans/archive/arc0001/9800037/1.2/data/0-data/t50merge.bot
NCEI_9800037_TTN050_sample,NCEI_TTN050_2-002,Arabian Sea,primary_indian_ocean_sampled,1995-08-19 08:55:55,22.4881,61.1698,1250.0,,7.502380933544304,35.261680379746835,,0.2226159018987342,1501.4750713870744,,,pressure_as_depth_proxy,3046.8,NCEI URL: t50merge.bot,https://www.ncei.noaa.gov/data/oceans/archive/arc0001/9800037/1.2/data/0-data/t50merge.bot
NCEI_9800037_TTN050_sample,NCEI_TTN050_2-002,Arabian Sea,primary_indian_ocean_sampled,1995-08-19 08:55:55,22.4881,61.1698,1500.0,,5.710188963874554,35.07932195315601,,0.6825875347360063,1498.4050081621515,,,pressure_as_depth_proxy,3046.8,NCEI URL: t50merge.bot,https://www.ncei.noaa.gov/data/oceans/archive/arc0001/9800037/1.2/data/0-data/t50merge.bot
NCEI_9800037_TTN050_sample,NCEI_TTN050_2-002,Arabian Sea,primary_indian_ocean_sampled,1995-08-19 08:55:55,22.4881,61.1698,2000.0,,3.34287573500588,34.86255782046256,,1.7285978047824384,1496.7947434961588,,,pressure_as_depth_proxy,3046.8,NCEI URL: t50merge.bot,https://www.ncei.noaa.gov/data/oceans/archive/arc0001/9800037/1.2/data/0-data/t50merge.bot
NCEI_9800037_TTN050_sample,NCEI_TTN050_2-002,Arabian Sea,primary_indian_ocean_sampled,1995-08-19 08:55:55,22.4881,61.1698,2500.0,,2.29935663507109,34.779444707740915,,2.3219853870458134,1500.7196881232048,,,pressure_as_depth_proxy,3046.8,NCEI URL: t50merge.bot,https://www.ncei.noaa.gov/data/oceans/archive/arc0001/9800037/1.2/data/0-data/t50merge.bot
NCEI_9800037_TTN050_sample,NCEI_TTN050_2-002,Arabian Sea,primary_indian_ocean_sampled,1995-08-19 08:55:55,22.4881,61.1698,3000.0,,1.8572088337853545,34.74660402944595,,2.5379403332041846,1507.3419945349324,,,pressure_as_depth_proxy,3046.8,NCEI URL: t50merge.bot,https://www.ncei.noaa.gov/data/oceans/archive/arc0001/9800037/1.2/data/0-data/t50merge.bot
PONE_S1_2016,PONE_S1_AD08,Arabian Sea / Indian EEZ,primary_indian_ocean,2016-10-30 10:05:01,11.786498333333334,68.61635166666667,0.5,,29.560510380622837,36.817085467128024,0.2927,4.3160806228373705,1546.3493691810106,,,direct_CTD_depth,702.718,pone.0223560.s004(1).pdf,uploaded PDF: pone.0223560.s004(1).pdf
PONE_S1_2016,PONE_S1_AD08,Arabian Sea / Indian EEZ,primary_indian_ocean,2016-10-30 10:05:01,11.786498333333334,68.61635166666667,1.0,,28.96634347826087,36.79221739130435,0.27652173913043476,4.362173913043478,1545.096887258019,,,direct_CTD_depth,702.718,pone.0223560.s004(1).pdf,uploaded PDF: pone.0223560.s004(1).pdf
PONE_S1_2016,PONE_S1_AD08,Arabian Sea / Indian EEZ,primary_indian_ocean,2016-10-30 10:05:01,11.786498333333334,68.61635166666667,2.0,,29.064766666666667,36.79591666666667,0.2988,4.332199999999999,1545.3231667834616,,,direct_CTD_depth,702.718,pone.0223560.s004(1).pdf,uploaded PDF: pone.0223560.s004(1).pdf
PONE_S1_2016,PONE_S1_AD08,Arabian Sea / Indian EEZ,primary_indian_ocean,2016-10-30 10:05:01,11.786498333333334,68.61635166666667,5.0,,28.79436600985222,36.79381527093596,0.2830541871921183,4.322296551724138,1544.8020867762266,,,direct_CTD_depth,702.718,pone.0223560.s004(1).pdf,uploaded PDF: pone.0223560.s004(1).pdf
PONE_S1_2016,PONE_S1_AD08,Arabian Sea / Indian EEZ,primary_indian_ocean,2016-10-30 10:05:01,11.786498333333334,68.61635166666667,10.0,,28.573401379310344,36.790359310344826,0.31823586206896554,4.3365082758620686,1544.4124628178504,,,direct_CTD_depth,702.718,pone.0223560.s004(1).pdf,uploaded PDF: pone.0223560.s004(1).pdf
PONE_S1_2016,PONE_S1_AD08,Arabian Sea / Indian EEZ,primary_indian_ocean,2016-10-30 10:05:01,11.786498333333334,68.61635166666667,20.0,,28.53117037037037,36.789544444444445,0.30128518518518516,4.341825925925925,1544.4849424265835,,,direct_CTD_depth,702.718,pone.0223560.s004(1).pdf,uploaded PDF: pone.0223560.s004(1).pdf
PONE_S1_2016,PONE_S1_AD08,Arabian Sea / Indian EEZ,primary_indian_ocean,2016-10-30 10:05:01,11.786498333333334,68.61635166666667,30.0,,28.508756,36.7863,0.28920266666666644,4.3326866666666675,1544.596960925399,,,direct_CTD_depth,702.718,pone.0223560.s004(1).pdf,uploaded PDF: pone.0223560.s004(1).pdf
PONE_S1_2016,PONE_S1_AD08,Arabian Sea / Indian EEZ,primary_indian_ocean,2016-10-30 10:05:01,11.786498333333334,68.61635166666667,50.0,,27.97741590296496,36.69642830188679,0.30212129380053904,4.312293530997304,1543.688962306117,,,direct_CTD_depth,702.718,pone.0223560.s004(1).pdf,uploaded PDF: pone.0223560.s004(1).pdf
PONE_S1_2016,PONE_S1_AD08,Arabian Sea / Indian EEZ,primary_indian_ocean,2016-10-30 10:05:01,11.786498333333334,68.61635166666667,75.0,,27.296978823529418,36.614662352941174,0.29478117647058755,3.5557960784313836,1542.5229415473539,,,direct_CTD_depth,702.718,pone.0223560.s004(1).pdf,uploaded PDF: pone.0223560.s004(1).pdf
PONE_S1_2016,PONE_S1_AD08,Arabian Sea / Indian EEZ,primary_indian_ocean,2016-10-30 10:05:01,11.786498333333334,68.61635166666667,100.0,,23.11417391304348,36.08913913043478,0.2887217391304346,0.7386826086956544,1532.5044958664084,,,direct_CTD_depth,702.718,pone.0223560.s004(1).pdf,uploaded PDF: pone.0223560.s004(1).pdf
PONE_S1_2016,PONE_S1_AD08,Arabian Sea / Indian EEZ,primary_indian_ocean,2016-10-30 10:05:01,11.786498333333334,68.61635166666667,150.0,,18.191200747663544,35.63717196261682,0.30764785046728943,0.020140186915888005,1519.536652866027,,,direct_CTD_depth,702.718,pone.0223560.s004(1).pdf,uploaded PDF: pone.0223560.s004(1).pdf
PONE_S1_2016,PONE_S1_AD08,Arabian Sea / Indian EEZ,primary_indian_ocean,2016-10-30 10:05:01,11.786498333333334,68.61635166666667,200.0,,15.215143661971833,35.50491830985916,0.30601690140845056,0.029743661971831065,1511.2345894387172,,,direct_CTD_depth,702.718,pone.0223560.s004(1).pdf,uploaded PDF: pone.0223560.s004(1).pdf
PONE_S1_2016,PONE_S1_AD08,Arabian Sea / Indian EEZ,primary_indian_ocean,2016-10-30 10:05:01,11.786498333333334,68.61635166666667,300.0,,12.591099823943662,35.33539172535212,0.2888015845070422,0.04331742957746461,1504.1418563471127,,,direct_CTD_depth,702.718,pone.0223560.s004(1).pdf,uploaded PDF: pone.0223560.s004(1).pdf
PONE_S1_2016,PONE_S1_AD08,Arabian Sea / Indian EEZ,primary_indian_ocean,2016-10-30 10:05:01,11.786498333333334,68.61635166666667,400.0,,11.842502846975089,35.3863103202847,0.2866,0.0928,1503.3016505544413,,,direct_CTD_depth,702.718,pone.0223560.s004(1).pdf,uploaded PDF: pone.0223560.s004(1).pdf
PONE_S1_2016,PONE_S1_AD08,Arabian Sea / Indian EEZ,primary_indian_ocean,2016-10-30 10:05:01,11.786498333333334,68.61635166666667,500.0,,11.261351239669422,35.395674104683195,0.27745840220385704,0.12358512396694166,1502.9488773016658,,,direct_CTD_depth,702.718,pone.0223560.s004(1).pdf,uploaded PDF: pone.0223560.s004(1).pdf
